seller_id;seller_name;city;join_date
SEL-00001;Toko Seller Sukses 0;Cimahi;27/11/2021
SEL-00002;Toko Seller Sukses 1;Makassar;19/02/2022
SEL-00003;Toko Seller Sukses 2;Cimahi;20/06/2021
SEL-00004;Toko Seller Sukses 3;Bandung;18/09/2021
SEL-00005;Toko Seller Sukses 4;Medan;09/06/2021
SEL-00006;Toko Seller Sukses 5;Jakarta Pusat;01/06/2022
SEL-00007;Toko Seller Sukses 6;Surabaya;02/11/2021
SEL-00008;Toko Seller Sukses 7;Sidoarjo;28/06/2021
SEL-00009;Toko Seller Sukses 8;Jakarta Selatan;08/07/2023
SEL-00010;Toko Seller Sukses 9;Medan;04/04/2023
SEL-00011;Toko Seller Sukses 10;Sidoarjo;13/10/2022
SEL-00012;Toko Seller Sukses 11;Yogyakarta;07/07/2022
SEL-00013;Toko Seller Sukses 12;Jakarta Selatan;26/09/2022
SEL-00014;Toko Seller Sukses 13;Makassar;21/06/2021
SEL-00015;Toko Seller Sukses 14;Jakarta Pusat;16/01/2022
SEL-00016;Toko Seller Sukses 15;Makassar;31/03/2023
SEL-00017;Toko Seller Sukses 16;Surabaya;16/11/2022
SEL-00018;Toko Seller Sukses 17;Jakarta Selatan;11/04/2023
SEL-00019;Toko Seller Sukses 18;Medan;03/09/2022
SEL-00020;Toko Seller Sukses 19;Sidoarjo;26/12/2022
SEL-00021;Toko Seller Sukses 20;Bandung;01/02/2022
SEL-00022;Toko Seller Sukses 21;Cimahi;25/01/2022
SEL-00023;Toko Seller Sukses 22;Medan;12/08/2022
SEL-00024;Toko Seller Sukses 23;Jakarta Selatan;29/11/2022
SEL-00025;Toko Seller Sukses 24;Yogyakarta;14/12/2021
SEL-00026;Toko Seller Sukses 25;Surabaya;18/12/2021
SEL-00027;Toko Seller Sukses 26;Jakarta Pusat;04/09/2021
SEL-00028;Toko Seller Sukses 27;Bandung;01/07/2022
SEL-00029;Toko Seller Sukses 28;Makassar;12/12/2021
SEL-00030;Toko Seller Sukses 29;Bandung;09/11/2021
SEL-00031;Toko Seller Sukses 30;Surabaya;19/12/2021
SEL-00032;Toko Seller Sukses 31;Yogyakarta;23/09/2022
SEL-00033;Toko Seller Sukses 32;Cimahi;09/09/2021
SEL-00034;Toko Seller Sukses 33;Jakarta Selatan;14/01/2022
SEL-00035;Toko Seller Sukses 34;Jakarta Selatan;16/02/2023
SEL-00036;Toko Seller Sukses 35;Surabaya;28/11/2022
SEL-00037;Toko Seller Sukses 36;Medan;14/02/2023
SEL-00038;Toko Seller Sukses 37;Bandung;13/08/2022
SEL-00039;Toko Seller Sukses 38;Makassar;10/10/2021
SEL-00040;Toko Seller Sukses 39;Jakarta Selatan;17/01/2023
SEL-00041;Toko Seller Sukses 40;Sidoarjo;03/12/2021
SEL-00042;Toko Seller Sukses 41;Jakarta Selatan;05/09/2021
SEL-00043;Toko Seller Sukses 42;Jakarta Selatan;29/07/2022
SEL-00044;Toko Seller Sukses 43;Medan;26/09/2022
SEL-00045;Toko Seller Sukses 44;Yogyakarta;05/09/2021
SEL-00046;Toko Seller Sukses 45;Medan;16/06/2022
SEL-00047;Toko Seller Sukses 46;Medan;10/10/2022
SEL-00048;Toko Seller Sukses 47;Jakarta Selatan;20/12/2022
SEL-00049;Toko Seller Sukses 48;Surabaya;22/01/2022
SEL-00050;Toko Seller Sukses 49;Sidoarjo;15/09/2022
SEL-00051;Toko Seller Sukses 50;Yogyakarta;04/02/2023
SEL-00052;Toko Seller Sukses 51;Surabaya;19/04/2022
SEL-00053;Toko Seller Sukses 52;Makassar;24/11/2021
SEL-00054;Toko Seller Sukses 53;Surabaya;18/01/2023
SEL-00055;Toko Seller Sukses 54;Bandung;02/05/2023
SEL-00056;Toko Seller Sukses 55;Makassar;01/08/2021
SEL-00057;Toko Seller Sukses 56;Yogyakarta;05/04/2023
SEL-00058;Toko Seller Sukses 57;Sidoarjo;26/12/2022
SEL-00059;Toko Seller Sukses 58;Surabaya;02/06/2021
SEL-00060;Toko Seller Sukses 59;Makassar;13/10/2021
SEL-00061;Toko Seller Sukses 60;Cimahi;04/05/2021
SEL-00062;Toko Seller Sukses 61;Bandung;31/12/2022
SEL-00063;Toko Seller Sukses 62;Cimahi;26/03/2022
SEL-00064;Toko Seller Sukses 63;Bandung;31/10/2022
SEL-00065;Toko Seller Sukses 64;Sidoarjo;09/06/2022
SEL-00066;Toko Seller Sukses 65;Bandung;29/09/2021
SEL-00067;Toko Seller Sukses 66;Yogyakarta;29/11/2022
SEL-00068;Toko Seller Sukses 67;Sidoarjo;07/08/2021
SEL-00069;Toko Seller Sukses 68;Cimahi;29/03/2022
SEL-00070;Toko Seller Sukses 69;Jakarta Pusat;13/05/2022
SEL-00071;Toko Seller Sukses 70;Surabaya;17/06/2023
SEL-00072;Toko Seller Sukses 71;Sidoarjo;23/04/2023
SEL-00073;Toko Seller Sukses 72;Sidoarjo;15/12/2021
SEL-00074;Toko Seller Sukses 73;Surabaya;15/01/2022
SEL-00075;Toko Seller Sukses 74;Medan;07/02/2023
SEL-00076;Toko Seller Sukses 75;Surabaya;18/10/2021
SEL-00077;Toko Seller Sukses 76;Jakarta Pusat;25/06/2023
SEL-00078;Toko Seller Sukses 77;Bandung;11/05/2022
SEL-00079;Toko Seller Sukses 78;Makassar;21/02/2023
SEL-00080;Toko Seller Sukses 79;Yogyakarta;16/05/2023
SEL-00081;Toko Seller Sukses 80;Bandung;02/07/2022
SEL-00082;Toko Seller Sukses 81;Jakarta Pusat;27/03/2022
SEL-00083;Toko Seller Sukses 82;Makassar;25/03/2023
SEL-00084;Toko Seller Sukses 83;Jakarta Pusat;24/05/2023
SEL-00085;Toko Seller Sukses 84;Makassar;22/04/2023
SEL-00086;Toko Seller Sukses 85;Jakarta Selatan;17/01/2022
SEL-00087;Toko Seller Sukses 86;Jakarta Pusat;24/04/2022
SEL-00088;Toko Seller Sukses 87;Medan;19/09/2022
SEL-00089;Toko Seller Sukses 88;Makassar;20/09/2022
SEL-00090;Toko Seller Sukses 89;Surabaya;08/06/2022
SEL-00091;Toko Seller Sukses 90;Jakarta Selatan;13/06/2021
SEL-00092;Toko Seller Sukses 91;Surabaya;06/05/2021
SEL-00093;Toko Seller Sukses 92;Makassar;08/08/2022
SEL-00094;Toko Seller Sukses 93;Surabaya;02/06/2021
SEL-00095;Toko Seller Sukses 94;Medan;27/12/2021
SEL-00096;Toko Seller Sukses 95;Bandung;05/08/2021
SEL-00097;Toko Seller Sukses 96;Medan;21/08/2022
SEL-00098;Toko Seller Sukses 97;Cimahi;17/03/2022
SEL-00099;Toko Seller Sukses 98;Yogyakarta;04/12/2021
SEL-00100;Toko Seller Sukses 99;Sidoarjo;27/12/2021
SEL-00101;Toko Seller Sukses 100;Sidoarjo;28/11/2021
SEL-00102;Toko Seller Sukses 101;Cimahi;29/08/2022
SEL-00103;Toko Seller Sukses 102;Makassar;24/06/2023
SEL-00104;Toko Seller Sukses 103;Surabaya;13/12/2022
SEL-00105;Toko Seller Sukses 104;Medan;21/09/2021
SEL-00106;Toko Seller Sukses 105;Surabaya;13/08/2021
SEL-00107;Toko Seller Sukses 106;Sidoarjo;09/05/2022
SEL-00108;Toko Seller Sukses 107;Bandung;18/12/2022
SEL-00109;Toko Seller Sukses 108;Cimahi;21/08/2021
SEL-00110;Toko Seller Sukses 109;Surabaya;09/08/2022
SEL-00111;Toko Seller Sukses 110;Jakarta Selatan;06/12/2021
SEL-00112;Toko Seller Sukses 111;Yogyakarta;15/06/2022
SEL-00113;Toko Seller Sukses 112;Sidoarjo;13/02/2022
SEL-00114;Toko Seller Sukses 113;Makassar;02/05/2021
SEL-00115;Toko Seller Sukses 114;Medan;17/07/2022
SEL-00116;Toko Seller Sukses 115;Jakarta Selatan;26/04/2023
SEL-00117;Toko Seller Sukses 116;Surabaya;23/05/2021
SEL-00118;Toko Seller Sukses 117;Surabaya;26/09/2021
SEL-00119;Toko Seller Sukses 118;Surabaya;24/12/2022
SEL-00120;Toko Seller Sukses 119;Sidoarjo;18/05/2021
SEL-00121;Toko Seller Sukses 120;Cimahi;25/11/2022
SEL-00122;Toko Seller Sukses 121;Yogyakarta;14/04/2023
SEL-00123;Toko Seller Sukses 122;Jakarta Selatan;22/07/2022
SEL-00124;Toko Seller Sukses 123;Jakarta Pusat;29/08/2021
SEL-00125;Toko Seller Sukses 124;Jakarta Selatan;08/11/2022
SEL-00126;Toko Seller Sukses 125;Sidoarjo;07/07/2022
SEL-00127;Toko Seller Sukses 126;Bandung;16/03/2022
SEL-00128;Toko Seller Sukses 127;Cimahi;06/04/2023
SEL-00129;Toko Seller Sukses 128;Medan;09/11/2021
SEL-00130;Toko Seller Sukses 129;Jakarta Selatan;23/11/2022
SEL-00131;Toko Seller Sukses 130;Yogyakarta;25/07/2022
SEL-00132;Toko Seller Sukses 131;Surabaya;17/09/2021
SEL-00133;Toko Seller Sukses 132;Makassar;01/12/2021
SEL-00134;Toko Seller Sukses 133;Cimahi;20/07/2022
SEL-00135;Toko Seller Sukses 134;Jakarta Selatan;29/08/2022
SEL-00136;Toko Seller Sukses 135;Yogyakarta;14/04/2023
SEL-00137;Toko Seller Sukses 136;Bandung;28/03/2022
SEL-00138;Toko Seller Sukses 137;Jakarta Pusat;18/11/2021
SEL-00139;Toko Seller Sukses 138;Bandung;29/09/2021
SEL-00140;Toko Seller Sukses 139;Yogyakarta;20/05/2021
SEL-00141;Toko Seller Sukses 140;Yogyakarta;16/03/2023
SEL-00142;Toko Seller Sukses 141;Yogyakarta;18/10/2021
SEL-00143;Toko Seller Sukses 142;Surabaya;13/01/2022
SEL-00144;Toko Seller Sukses 143;Yogyakarta;21/12/2022
SEL-00145;Toko Seller Sukses 144;Jakarta Selatan;25/03/2022
SEL-00146;Toko Seller Sukses 145;Jakarta Selatan;29/08/2021
SEL-00147;Toko Seller Sukses 146;Bandung;30/09/2021
SEL-00148;Toko Seller Sukses 147;Jakarta Selatan;28/06/2023
SEL-00149;Toko Seller Sukses 148;Yogyakarta;12/12/2021
SEL-00150;Toko Seller Sukses 149;Cimahi;07/07/2022
SEL-00151;Toko Seller Sukses 150;Makassar;20/02/2022
SEL-00152;Toko Seller Sukses 151;Makassar;11/06/2022
SEL-00153;Toko Seller Sukses 152;Cimahi;25/09/2021
SEL-00154;Toko Seller Sukses 153;Cimahi;31/05/2023
SEL-00155;Toko Seller Sukses 154;Surabaya;12/04/2022
SEL-00156;Toko Seller Sukses 155;Medan;05/04/2022
SEL-00157;Toko Seller Sukses 156;Jakarta Selatan;08/12/2021
SEL-00158;Toko Seller Sukses 157;Jakarta Selatan;10/07/2021
SEL-00159;Toko Seller Sukses 158;Surabaya;26/02/2022
SEL-00160;Toko Seller Sukses 159;Bandung;05/09/2022
SEL-00161;Toko Seller Sukses 160;Jakarta Selatan;23/01/2023
SEL-00162;Toko Seller Sukses 161;Bandung;04/08/2021
SEL-00163;Toko Seller Sukses 162;Makassar;06/05/2022
SEL-00164;Toko Seller Sukses 163;Makassar;08/07/2023
SEL-00165;Toko Seller Sukses 164;Sidoarjo;03/01/2023
SEL-00166;Toko Seller Sukses 165;Jakarta Selatan;19/11/2022
SEL-00167;Toko Seller Sukses 166;Surabaya;08/05/2021
SEL-00168;Toko Seller Sukses 167;Yogyakarta;30/12/2022
SEL-00169;Toko Seller Sukses 168;Jakarta Pusat;31/01/2022
SEL-00170;Toko Seller Sukses 169;Cimahi;29/03/2022
SEL-00171;Toko Seller Sukses 170;Sidoarjo;11/08/2021
SEL-00172;Toko Seller Sukses 171;Jakarta Selatan;17/06/2021
SEL-00173;Toko Seller Sukses 172;Jakarta Selatan;23/01/2022
SEL-00174;Toko Seller Sukses 173;Sidoarjo;13/06/2021
SEL-00175;Toko Seller Sukses 174;Medan;09/12/2021
SEL-00176;Toko Seller Sukses 175;Jakarta Pusat;10/09/2022
SEL-00177;Toko Seller Sukses 176;Jakarta Selatan;06/08/2021
SEL-00178;Toko Seller Sukses 177;Jakarta Selatan;11/06/2021
SEL-00179;Toko Seller Sukses 178;Medan;21/10/2021
SEL-00180;Toko Seller Sukses 179;Cimahi;06/08/2021
SEL-00181;Toko Seller Sukses 180;Bandung;10/05/2022
SEL-00182;Toko Seller Sukses 181;Cimahi;03/05/2021
SEL-00183;Toko Seller Sukses 182;Surabaya;14/11/2021
SEL-00184;Toko Seller Sukses 183;Medan;05/10/2022
SEL-00185;Toko Seller Sukses 184;Jakarta Selatan;22/05/2021
SEL-00186;Toko Seller Sukses 185;Jakarta Pusat;24/10/2022
SEL-00187;Toko Seller Sukses 186;Cimahi;17/08/2021
SEL-00188;Toko Seller Sukses 187;Bandung;24/08/2022
SEL-00189;Toko Seller Sukses 188;Surabaya;19/06/2022
SEL-00190;Toko Seller Sukses 189;Sidoarjo;08/02/2022
SEL-00191;Toko Seller Sukses 190;Surabaya;29/12/2022
SEL-00192;Toko Seller Sukses 191;Jakarta Pusat;12/01/2023
SEL-00193;Toko Seller Sukses 192;Yogyakarta;14/11/2022
SEL-00194;Toko Seller Sukses 193;Makassar;09/06/2022
SEL-00195;Toko Seller Sukses 194;Makassar;05/11/2022
SEL-00196;Toko Seller Sukses 195;Bandung;17/03/2022
SEL-00197;Toko Seller Sukses 196;Makassar;29/06/2023
SEL-00198;Toko Seller Sukses 197;Medan;26/11/2022
SEL-00199;Toko Seller Sukses 198;Makassar;21/10/2022
SEL-00200;Toko Seller Sukses 199;Jakarta Pusat;11/01/2023
SEL-00201;Toko Seller Sukses 200;Bandung;21/08/2022
SEL-00202;Toko Seller Sukses 201;Jakarta Selatan;24/10/2022
SEL-00203;Toko Seller Sukses 202;Yogyakarta;15/08/2021
SEL-00204;Toko Seller Sukses 203;Surabaya;10/03/2022
SEL-00205;Toko Seller Sukses 204;Makassar;18/09/2022
SEL-00206;Toko Seller Sukses 205;Bandung;12/07/2021
SEL-00207;Toko Seller Sukses 206;Jakarta Pusat;22/04/2023
SEL-00208;Toko Seller Sukses 207;Yogyakarta;11/06/2023
SEL-00209;Toko Seller Sukses 208;Surabaya;14/11/2021
SEL-00210;Toko Seller Sukses 209;Makassar;26/08/2022
SEL-00211;Toko Seller Sukses 210;Jakarta Selatan;28/03/2022
SEL-00212;Toko Seller Sukses 211;Makassar;25/09/2021
SEL-00213;Toko Seller Sukses 212;Jakarta Selatan;29/11/2021
SEL-00214;Toko Seller Sukses 213;Jakarta Selatan;20/02/2023
SEL-00215;Toko Seller Sukses 214;Bandung;17/02/2023
SEL-00216;Toko Seller Sukses 215;Yogyakarta;10/02/2023
SEL-00217;Toko Seller Sukses 216;Medan;08/05/2023
SEL-00218;Toko Seller Sukses 217;Jakarta Selatan;18/09/2021
SEL-00219;Toko Seller Sukses 218;Cimahi;23/12/2021
SEL-00220;Toko Seller Sukses 219;Makassar;11/10/2021
SEL-00221;Toko Seller Sukses 220;Yogyakarta;24/11/2022
SEL-00222;Toko Seller Sukses 221;Sidoarjo;03/11/2022
SEL-00223;Toko Seller Sukses 222;Jakarta Selatan;13/12/2021
SEL-00224;Toko Seller Sukses 223;Yogyakarta;20/05/2021
SEL-00225;Toko Seller Sukses 224;Yogyakarta;24/07/2021
SEL-00226;Toko Seller Sukses 225;Surabaya;06/04/2023
SEL-00227;Toko Seller Sukses 226;Jakarta Pusat;27/04/2022
SEL-00228;Toko Seller Sukses 227;Sidoarjo;30/06/2021
SEL-00229;Toko Seller Sukses 228;Medan;15/08/2021
SEL-00230;Toko Seller Sukses 229;Jakarta Pusat;20/09/2021
SEL-00231;Toko Seller Sukses 230;Yogyakarta;01/07/2021
SEL-00232;Toko Seller Sukses 231;Bandung;06/09/2022
SEL-00233;Toko Seller Sukses 232;Makassar;15/07/2021
SEL-00234;Toko Seller Sukses 233;Yogyakarta;18/09/2022
SEL-00235;Toko Seller Sukses 234;Bandung;18/04/2023
SEL-00236;Toko Seller Sukses 235;Surabaya;17/02/2023
SEL-00237;Toko Seller Sukses 236;Jakarta Selatan;11/08/2021
SEL-00238;Toko Seller Sukses 237;Surabaya;28/02/2023
SEL-00239;Toko Seller Sukses 238;Sidoarjo;16/06/2022
SEL-00240;Toko Seller Sukses 239;Jakarta Selatan;27/09/2022
SEL-00241;Toko Seller Sukses 240;Surabaya;03/04/2022
SEL-00242;Toko Seller Sukses 241;Medan;01/09/2022
SEL-00243;Toko Seller Sukses 242;Cimahi;24/11/2021
SEL-00244;Toko Seller Sukses 243;Cimahi;04/06/2021
SEL-00245;Toko Seller Sukses 244;Jakarta Pusat;18/03/2022
SEL-00246;Toko Seller Sukses 245;Surabaya;13/09/2021
SEL-00247;Toko Seller Sukses 246;Bandung;29/07/2022
SEL-00248;Toko Seller Sukses 247;Jakarta Pusat;04/12/2021
SEL-00249;Toko Seller Sukses 248;Cimahi;11/03/2022
SEL-00250;Toko Seller Sukses 249;Makassar;21/09/2022
SEL-00251;Toko Seller Sukses 250;Surabaya;16/03/2023
SEL-00252;Toko Seller Sukses 251;Sidoarjo;29/04/2023
SEL-00253;Toko Seller Sukses 252;Bandung;14/06/2022
SEL-00254;Toko Seller Sukses 253;Surabaya;23/07/2021
SEL-00255;Toko Seller Sukses 254;Yogyakarta;09/08/2021
SEL-00256;Toko Seller Sukses 255;Surabaya;11/06/2022
SEL-00257;Toko Seller Sukses 256;Surabaya;24/06/2021
SEL-00258;Toko Seller Sukses 257;Cimahi;28/03/2022
SEL-00259;Toko Seller Sukses 258;Cimahi;02/08/2021
SEL-00260;Toko Seller Sukses 259;Surabaya;22/05/2023
SEL-00261;Toko Seller Sukses 260;Makassar;30/07/2022
SEL-00262;Toko Seller Sukses 261;Cimahi;08/02/2022
SEL-00263;Toko Seller Sukses 262;Cimahi;07/03/2023
SEL-00264;Toko Seller Sukses 263;Jakarta Selatan;15/02/2023
SEL-00265;Toko Seller Sukses 264;Surabaya;25/06/2023
SEL-00266;Toko Seller Sukses 265;Medan;04/02/2022
SEL-00267;Toko Seller Sukses 266;Makassar;28/08/2021
SEL-00268;Toko Seller Sukses 267;Bandung;22/04/2022
SEL-00269;Toko Seller Sukses 268;Jakarta Pusat;01/10/2021
SEL-00270;Toko Seller Sukses 269;Makassar;08/04/2022
SEL-00271;Toko Seller Sukses 270;Makassar;03/02/2023
SEL-00272;Toko Seller Sukses 271;Bandung;06/12/2022
SEL-00273;Toko Seller Sukses 272;Jakarta Pusat;22/11/2021
SEL-00274;Toko Seller Sukses 273;Bandung;16/09/2021
SEL-00275;Toko Seller Sukses 274;Jakarta Pusat;23/05/2021
SEL-00276;Toko Seller Sukses 275;Medan;08/07/2023
SEL-00277;Toko Seller Sukses 276;Yogyakarta;27/07/2022
SEL-00278;Toko Seller Sukses 277;Sidoarjo;29/12/2022
SEL-00279;Toko Seller Sukses 278;Makassar;04/12/2022
SEL-00280;Toko Seller Sukses 279;Makassar;19/12/2021
SEL-00281;Toko Seller Sukses 280;Sidoarjo;10/02/2023
SEL-00282;Toko Seller Sukses 281;Surabaya;12/03/2023
SEL-00283;Toko Seller Sukses 282;Jakarta Selatan;29/05/2023
SEL-00284;Toko Seller Sukses 283;Jakarta Pusat;18/02/2023
SEL-00285;Toko Seller Sukses 284;Sidoarjo;06/05/2022
SEL-00286;Toko Seller Sukses 285;Cimahi;08/09/2022
SEL-00287;Toko Seller Sukses 286;Medan;01/05/2022
SEL-00288;Toko Seller Sukses 287;Jakarta Pusat;17/06/2023
SEL-00289;Toko Seller Sukses 288;Bandung;28/07/2021
SEL-00290;Toko Seller Sukses 289;Cimahi;15/07/2021
SEL-00291;Toko Seller Sukses 290;Surabaya;19/11/2022
SEL-00292;Toko Seller Sukses 291;Bandung;19/05/2023
SEL-00293;Toko Seller Sukses 292;Sidoarjo;07/08/2022
SEL-00294;Toko Seller Sukses 293;Bandung;17/05/2022
SEL-00295;Toko Seller Sukses 294;Jakarta Selatan;17/06/2021
SEL-00296;Toko Seller Sukses 295;Jakarta Pusat;24/06/2023
SEL-00297;Toko Seller Sukses 296;Cimahi;01/11/2022
SEL-00298;Toko Seller Sukses 297;Surabaya;11/01/2023
SEL-00299;Toko Seller Sukses 298;Yogyakarta;06/06/2021
SEL-00300;Toko Seller Sukses 299;Bandung;29/09/2021
SEL-00301;Toko Seller Sukses 300;Jakarta Selatan;18/04/2022
SEL-00302;Toko Seller Sukses 301;Jakarta Pusat;12/03/2022
SEL-00303;Toko Seller Sukses 302;Cimahi;23/06/2023
SEL-00304;Toko Seller Sukses 303;Yogyakarta;09/03/2023
SEL-00305;Toko Seller Sukses 304;Medan;06/08/2022
SEL-00306;Toko Seller Sukses 305;Jakarta Selatan;08/03/2023
SEL-00307;Toko Seller Sukses 306;Sidoarjo;21/04/2023
SEL-00308;Toko Seller Sukses 307;Jakarta Selatan;05/02/2022
SEL-00309;Toko Seller Sukses 308;Jakarta Selatan;26/05/2023
SEL-00310;Toko Seller Sukses 309;Yogyakarta;11/01/2022
SEL-00311;Toko Seller Sukses 310;Makassar;01/10/2021
SEL-00312;Toko Seller Sukses 311;Cimahi;24/05/2023
SEL-00313;Toko Seller Sukses 312;Yogyakarta;03/06/2022
SEL-00314;Toko Seller Sukses 313;Cimahi;01/09/2021
SEL-00315;Toko Seller Sukses 314;Jakarta Selatan;18/06/2022
SEL-00316;Toko Seller Sukses 315;Jakarta Pusat;17/08/2021
SEL-00317;Toko Seller Sukses 316;Jakarta Selatan;13/07/2022
SEL-00318;Toko Seller Sukses 317;Sidoarjo;08/06/2021
SEL-00319;Toko Seller Sukses 318;Yogyakarta;21/06/2021
SEL-00320;Toko Seller Sukses 319;Cimahi;25/05/2022
SEL-00321;Toko Seller Sukses 320;Sidoarjo;25/01/2022
SEL-00322;Toko Seller Sukses 321;Medan;28/02/2023
SEL-00323;Toko Seller Sukses 322;Cimahi;14/02/2023
SEL-00324;Toko Seller Sukses 323;Cimahi;02/09/2022
SEL-00325;Toko Seller Sukses 324;Jakarta Selatan;12/05/2023
SEL-00326;Toko Seller Sukses 325;Jakarta Pusat;16/02/2023
SEL-00327;Toko Seller Sukses 326;Cimahi;25/12/2021
SEL-00328;Toko Seller Sukses 327;Jakarta Pusat;05/07/2021
SEL-00329;Toko Seller Sukses 328;Jakarta Pusat;12/11/2021
SEL-00330;Toko Seller Sukses 329;Surabaya;02/09/2021
SEL-00331;Toko Seller Sukses 330;Makassar;08/04/2022
SEL-00332;Toko Seller Sukses 331;Jakarta Pusat;28/03/2023
SEL-00333;Toko Seller Sukses 332;Yogyakarta;10/10/2022
SEL-00334;Toko Seller Sukses 333;Jakarta Pusat;23/02/2022
SEL-00335;Toko Seller Sukses 334;Bandung;15/09/2021
SEL-00336;Toko Seller Sukses 335;Jakarta Selatan;13/03/2023
SEL-00337;Toko Seller Sukses 336;Jakarta Selatan;19/04/2023
SEL-00338;Toko Seller Sukses 337;Medan;26/05/2021
SEL-00339;Toko Seller Sukses 338;Yogyakarta;26/08/2021
SEL-00340;Toko Seller Sukses 339;Surabaya;12/05/2022
SEL-00341;Toko Seller Sukses 340;Bandung;03/01/2023
SEL-00342;Toko Seller Sukses 341;Jakarta Selatan;29/12/2021
SEL-00343;Toko Seller Sukses 342;Yogyakarta;05/05/2022
SEL-00344;Toko Seller Sukses 343;Bandung;23/07/2022
SEL-00345;Toko Seller Sukses 344;Sidoarjo;18/05/2022
SEL-00346;Toko Seller Sukses 345;Cimahi;08/05/2022
SEL-00347;Toko Seller Sukses 346;Makassar;03/11/2021
SEL-00348;Toko Seller Sukses 347;Jakarta Pusat;12/08/2021
SEL-00349;Toko Seller Sukses 348;Sidoarjo;26/06/2022
SEL-00350;Toko Seller Sukses 349;Jakarta Selatan;05/12/2022
SEL-00351;Toko Seller Sukses 350;Cimahi;06/06/2023
SEL-00352;Toko Seller Sukses 351;Bandung;04/05/2021
SEL-00353;Toko Seller Sukses 352;Jakarta Pusat;23/06/2023
SEL-00354;Toko Seller Sukses 353;Medan;28/12/2021
SEL-00355;Toko Seller Sukses 354;Medan;27/01/2023
SEL-00356;Toko Seller Sukses 355;Cimahi;01/02/2023
SEL-00357;Toko Seller Sukses 356;Cimahi;08/06/2021
SEL-00358;Toko Seller Sukses 357;Cimahi;19/02/2022
SEL-00359;Toko Seller Sukses 358;Cimahi;07/02/2023
SEL-00360;Toko Seller Sukses 359;Makassar;17/04/2023
SEL-00361;Toko Seller Sukses 360;Bandung;21/01/2022
SEL-00362;Toko Seller Sukses 361;Medan;25/11/2021
SEL-00363;Toko Seller Sukses 362;Yogyakarta;25/04/2022
SEL-00364;Toko Seller Sukses 363;Cimahi;03/11/2021
SEL-00365;Toko Seller Sukses 364;Sidoarjo;19/04/2023
SEL-00366;Toko Seller Sukses 365;Jakarta Pusat;25/02/2022
SEL-00367;Toko Seller Sukses 366;Bandung;24/07/2021
SEL-00368;Toko Seller Sukses 367;Jakarta Pusat;15/06/2022
SEL-00369;Toko Seller Sukses 368;Cimahi;03/08/2022
SEL-00370;Toko Seller Sukses 369;Makassar;15/05/2021
SEL-00371;Toko Seller Sukses 370;Bandung;16/09/2021
SEL-00372;Toko Seller Sukses 371;Cimahi;29/05/2021
SEL-00373;Toko Seller Sukses 372;Cimahi;13/04/2023
SEL-00374;Toko Seller Sukses 373;Jakarta Pusat;07/10/2021
SEL-00375;Toko Seller Sukses 374;Jakarta Selatan;22/12/2021
SEL-00376;Toko Seller Sukses 375;Bandung;27/12/2022
SEL-00377;Toko Seller Sukses 376;Sidoarjo;21/06/2021
SEL-00378;Toko Seller Sukses 377;Yogyakarta;07/01/2022
SEL-00379;Toko Seller Sukses 378;Jakarta Pusat;12/11/2021
SEL-00380;Toko Seller Sukses 379;Medan;15/01/2022
SEL-00381;Toko Seller Sukses 380;Surabaya;05/12/2021
SEL-00382;Toko Seller Sukses 381;Sidoarjo;21/07/2021
SEL-00383;Toko Seller Sukses 382;Makassar;26/05/2021
SEL-00384;Toko Seller Sukses 383;Medan;17/10/2021
SEL-00385;Toko Seller Sukses 384;Makassar;05/07/2022
SEL-00386;Toko Seller Sukses 385;Surabaya;08/07/2021
SEL-00387;Toko Seller Sukses 386;Jakarta Selatan;10/05/2023
SEL-00388;Toko Seller Sukses 387;Sidoarjo;13/05/2023
SEL-00389;Toko Seller Sukses 388;Sidoarjo;02/05/2023
SEL-00390;Toko Seller Sukses 389;Cimahi;01/07/2022
SEL-00391;Toko Seller Sukses 390;Sidoarjo;25/10/2022
SEL-00392;Toko Seller Sukses 391;Jakarta Pusat;18/11/2022
SEL-00393;Toko Seller Sukses 392;Makassar;23/08/2022
SEL-00394;Toko Seller Sukses 393;Sidoarjo;17/09/2021
SEL-00395;Toko Seller Sukses 394;Cimahi;11/09/2021
SEL-00396;Toko Seller Sukses 395;Makassar;14/01/2022
SEL-00397;Toko Seller Sukses 396;Jakarta Selatan;30/05/2021
SEL-00398;Toko Seller Sukses 397;Makassar;27/08/2022
SEL-00399;Toko Seller Sukses 398;Yogyakarta;29/03/2023
SEL-00400;Toko Seller Sukses 399;Bandung;07/05/2023
SEL-00401;Toko Seller Sukses 400;Bandung;10/06/2023
SEL-00402;Toko Seller Sukses 401;Sidoarjo;03/12/2021
SEL-00403;Toko Seller Sukses 402;Jakarta Pusat;21/09/2021
SEL-00404;Toko Seller Sukses 403;Medan;07/01/2023
SEL-00405;Toko Seller Sukses 404;Makassar;20/05/2023
SEL-00406;Toko Seller Sukses 405;Makassar;22/04/2023
SEL-00407;Toko Seller Sukses 406;Yogyakarta;13/12/2021
SEL-00408;Toko Seller Sukses 407;Makassar;09/05/2021
SEL-00409;Toko Seller Sukses 408;Surabaya;10/03/2023
SEL-00410;Toko Seller Sukses 409;Yogyakarta;07/09/2021
SEL-00411;Toko Seller Sukses 410;Yogyakarta;19/09/2022
SEL-00412;Toko Seller Sukses 411;Makassar;07/10/2021
SEL-00413;Toko Seller Sukses 412;Surabaya;19/03/2022
SEL-00414;Toko Seller Sukses 413;Surabaya;30/08/2021
SEL-00415;Toko Seller Sukses 414;Yogyakarta;24/09/2021
SEL-00416;Toko Seller Sukses 415;Makassar;30/10/2022
SEL-00417;Toko Seller Sukses 416;Bandung;28/11/2021
SEL-00418;Toko Seller Sukses 417;Medan;13/06/2021
SEL-00419;Toko Seller Sukses 418;Bandung;05/02/2023
SEL-00420;Toko Seller Sukses 419;Cimahi;18/05/2023
SEL-00421;Toko Seller Sukses 420;Bandung;11/02/2023
SEL-00422;Toko Seller Sukses 421;Makassar;06/06/2022
SEL-00423;Toko Seller Sukses 422;Jakarta Selatan;27/01/2023
SEL-00424;Toko Seller Sukses 423;Cimahi;29/07/2022
SEL-00425;Toko Seller Sukses 424;Makassar;16/01/2022
SEL-00426;Toko Seller Sukses 425;Bandung;20/11/2022
SEL-00427;Toko Seller Sukses 426;Cimahi;04/08/2022
SEL-00428;Toko Seller Sukses 427;Bandung;06/07/2023
SEL-00429;Toko Seller Sukses 428;Jakarta Selatan;14/08/2022
SEL-00430;Toko Seller Sukses 429;Makassar;09/11/2022
SEL-00431;Toko Seller Sukses 430;Cimahi;01/05/2023
SEL-00432;Toko Seller Sukses 431;Yogyakarta;08/10/2022
SEL-00433;Toko Seller Sukses 432;Surabaya;08/03/2022
SEL-00434;Toko Seller Sukses 433;Jakarta Selatan;06/11/2021
SEL-00435;Toko Seller Sukses 434;Yogyakarta;02/04/2023
SEL-00436;Toko Seller Sukses 435;Medan;13/11/2022
SEL-00437;Toko Seller Sukses 436;Sidoarjo;07/08/2022
SEL-00438;Toko Seller Sukses 437;Jakarta Pusat;20/06/2023
SEL-00439;Toko Seller Sukses 438;Bandung;18/04/2022
SEL-00440;Toko Seller Sukses 439;Sidoarjo;20/03/2023
SEL-00441;Toko Seller Sukses 440;Jakarta Pusat;10/06/2021
SEL-00442;Toko Seller Sukses 441;Bandung;27/12/2022
SEL-00443;Toko Seller Sukses 442;Yogyakarta;13/03/2022
SEL-00444;Toko Seller Sukses 443;Medan;04/11/2022
SEL-00445;Toko Seller Sukses 444;Sidoarjo;15/09/2021
SEL-00446;Toko Seller Sukses 445;Cimahi;19/12/2021
SEL-00447;Toko Seller Sukses 446;Surabaya;05/04/2022
SEL-00448;Toko Seller Sukses 447;Cimahi;26/10/2021
SEL-00449;Toko Seller Sukses 448;Medan;01/12/2021
SEL-00450;Toko Seller Sukses 449;Jakarta Pusat;15/11/2022
SEL-00451;Toko Seller Sukses 450;Medan;18/01/2022
SEL-00452;Toko Seller Sukses 451;Jakarta Selatan;08/03/2023
SEL-00453;Toko Seller Sukses 452;Yogyakarta;03/04/2023
SEL-00454;Toko Seller Sukses 453;Bandung;21/12/2021
SEL-00455;Toko Seller Sukses 454;Jakarta Pusat;15/11/2022
SEL-00456;Toko Seller Sukses 455;Cimahi;23/09/2022
SEL-00457;Toko Seller Sukses 456;Jakarta Pusat;25/03/2023
SEL-00458;Toko Seller Sukses 457;Medan;15/12/2021
SEL-00459;Toko Seller Sukses 458;Surabaya;03/05/2022
SEL-00460;Toko Seller Sukses 459;Cimahi;09/07/2023
SEL-00461;Toko Seller Sukses 460;Medan;19/05/2021
SEL-00462;Toko Seller Sukses 461;Bandung;06/12/2022
SEL-00463;Toko Seller Sukses 462;Makassar;02/08/2021
SEL-00464;Toko Seller Sukses 463;Cimahi;16/02/2023
SEL-00465;Toko Seller Sukses 464;Jakarta Pusat;02/04/2023
SEL-00466;Toko Seller Sukses 465;Makassar;09/11/2022
SEL-00467;Toko Seller Sukses 466;Jakarta Selatan;18/07/2021
SEL-00468;Toko Seller Sukses 467;Medan;01/10/2021
SEL-00469;Toko Seller Sukses 468;Medan;22/08/2021
SEL-00470;Toko Seller Sukses 469;Cimahi;14/08/2022
SEL-00471;Toko Seller Sukses 470;Yogyakarta;30/06/2022
SEL-00472;Toko Seller Sukses 471;Jakarta Selatan;11/02/2022
SEL-00473;Toko Seller Sukses 472;Jakarta Selatan;15/08/2022
SEL-00474;Toko Seller Sukses 473;Yogyakarta;24/01/2023
SEL-00475;Toko Seller Sukses 474;Sidoarjo;26/01/2023
SEL-00476;Toko Seller Sukses 475;Jakarta Pusat;10/07/2022
SEL-00477;Toko Seller Sukses 476;Jakarta Pusat;07/01/2022
SEL-00478;Toko Seller Sukses 477;Medan;10/03/2022
SEL-00479;Toko Seller Sukses 478;Jakarta Pusat;23/10/2021
SEL-00480;Toko Seller Sukses 479;Sidoarjo;24/11/2022
SEL-00481;Toko Seller Sukses 480;Surabaya;16/07/2021
SEL-00482;Toko Seller Sukses 481;Sidoarjo;09/08/2021
SEL-00483;Toko Seller Sukses 482;Cimahi;22/05/2021
SEL-00484;Toko Seller Sukses 483;Surabaya;18/08/2022
SEL-00485;Toko Seller Sukses 484;Cimahi;17/09/2021
SEL-00486;Toko Seller Sukses 485;Jakarta Pusat;23/12/2021
SEL-00487;Toko Seller Sukses 486;Cimahi;14/04/2023
SEL-00488;Toko Seller Sukses 487;Medan;30/07/2022
SEL-00489;Toko Seller Sukses 488;Makassar;28/02/2022
SEL-00490;Toko Seller Sukses 489;Cimahi;02/08/2021
SEL-00491;Toko Seller Sukses 490;Sidoarjo;20/02/2022
SEL-00492;Toko Seller Sukses 491;Yogyakarta;15/05/2022
SEL-00493;Toko Seller Sukses 492;Bandung;09/03/2022
SEL-00494;Toko Seller Sukses 493;Cimahi;15/06/2022
SEL-00495;Toko Seller Sukses 494;Yogyakarta;19/02/2022
SEL-00496;Toko Seller Sukses 495;Jakarta Selatan;01/04/2023
SEL-00497;Toko Seller Sukses 496;Jakarta Selatan;25/03/2022
SEL-00498;Toko Seller Sukses 497;Jakarta Selatan;10/04/2022
SEL-00499;Toko Seller Sukses 498;Yogyakarta;11/07/2022
SEL-00500;Toko Seller Sukses 499;Yogyakarta;18/09/2022
SEL-00501;Toko Seller Sukses 500;Yogyakarta;23/05/2022
SEL-00502;Toko Seller Sukses 501;Makassar;24/05/2023
SEL-00503;Toko Seller Sukses 502;Yogyakarta;11/04/2022
SEL-00504;Toko Seller Sukses 503;Cimahi;01/06/2022
SEL-00505;Toko Seller Sukses 504;Medan;17/10/2022
SEL-00506;Toko Seller Sukses 505;Yogyakarta;18/03/2023
SEL-00507;Toko Seller Sukses 506;Yogyakarta;07/08/2021
SEL-00508;Toko Seller Sukses 507;Jakarta Pusat;12/09/2022
SEL-00509;Toko Seller Sukses 508;Medan;01/09/2022
SEL-00510;Toko Seller Sukses 509;Jakarta Pusat;06/07/2022
SEL-00511;Toko Seller Sukses 510;Bandung;11/11/2021
SEL-00512;Toko Seller Sukses 511;Surabaya;27/09/2022
SEL-00513;Toko Seller Sukses 512;Jakarta Selatan;19/11/2021
SEL-00514;Toko Seller Sukses 513;Medan;14/07/2021
SEL-00515;Toko Seller Sukses 514;Jakarta Selatan;15/09/2021
SEL-00516;Toko Seller Sukses 515;Sidoarjo;07/12/2022
SEL-00517;Toko Seller Sukses 516;Bandung;29/07/2022
SEL-00518;Toko Seller Sukses 517;Sidoarjo;12/07/2021
SEL-00519;Toko Seller Sukses 518;Jakarta Selatan;09/01/2023
SEL-00520;Toko Seller Sukses 519;Surabaya;08/12/2021
SEL-00521;Toko Seller Sukses 520;Sidoarjo;12/01/2022
SEL-00522;Toko Seller Sukses 521;Medan;27/07/2021
SEL-00523;Toko Seller Sukses 522;Bandung;24/07/2022
SEL-00524;Toko Seller Sukses 523;Cimahi;08/08/2021
SEL-00525;Toko Seller Sukses 524;Surabaya;09/01/2023
SEL-00526;Toko Seller Sukses 525;Sidoarjo;13/11/2022
SEL-00527;Toko Seller Sukses 526;Makassar;25/12/2021
SEL-00528;Toko Seller Sukses 527;Bandung;15/07/2022
SEL-00529;Toko Seller Sukses 528;Cimahi;15/01/2023
SEL-00530;Toko Seller Sukses 529;Jakarta Selatan;23/10/2021
SEL-00531;Toko Seller Sukses 530;Bandung;10/06/2022
SEL-00532;Toko Seller Sukses 531;Yogyakarta;21/08/2021
SEL-00533;Toko Seller Sukses 532;Surabaya;16/08/2021
SEL-00534;Toko Seller Sukses 533;Cimahi;26/07/2021
SEL-00535;Toko Seller Sukses 534;Sidoarjo;21/04/2022
SEL-00536;Toko Seller Sukses 535;Jakarta Pusat;09/05/2021
SEL-00537;Toko Seller Sukses 536;Cimahi;30/09/2021
SEL-00538;Toko Seller Sukses 537;Makassar;20/11/2021
SEL-00539;Toko Seller Sukses 538;Surabaya;22/10/2022
SEL-00540;Toko Seller Sukses 539;Cimahi;25/11/2021
SEL-00541;Toko Seller Sukses 540;Makassar;13/06/2021
SEL-00542;Toko Seller Sukses 541;Jakarta Pusat;05/05/2022
SEL-00543;Toko Seller Sukses 542;Jakarta Selatan;08/04/2022
SEL-00544;Toko Seller Sukses 543;Yogyakarta;28/08/2021
SEL-00545;Toko Seller Sukses 544;Jakarta Pusat;07/07/2022
SEL-00546;Toko Seller Sukses 545;Sidoarjo;10/12/2021
SEL-00547;Toko Seller Sukses 546;Medan;29/10/2022
SEL-00548;Toko Seller Sukses 547;Sidoarjo;21/05/2021
SEL-00549;Toko Seller Sukses 548;Sidoarjo;20/09/2021
SEL-00550;Toko Seller Sukses 549;Bandung;30/08/2021
SEL-00551;Toko Seller Sukses 550;Medan;26/05/2021
SEL-00552;Toko Seller Sukses 551;Surabaya;03/07/2023
SEL-00553;Toko Seller Sukses 552;Yogyakarta;06/02/2022
SEL-00554;Toko Seller Sukses 553;Yogyakarta;10/01/2022
SEL-00555;Toko Seller Sukses 554;Medan;24/08/2021
SEL-00556;Toko Seller Sukses 555;Medan;27/07/2022
SEL-00557;Toko Seller Sukses 556;Medan;03/12/2022
SEL-00558;Toko Seller Sukses 557;Jakarta Selatan;27/01/2022
SEL-00559;Toko Seller Sukses 558;Yogyakarta;22/07/2021
SEL-00560;Toko Seller Sukses 559;Yogyakarta;11/09/2022
SEL-00561;Toko Seller Sukses 560;Sidoarjo;26/07/2022
SEL-00562;Toko Seller Sukses 561;Medan;07/01/2022
SEL-00563;Toko Seller Sukses 562;Jakarta Pusat;07/12/2022
SEL-00564;Toko Seller Sukses 563;Medan;23/06/2022
SEL-00565;Toko Seller Sukses 564;Sidoarjo;19/05/2022
SEL-00566;Toko Seller Sukses 565;Surabaya;21/10/2022
SEL-00567;Toko Seller Sukses 566;Jakarta Pusat;15/12/2021
SEL-00568;Toko Seller Sukses 567;Bandung;02/09/2022
SEL-00569;Toko Seller Sukses 568;Sidoarjo;08/02/2022
SEL-00570;Toko Seller Sukses 569;Makassar;08/08/2021
SEL-00571;Toko Seller Sukses 570;Yogyakarta;12/03/2022
SEL-00572;Toko Seller Sukses 571;Makassar;29/06/2022
SEL-00573;Toko Seller Sukses 572;Medan;04/04/2022
SEL-00574;Toko Seller Sukses 573;Jakarta Selatan;25/05/2023
SEL-00575;Toko Seller Sukses 574;Bandung;30/12/2021
SEL-00576;Toko Seller Sukses 575;Medan;30/05/2023
SEL-00577;Toko Seller Sukses 576;Cimahi;23/07/2021
SEL-00578;Toko Seller Sukses 577;Cimahi;09/05/2023
SEL-00579;Toko Seller Sukses 578;Bandung;21/08/2021
SEL-00580;Toko Seller Sukses 579;Jakarta Pusat;08/02/2022
SEL-00581;Toko Seller Sukses 580;Surabaya;13/03/2023
SEL-00582;Toko Seller Sukses 581;Jakarta Pusat;13/08/2021
SEL-00583;Toko Seller Sukses 582;Medan;09/11/2021
SEL-00584;Toko Seller Sukses 583;Makassar;28/07/2022
SEL-00585;Toko Seller Sukses 584;Sidoarjo;03/04/2022
SEL-00586;Toko Seller Sukses 585;Medan;12/02/2022
SEL-00587;Toko Seller Sukses 586;Medan;07/07/2021
SEL-00588;Toko Seller Sukses 587;Cimahi;03/09/2021
SEL-00589;Toko Seller Sukses 588;Jakarta Selatan;28/06/2022
SEL-00590;Toko Seller Sukses 589;Medan;20/05/2022
SEL-00591;Toko Seller Sukses 590;Sidoarjo;30/12/2022
SEL-00592;Toko Seller Sukses 591;Medan;25/10/2022
SEL-00593;Toko Seller Sukses 592;Makassar;25/05/2021
SEL-00594;Toko Seller Sukses 593;Surabaya;19/08/2022
SEL-00595;Toko Seller Sukses 594;Sidoarjo;19/10/2021
SEL-00596;Toko Seller Sukses 595;Jakarta Selatan;23/10/2021
SEL-00597;Toko Seller Sukses 596;Surabaya;24/05/2023
SEL-00598;Toko Seller Sukses 597;Surabaya;24/03/2023
SEL-00599;Toko Seller Sukses 598;Surabaya;23/05/2021
SEL-00600;Toko Seller Sukses 599;Bandung;18/03/2023
SEL-00601;Toko Seller Sukses 600;Sidoarjo;31/05/2023
SEL-00602;Toko Seller Sukses 601;Surabaya;20/08/2021
SEL-00603;Toko Seller Sukses 602;Medan;10/07/2021
SEL-00604;Toko Seller Sukses 603;Bandung;20/12/2021
SEL-00605;Toko Seller Sukses 604;Bandung;06/04/2022
SEL-00606;Toko Seller Sukses 605;Sidoarjo;14/04/2022
SEL-00607;Toko Seller Sukses 606;Cimahi;08/09/2021
SEL-00608;Toko Seller Sukses 607;Surabaya;13/09/2022
SEL-00609;Toko Seller Sukses 608;Medan;14/09/2021
SEL-00610;Toko Seller Sukses 609;Jakarta Pusat;15/02/2023
SEL-00611;Toko Seller Sukses 610;Makassar;24/11/2021
SEL-00612;Toko Seller Sukses 611;Medan;26/10/2022
SEL-00613;Toko Seller Sukses 612;Bandung;25/11/2021
SEL-00614;Toko Seller Sukses 613;Jakarta Selatan;19/04/2022
SEL-00615;Toko Seller Sukses 614;Cimahi;29/12/2022
SEL-00616;Toko Seller Sukses 615;Bandung;28/05/2023
SEL-00617;Toko Seller Sukses 616;Sidoarjo;18/06/2023
SEL-00618;Toko Seller Sukses 617;Cimahi;12/10/2022
SEL-00619;Toko Seller Sukses 618;Surabaya;10/02/2022
SEL-00620;Toko Seller Sukses 619;Sidoarjo;20/09/2022
SEL-00621;Toko Seller Sukses 620;Sidoarjo;01/01/2023
SEL-00622;Toko Seller Sukses 621;Jakarta Pusat;02/04/2023
SEL-00623;Toko Seller Sukses 622;Surabaya;10/05/2023
SEL-00624;Toko Seller Sukses 623;Jakarta Selatan;23/09/2021
SEL-00625;Toko Seller Sukses 624;Sidoarjo;01/02/2022
SEL-00626;Toko Seller Sukses 625;Cimahi;28/01/2022
SEL-00627;Toko Seller Sukses 626;Medan;22/03/2022
SEL-00628;Toko Seller Sukses 627;Sidoarjo;03/10/2022
SEL-00629;Toko Seller Sukses 628;Sidoarjo;23/11/2021
SEL-00630;Toko Seller Sukses 629;Bandung;21/06/2021
SEL-00631;Toko Seller Sukses 630;Makassar;30/05/2021
SEL-00632;Toko Seller Sukses 631;Yogyakarta;12/11/2021
SEL-00633;Toko Seller Sukses 632;Sidoarjo;03/03/2022
SEL-00634;Toko Seller Sukses 633;Jakarta Selatan;06/10/2021
SEL-00635;Toko Seller Sukses 634;Medan;29/03/2022
SEL-00636;Toko Seller Sukses 635;Makassar;11/06/2023
SEL-00637;Toko Seller Sukses 636;Sidoarjo;31/08/2022
SEL-00638;Toko Seller Sukses 637;Medan;28/09/2021
SEL-00639;Toko Seller Sukses 638;Jakarta Selatan;03/06/2021
SEL-00640;Toko Seller Sukses 639;Jakarta Selatan;08/06/2021
SEL-00641;Toko Seller Sukses 640;Surabaya;17/04/2022
SEL-00642;Toko Seller Sukses 641;Jakarta Selatan;04/07/2023
SEL-00643;Toko Seller Sukses 642;Jakarta Selatan;10/01/2022
SEL-00644;Toko Seller Sukses 643;Jakarta Pusat;11/04/2022
SEL-00645;Toko Seller Sukses 644;Bandung;01/02/2023
SEL-00646;Toko Seller Sukses 645;Jakarta Selatan;09/06/2021
SEL-00647;Toko Seller Sukses 646;Medan;16/11/2022
SEL-00648;Toko Seller Sukses 647;Jakarta Pusat;24/02/2022
SEL-00649;Toko Seller Sukses 648;Jakarta Selatan;17/06/2023
SEL-00650;Toko Seller Sukses 649;Jakarta Pusat;14/05/2021
SEL-00651;Toko Seller Sukses 650;Bandung;16/07/2022
SEL-00652;Toko Seller Sukses 651;Cimahi;18/09/2022
SEL-00653;Toko Seller Sukses 652;Jakarta Selatan;19/06/2022
SEL-00654;Toko Seller Sukses 653;Sidoarjo;20/01/2022
SEL-00655;Toko Seller Sukses 654;Medan;08/10/2021
SEL-00656;Toko Seller Sukses 655;Sidoarjo;14/05/2022
SEL-00657;Toko Seller Sukses 656;Jakarta Pusat;17/11/2022
SEL-00658;Toko Seller Sukses 657;Surabaya;24/06/2021
SEL-00659;Toko Seller Sukses 658;Surabaya;13/07/2022
SEL-00660;Toko Seller Sukses 659;Sidoarjo;23/04/2023
SEL-00661;Toko Seller Sukses 660;Yogyakarta;19/06/2021
SEL-00662;Toko Seller Sukses 661;Sidoarjo;13/08/2022
SEL-00663;Toko Seller Sukses 662;Medan;09/11/2022
SEL-00664;Toko Seller Sukses 663;Jakarta Selatan;30/07/2021
SEL-00665;Toko Seller Sukses 664;Bandung;05/07/2021
SEL-00666;Toko Seller Sukses 665;Yogyakarta;17/09/2022
SEL-00667;Toko Seller Sukses 666;Surabaya;08/10/2022
SEL-00668;Toko Seller Sukses 667;Medan;15/04/2022
SEL-00669;Toko Seller Sukses 668;Cimahi;13/09/2021
SEL-00670;Toko Seller Sukses 669;Cimahi;27/04/2023
SEL-00671;Toko Seller Sukses 670;Jakarta Selatan;20/10/2022
SEL-00672;Toko Seller Sukses 671;Medan;29/05/2022
SEL-00673;Toko Seller Sukses 672;Yogyakarta;13/06/2022
SEL-00674;Toko Seller Sukses 673;Sidoarjo;23/01/2022
SEL-00675;Toko Seller Sukses 674;Jakarta Selatan;07/06/2022
SEL-00676;Toko Seller Sukses 675;Yogyakarta;06/07/2022
SEL-00677;Toko Seller Sukses 676;Makassar;05/06/2022
SEL-00678;Toko Seller Sukses 677;Yogyakarta;01/06/2022
SEL-00679;Toko Seller Sukses 678;Yogyakarta;27/05/2021
SEL-00680;Toko Seller Sukses 679;Bandung;11/02/2023
SEL-00681;Toko Seller Sukses 680;Medan;06/01/2022
SEL-00682;Toko Seller Sukses 681;Medan;22/11/2022
SEL-00683;Toko Seller Sukses 682;Makassar;30/11/2022
SEL-00684;Toko Seller Sukses 683;Makassar;09/02/2022
SEL-00685;Toko Seller Sukses 684;Cimahi;12/05/2022
SEL-00686;Toko Seller Sukses 685;Cimahi;01/03/2023
SEL-00687;Toko Seller Sukses 686;Cimahi;19/06/2023
SEL-00688;Toko Seller Sukses 687;Jakarta Selatan;22/09/2022
SEL-00689;Toko Seller Sukses 688;Makassar;24/05/2022
SEL-00690;Toko Seller Sukses 689;Makassar;09/11/2021
SEL-00691;Toko Seller Sukses 690;Bandung;17/08/2021
SEL-00692;Toko Seller Sukses 691;Yogyakarta;03/02/2023
SEL-00693;Toko Seller Sukses 692;Medan;12/10/2022
SEL-00694;Toko Seller Sukses 693;Bandung;14/07/2022
SEL-00695;Toko Seller Sukses 694;Medan;26/03/2023
SEL-00696;Toko Seller Sukses 695;Jakarta Pusat;11/04/2022
SEL-00697;Toko Seller Sukses 696;Sidoarjo;17/02/2022
SEL-00698;Toko Seller Sukses 697;Makassar;29/09/2021
SEL-00699;Toko Seller Sukses 698;Makassar;21/06/2022
SEL-00700;Toko Seller Sukses 699;Yogyakarta;10/12/2022
SEL-00701;Toko Seller Sukses 700;Bandung;25/05/2022
SEL-00702;Toko Seller Sukses 701;Yogyakarta;17/04/2023
SEL-00703;Toko Seller Sukses 702;Medan;22/01/2023
SEL-00704;Toko Seller Sukses 703;Cimahi;12/05/2021
SEL-00705;Toko Seller Sukses 704;Yogyakarta;16/06/2023
SEL-00706;Toko Seller Sukses 705;Yogyakarta;21/01/2022
SEL-00707;Toko Seller Sukses 706;Sidoarjo;27/07/2021
SEL-00708;Toko Seller Sukses 707;Jakarta Selatan;31/08/2022
SEL-00709;Toko Seller Sukses 708;Jakarta Pusat;18/09/2021
SEL-00710;Toko Seller Sukses 709;Makassar;03/10/2021
SEL-00711;Toko Seller Sukses 710;Jakarta Pusat;09/07/2023
SEL-00712;Toko Seller Sukses 711;Sidoarjo;26/09/2021
SEL-00713;Toko Seller Sukses 712;Medan;02/04/2022
SEL-00714;Toko Seller Sukses 713;Jakarta Selatan;09/05/2021
SEL-00715;Toko Seller Sukses 714;Yogyakarta;10/01/2022
SEL-00716;Toko Seller Sukses 715;Jakarta Selatan;02/09/2021
SEL-00717;Toko Seller Sukses 716;Bandung;12/03/2022
SEL-00718;Toko Seller Sukses 717;Sidoarjo;01/11/2021
SEL-00719;Toko Seller Sukses 718;Jakarta Pusat;02/08/2022
SEL-00720;Toko Seller Sukses 719;Bandung;20/06/2022
SEL-00721;Toko Seller Sukses 720;Sidoarjo;05/08/2021
SEL-00722;Toko Seller Sukses 721;Surabaya;12/12/2021
SEL-00723;Toko Seller Sukses 722;Jakarta Pusat;29/03/2022
SEL-00724;Toko Seller Sukses 723;Jakarta Selatan;10/01/2022
SEL-00725;Toko Seller Sukses 724;Jakarta Pusat;27/11/2022
SEL-00726;Toko Seller Sukses 725;Cimahi;04/05/2021
SEL-00727;Toko Seller Sukses 726;Yogyakarta;10/06/2023
SEL-00728;Toko Seller Sukses 727;Makassar;02/07/2023
SEL-00729;Toko Seller Sukses 728;Medan;03/04/2023
SEL-00730;Toko Seller Sukses 729;Bandung;05/10/2022
SEL-00731;Toko Seller Sukses 730;Jakarta Selatan;04/01/2023
SEL-00732;Toko Seller Sukses 731;Surabaya;15/07/2022
SEL-00733;Toko Seller Sukses 732;Medan;26/05/2023
SEL-00734;Toko Seller Sukses 733;Jakarta Selatan;28/08/2021
SEL-00735;Toko Seller Sukses 734;Jakarta Selatan;01/11/2021
SEL-00736;Toko Seller Sukses 735;Sidoarjo;18/07/2022
SEL-00737;Toko Seller Sukses 736;Bandung;15/09/2021
SEL-00738;Toko Seller Sukses 737;Jakarta Selatan;01/01/2023
SEL-00739;Toko Seller Sukses 738;Bandung;30/11/2022
SEL-00740;Toko Seller Sukses 739;Jakarta Pusat;05/02/2022
SEL-00741;Toko Seller Sukses 740;Jakarta Selatan;23/06/2023
SEL-00742;Toko Seller Sukses 741;Medan;22/10/2022
SEL-00743;Toko Seller Sukses 742;Jakarta Selatan;16/02/2022
SEL-00744;Toko Seller Sukses 743;Jakarta Pusat;12/08/2021
SEL-00745;Toko Seller Sukses 744;Surabaya;06/05/2021
SEL-00746;Toko Seller Sukses 745;Surabaya;01/07/2022
SEL-00747;Toko Seller Sukses 746;Bandung;19/06/2021
SEL-00748;Toko Seller Sukses 747;Cimahi;03/04/2022
SEL-00749;Toko Seller Sukses 748;Yogyakarta;07/01/2023
SEL-00750;Toko Seller Sukses 749;Jakarta Selatan;16/08/2021
SEL-00751;Toko Seller Sukses 750;Jakarta Pusat;23/04/2023
SEL-00752;Toko Seller Sukses 751;Yogyakarta;31/10/2021
SEL-00753;Toko Seller Sukses 752;Surabaya;02/11/2021
SEL-00754;Toko Seller Sukses 753;Medan;27/05/2021
SEL-00755;Toko Seller Sukses 754;Bandung;10/09/2022
SEL-00756;Toko Seller Sukses 755;Surabaya;11/11/2022
SEL-00757;Toko Seller Sukses 756;Jakarta Selatan;26/05/2021
SEL-00758;Toko Seller Sukses 757;Cimahi;22/07/2022
SEL-00759;Toko Seller Sukses 758;Yogyakarta;19/02/2022
SEL-00760;Toko Seller Sukses 759;Makassar;02/01/2023
SEL-00761;Toko Seller Sukses 760;Cimahi;07/01/2022
SEL-00762;Toko Seller Sukses 761;Bandung;27/12/2022
SEL-00763;Toko Seller Sukses 762;Medan;15/06/2021
SEL-00764;Toko Seller Sukses 763;Jakarta Pusat;11/06/2023
SEL-00765;Toko Seller Sukses 764;Sidoarjo;21/06/2021
SEL-00766;Toko Seller Sukses 765;Surabaya;04/10/2021
SEL-00767;Toko Seller Sukses 766;Surabaya;26/08/2021
SEL-00768;Toko Seller Sukses 767;Cimahi;23/04/2023
SEL-00769;Toko Seller Sukses 768;Jakarta Pusat;22/10/2022
SEL-00770;Toko Seller Sukses 769;Medan;31/08/2022
SEL-00771;Toko Seller Sukses 770;Surabaya;23/02/2022
SEL-00772;Toko Seller Sukses 771;Jakarta Pusat;20/04/2022
SEL-00773;Toko Seller Sukses 772;Medan;19/09/2021
SEL-00774;Toko Seller Sukses 773;Bandung;24/03/2022
SEL-00775;Toko Seller Sukses 774;Yogyakarta;18/11/2021
SEL-00776;Toko Seller Sukses 775;Yogyakarta;20/09/2021
SEL-00777;Toko Seller Sukses 776;Yogyakarta;15/09/2021
SEL-00778;Toko Seller Sukses 777;Jakarta Selatan;02/07/2022
SEL-00779;Toko Seller Sukses 778;Surabaya;03/07/2022
SEL-00780;Toko Seller Sukses 779;Jakarta Pusat;19/01/2023
SEL-00781;Toko Seller Sukses 780;Sidoarjo;18/03/2022
SEL-00782;Toko Seller Sukses 781;Bandung;11/07/2022
SEL-00783;Toko Seller Sukses 782;Yogyakarta;06/06/2022
SEL-00784;Toko Seller Sukses 783;Sidoarjo;04/02/2022
SEL-00785;Toko Seller Sukses 784;Sidoarjo;09/01/2022
SEL-00786;Toko Seller Sukses 785;Cimahi;07/09/2021
SEL-00787;Toko Seller Sukses 786;Surabaya;09/12/2022
SEL-00788;Toko Seller Sukses 787;Makassar;10/04/2023
SEL-00789;Toko Seller Sukses 788;Jakarta Pusat;20/02/2023
SEL-00790;Toko Seller Sukses 789;Bandung;12/11/2021
SEL-00791;Toko Seller Sukses 790;Bandung;12/02/2022
SEL-00792;Toko Seller Sukses 791;Sidoarjo;25/04/2023
SEL-00793;Toko Seller Sukses 792;Cimahi;27/10/2022
SEL-00794;Toko Seller Sukses 793;Yogyakarta;26/01/2023
SEL-00795;Toko Seller Sukses 794;Medan;05/07/2021
SEL-00796;Toko Seller Sukses 795;Yogyakarta;20/05/2023
SEL-00797;Toko Seller Sukses 796;Jakarta Selatan;13/06/2021
SEL-00798;Toko Seller Sukses 797;Jakarta Pusat;08/11/2022
SEL-00799;Toko Seller Sukses 798;Cimahi;31/08/2022
SEL-00800;Toko Seller Sukses 799;Surabaya;06/08/2021
SEL-00801;Toko Seller Sukses 800;Sidoarjo;29/05/2023
SEL-00802;Toko Seller Sukses 801;Makassar;09/12/2022
SEL-00803;Toko Seller Sukses 802;Jakarta Pusat;12/06/2021
SEL-00804;Toko Seller Sukses 803;Surabaya;04/05/2021
SEL-00805;Toko Seller Sukses 804;Jakarta Selatan;16/12/2021
SEL-00806;Toko Seller Sukses 805;Medan;18/10/2022
SEL-00807;Toko Seller Sukses 806;Jakarta Pusat;14/04/2022
SEL-00808;Toko Seller Sukses 807;Jakarta Selatan;12/10/2021
SEL-00809;Toko Seller Sukses 808;Makassar;13/10/2022
SEL-00810;Toko Seller Sukses 809;Jakarta Selatan;20/05/2023
SEL-00811;Toko Seller Sukses 810;Medan;11/05/2021
SEL-00812;Toko Seller Sukses 811;Cimahi;06/05/2023
SEL-00813;Toko Seller Sukses 812;Medan;04/02/2023
SEL-00814;Toko Seller Sukses 813;Jakarta Selatan;08/05/2023
SEL-00815;Toko Seller Sukses 814;Cimahi;15/11/2022
SEL-00816;Toko Seller Sukses 815;Jakarta Pusat;23/03/2023
SEL-00817;Toko Seller Sukses 816;Medan;21/07/2021
SEL-00818;Toko Seller Sukses 817;Bandung;23/07/2021
SEL-00819;Toko Seller Sukses 818;Bandung;19/06/2021
SEL-00820;Toko Seller Sukses 819;Yogyakarta;04/09/2022
SEL-00821;Toko Seller Sukses 820;Makassar;24/06/2022
SEL-00822;Toko Seller Sukses 821;Bandung;25/11/2021
SEL-00823;Toko Seller Sukses 822;Sidoarjo;29/05/2023
SEL-00824;Toko Seller Sukses 823;Surabaya;03/11/2022
SEL-00825;Toko Seller Sukses 824;Medan;08/04/2022
SEL-00826;Toko Seller Sukses 825;Surabaya;11/02/2022
SEL-00827;Toko Seller Sukses 826;Makassar;06/11/2022
SEL-00828;Toko Seller Sukses 827;Medan;20/07/2021
SEL-00829;Toko Seller Sukses 828;Yogyakarta;12/11/2021
SEL-00830;Toko Seller Sukses 829;Bandung;14/10/2021
SEL-00831;Toko Seller Sukses 830;Sidoarjo;09/12/2022
SEL-00832;Toko Seller Sukses 831;Yogyakarta;25/04/2022
SEL-00833;Toko Seller Sukses 832;Jakarta Selatan;02/04/2023
SEL-00834;Toko Seller Sukses 833;Yogyakarta;07/01/2022
SEL-00835;Toko Seller Sukses 834;Jakarta Pusat;04/05/2021
SEL-00836;Toko Seller Sukses 835;Bandung;18/12/2021
SEL-00837;Toko Seller Sukses 836;Sidoarjo;24/06/2021
SEL-00838;Toko Seller Sukses 837;Jakarta Pusat;27/03/2023
SEL-00839;Toko Seller Sukses 838;Jakarta Selatan;30/09/2021
SEL-00840;Toko Seller Sukses 839;Makassar;11/09/2021
SEL-00841;Toko Seller Sukses 840;Bandung;12/07/2022
SEL-00842;Toko Seller Sukses 841;Cimahi;03/09/2021
SEL-00843;Toko Seller Sukses 842;Sidoarjo;21/07/2021
SEL-00844;Toko Seller Sukses 843;Cimahi;18/08/2022
SEL-00845;Toko Seller Sukses 844;Bandung;13/05/2023
SEL-00846;Toko Seller Sukses 845;Medan;10/08/2022
SEL-00847;Toko Seller Sukses 846;Bandung;16/05/2023
SEL-00848;Toko Seller Sukses 847;Jakarta Selatan;23/02/2022
SEL-00849;Toko Seller Sukses 848;Sidoarjo;07/05/2022
SEL-00850;Toko Seller Sukses 849;Bandung;13/06/2023
SEL-00851;Toko Seller Sukses 850;Jakarta Selatan;03/12/2021
SEL-00852;Toko Seller Sukses 851;Yogyakarta;05/07/2021
SEL-00853;Toko Seller Sukses 852;Surabaya;18/10/2022
SEL-00854;Toko Seller Sukses 853;Cimahi;13/08/2022
SEL-00855;Toko Seller Sukses 854;Makassar;09/02/2023
SEL-00856;Toko Seller Sukses 855;Sidoarjo;21/06/2022
SEL-00857;Toko Seller Sukses 856;Surabaya;22/08/2021
SEL-00858;Toko Seller Sukses 857;Medan;11/09/2022
SEL-00859;Toko Seller Sukses 858;Bandung;11/04/2022
SEL-00860;Toko Seller Sukses 859;Cimahi;19/03/2022
SEL-00861;Toko Seller Sukses 860;Cimahi;17/06/2021
SEL-00862;Toko Seller Sukses 861;Jakarta Pusat;09/06/2023
SEL-00863;Toko Seller Sukses 862;Jakarta Selatan;23/11/2022
SEL-00864;Toko Seller Sukses 863;Yogyakarta;19/08/2022
SEL-00865;Toko Seller Sukses 864;Surabaya;12/07/2022
SEL-00866;Toko Seller Sukses 865;Jakarta Pusat;17/02/2022
SEL-00867;Toko Seller Sukses 866;Jakarta Selatan;24/05/2023
SEL-00868;Toko Seller Sukses 867;Makassar;26/01/2022
SEL-00869;Toko Seller Sukses 868;Makassar;19/12/2022
SEL-00870;Toko Seller Sukses 869;Makassar;27/07/2022
SEL-00871;Toko Seller Sukses 870;Makassar;06/09/2022
SEL-00872;Toko Seller Sukses 871;Surabaya;15/12/2021
SEL-00873;Toko Seller Sukses 872;Jakarta Pusat;14/06/2022
SEL-00874;Toko Seller Sukses 873;Jakarta Selatan;29/05/2023
SEL-00875;Toko Seller Sukses 874;Sidoarjo;08/07/2021
SEL-00876;Toko Seller Sukses 875;Medan;20/09/2022
SEL-00877;Toko Seller Sukses 876;Bandung;14/06/2022
SEL-00878;Toko Seller Sukses 877;Medan;30/04/2022
SEL-00879;Toko Seller Sukses 878;Medan;08/07/2022
SEL-00880;Toko Seller Sukses 879;Jakarta Pusat;16/10/2021
SEL-00881;Toko Seller Sukses 880;Jakarta Pusat;18/09/2021
SEL-00882;Toko Seller Sukses 881;Yogyakarta;13/07/2021
SEL-00883;Toko Seller Sukses 882;Medan;11/10/2022
SEL-00884;Toko Seller Sukses 883;Surabaya;15/06/2022
SEL-00885;Toko Seller Sukses 884;Jakarta Selatan;19/05/2023
SEL-00886;Toko Seller Sukses 885;Cimahi;13/01/2022
SEL-00887;Toko Seller Sukses 886;Medan;09/07/2021
SEL-00888;Toko Seller Sukses 887;Surabaya;08/09/2021
SEL-00889;Toko Seller Sukses 888;Yogyakarta;15/06/2023
SEL-00890;Toko Seller Sukses 889;Cimahi;06/12/2021
SEL-00891;Toko Seller Sukses 890;Yogyakarta;24/08/2021
SEL-00892;Toko Seller Sukses 891;Sidoarjo;16/08/2021
SEL-00893;Toko Seller Sukses 892;Jakarta Pusat;18/01/2022
SEL-00894;Toko Seller Sukses 893;Jakarta Selatan;28/07/2022
SEL-00895;Toko Seller Sukses 894;Bandung;01/02/2022
SEL-00896;Toko Seller Sukses 895;Bandung;03/07/2022
SEL-00897;Toko Seller Sukses 896;Jakarta Pusat;19/06/2021
SEL-00898;Toko Seller Sukses 897;Cimahi;24/10/2021
SEL-00899;Toko Seller Sukses 898;Medan;27/05/2022
SEL-00900;Toko Seller Sukses 899;Surabaya;26/12/2022
SEL-00901;Toko Seller Sukses 900;Bandung;24/11/2021
SEL-00902;Toko Seller Sukses 901;Jakarta Selatan;20/02/2023
SEL-00903;Toko Seller Sukses 902;Yogyakarta;31/07/2022
SEL-00904;Toko Seller Sukses 903;Jakarta Pusat;29/03/2023
SEL-00905;Toko Seller Sukses 904;Bandung;02/07/2023
SEL-00906;Toko Seller Sukses 905;Makassar;28/06/2022
SEL-00907;Toko Seller Sukses 906;Medan;08/07/2021
SEL-00908;Toko Seller Sukses 907;Surabaya;21/12/2022
SEL-00909;Toko Seller Sukses 908;Yogyakarta;29/03/2023
SEL-00910;Toko Seller Sukses 909;Medan;20/10/2022
SEL-00911;Toko Seller Sukses 910;Makassar;07/06/2023
SEL-00912;Toko Seller Sukses 911;Yogyakarta;05/06/2022
SEL-00913;Toko Seller Sukses 912;Jakarta Selatan;11/02/2022
SEL-00914;Toko Seller Sukses 913;Surabaya;22/07/2021
SEL-00915;Toko Seller Sukses 914;Jakarta Pusat;02/07/2021
SEL-00916;Toko Seller Sukses 915;Medan;02/08/2021
SEL-00917;Toko Seller Sukses 916;Surabaya;11/09/2021
SEL-00918;Toko Seller Sukses 917;Bandung;16/11/2022
SEL-00919;Toko Seller Sukses 918;Makassar;16/12/2021
SEL-00920;Toko Seller Sukses 919;Jakarta Pusat;27/02/2022
SEL-00921;Toko Seller Sukses 920;Yogyakarta;27/08/2021
SEL-00922;Toko Seller Sukses 921;Bandung;26/04/2022
SEL-00923;Toko Seller Sukses 922;Bandung;02/04/2022
SEL-00924;Toko Seller Sukses 923;Sidoarjo;14/07/2021
SEL-00925;Toko Seller Sukses 924;Makassar;03/07/2021
SEL-00926;Toko Seller Sukses 925;Sidoarjo;05/08/2021
SEL-00927;Toko Seller Sukses 926;Medan;30/08/2021
SEL-00928;Toko Seller Sukses 927;Jakarta Pusat;18/12/2022
SEL-00929;Toko Seller Sukses 928;Surabaya;19/06/2021
SEL-00930;Toko Seller Sukses 929;Sidoarjo;22/05/2021
SEL-00931;Toko Seller Sukses 930;Yogyakarta;28/09/2021
SEL-00932;Toko Seller Sukses 931;Bandung;10/05/2021
SEL-00933;Toko Seller Sukses 932;Cimahi;12/12/2022
SEL-00934;Toko Seller Sukses 933;Surabaya;15/05/2022
SEL-00935;Toko Seller Sukses 934;Jakarta Pusat;09/07/2021
SEL-00936;Toko Seller Sukses 935;Cimahi;07/08/2022
SEL-00937;Toko Seller Sukses 936;Makassar;13/06/2021
SEL-00938;Toko Seller Sukses 937;Jakarta Pusat;21/11/2022
SEL-00939;Toko Seller Sukses 938;Cimahi;13/05/2022
SEL-00940;Toko Seller Sukses 939;Cimahi;16/11/2021
SEL-00941;Toko Seller Sukses 940;Medan;06/07/2022
SEL-00942;Toko Seller Sukses 941;Jakarta Selatan;27/03/2023
SEL-00943;Toko Seller Sukses 942;Bandung;30/04/2023
SEL-00944;Toko Seller Sukses 943;Jakarta Selatan;30/05/2021
SEL-00945;Toko Seller Sukses 944;Surabaya;25/05/2021
SEL-00946;Toko Seller Sukses 945;Jakarta Selatan;13/09/2022
SEL-00947;Toko Seller Sukses 946;Cimahi;31/05/2021
SEL-00948;Toko Seller Sukses 947;Jakarta Pusat;20/03/2023
SEL-00949;Toko Seller Sukses 948;Jakarta Pusat;17/03/2023
SEL-00950;Toko Seller Sukses 949;Sidoarjo;11/08/2021
SEL-00951;Toko Seller Sukses 950;Medan;01/07/2023
SEL-00952;Toko Seller Sukses 951;Surabaya;19/08/2022
SEL-00953;Toko Seller Sukses 952;Jakarta Pusat;18/11/2022
SEL-00954;Toko Seller Sukses 953;Yogyakarta;02/07/2022
SEL-00955;Toko Seller Sukses 954;Jakarta Pusat;12/11/2022
SEL-00956;Toko Seller Sukses 955;Bandung;15/03/2022
SEL-00957;Toko Seller Sukses 956;Jakarta Selatan;19/03/2022
SEL-00958;Toko Seller Sukses 957;Makassar;30/05/2022
SEL-00959;Toko Seller Sukses 958;Medan;16/01/2023
SEL-00960;Toko Seller Sukses 959;Bandung;14/05/2023
SEL-00961;Toko Seller Sukses 960;Cimahi;14/05/2023
SEL-00962;Toko Seller Sukses 961;Bandung;12/08/2022
SEL-00963;Toko Seller Sukses 962;Medan;02/11/2022
SEL-00964;Toko Seller Sukses 963;Medan;23/05/2021
SEL-00965;Toko Seller Sukses 964;Makassar;22/09/2021
SEL-00966;Toko Seller Sukses 965;Makassar;07/07/2022
SEL-00967;Toko Seller Sukses 966;Medan;22/11/2021
SEL-00968;Toko Seller Sukses 967;Jakarta Selatan;10/02/2022
SEL-00969;Toko Seller Sukses 968;Jakarta Pusat;31/07/2021
SEL-00970;Toko Seller Sukses 969;Jakarta Pusat;08/09/2022
SEL-00971;Toko Seller Sukses 970;Cimahi;19/01/2022
SEL-00972;Toko Seller Sukses 971;Jakarta Pusat;14/09/2022
SEL-00973;Toko Seller Sukses 972;Surabaya;03/07/2022
SEL-00974;Toko Seller Sukses 973;Bandung;30/04/2023
SEL-00975;Toko Seller Sukses 974;Medan;01/06/2023
SEL-00976;Toko Seller Sukses 975;Sidoarjo;30/03/2023
SEL-00977;Toko Seller Sukses 976;Medan;06/11/2021
SEL-00978;Toko Seller Sukses 977;Makassar;26/09/2022
SEL-00979;Toko Seller Sukses 978;Surabaya;19/11/2021
SEL-00980;Toko Seller Sukses 979;Surabaya;06/04/2022
SEL-00981;Toko Seller Sukses 980;Makassar;16/10/2021
SEL-00982;Toko Seller Sukses 981;Medan;16/09/2021
SEL-00983;Toko Seller Sukses 982;Yogyakarta;15/11/2021
SEL-00984;Toko Seller Sukses 983;Bandung;20/11/2022
SEL-00985;Toko Seller Sukses 984;Surabaya;01/11/2021
SEL-00986;Toko Seller Sukses 985;Cimahi;22/03/2022
SEL-00987;Toko Seller Sukses 986;Jakarta Selatan;16/10/2022
SEL-00988;Toko Seller Sukses 987;Bandung;01/12/2021
SEL-00989;Toko Seller Sukses 988;Medan;06/10/2022
SEL-00990;Toko Seller Sukses 989;Jakarta Pusat;17/12/2022
SEL-00991;Toko Seller Sukses 990;Jakarta Pusat;19/03/2022
SEL-00992;Toko Seller Sukses 991;Jakarta Pusat;08/04/2022
SEL-00993;Toko Seller Sukses 992;Makassar;26/01/2023
SEL-00994;Toko Seller Sukses 993;Jakarta Selatan;16/05/2023
SEL-00995;Toko Seller Sukses 994;Sidoarjo;19/05/2021
SEL-00996;Toko Seller Sukses 995;Cimahi;09/06/2022
SEL-00997;Toko Seller Sukses 996;Makassar;19/12/2021
SEL-00998;Toko Seller Sukses 997;Yogyakarta;21/01/2023
SEL-00999;Toko Seller Sukses 998;Yogyakarta;08/05/2021
SEL-01000;Toko Seller Sukses 999;Bandung;30/12/2022
SEL-01001;Toko Seller Sukses 1000;Makassar;29/11/2021
SEL-01002;Toko Seller Sukses 1001;Jakarta Selatan;01/03/2022
SEL-01003;Toko Seller Sukses 1002;Bandung;07/01/2022
SEL-01004;Toko Seller Sukses 1003;Jakarta Pusat;10/07/2022
SEL-01005;Toko Seller Sukses 1004;Yogyakarta;23/05/2021
SEL-01006;Toko Seller Sukses 1005;Jakarta Selatan;14/04/2022
SEL-01007;Toko Seller Sukses 1006;Medan;23/01/2023
SEL-01008;Toko Seller Sukses 1007;Makassar;08/02/2023
SEL-01009;Toko Seller Sukses 1008;Bandung;15/03/2022
SEL-01010;Toko Seller Sukses 1009;Bandung;04/03/2023
SEL-01011;Toko Seller Sukses 1010;Surabaya;16/02/2022
SEL-01012;Toko Seller Sukses 1011;Jakarta Pusat;27/11/2022
SEL-01013;Toko Seller Sukses 1012;Yogyakarta;05/10/2022
SEL-01014;Toko Seller Sukses 1013;Cimahi;16/07/2022
SEL-01015;Toko Seller Sukses 1014;Jakarta Selatan;29/01/2023
SEL-01016;Toko Seller Sukses 1015;Sidoarjo;19/05/2021
SEL-01017;Toko Seller Sukses 1016;Surabaya;17/05/2021
SEL-01018;Toko Seller Sukses 1017;Sidoarjo;21/12/2021
SEL-01019;Toko Seller Sukses 1018;Cimahi;29/06/2021
SEL-01020;Toko Seller Sukses 1019;Jakarta Selatan;06/12/2021
SEL-01021;Toko Seller Sukses 1020;Makassar;23/11/2021
SEL-01022;Toko Seller Sukses 1021;Bandung;01/01/2023
SEL-01023;Toko Seller Sukses 1022;Makassar;12/07/2021
SEL-01024;Toko Seller Sukses 1023;Makassar;02/02/2022
SEL-01025;Toko Seller Sukses 1024;Surabaya;12/06/2021
SEL-01026;Toko Seller Sukses 1025;Medan;20/01/2023
SEL-01027;Toko Seller Sukses 1026;Cimahi;13/01/2022
SEL-01028;Toko Seller Sukses 1027;Surabaya;27/06/2021
SEL-01029;Toko Seller Sukses 1028;Makassar;07/11/2022
SEL-01030;Toko Seller Sukses 1029;Medan;18/10/2021
SEL-01031;Toko Seller Sukses 1030;Bandung;13/02/2022
SEL-01032;Toko Seller Sukses 1031;Bandung;20/08/2021
SEL-01033;Toko Seller Sukses 1032;Sidoarjo;06/07/2021
SEL-01034;Toko Seller Sukses 1033;Medan;14/10/2022
SEL-01035;Toko Seller Sukses 1034;Jakarta Selatan;18/01/2023
SEL-01036;Toko Seller Sukses 1035;Makassar;15/09/2021
SEL-01037;Toko Seller Sukses 1036;Surabaya;25/09/2021
SEL-01038;Toko Seller Sukses 1037;Surabaya;27/04/2022
SEL-01039;Toko Seller Sukses 1038;Yogyakarta;29/04/2022
SEL-01040;Toko Seller Sukses 1039;Surabaya;19/02/2022
SEL-01041;Toko Seller Sukses 1040;Jakarta Pusat;28/12/2022
SEL-01042;Toko Seller Sukses 1041;Surabaya;16/08/2022
SEL-01043;Toko Seller Sukses 1042;Medan;06/05/2023
SEL-01044;Toko Seller Sukses 1043;Jakarta Selatan;11/01/2022
SEL-01045;Toko Seller Sukses 1044;Bandung;05/01/2023
SEL-01046;Toko Seller Sukses 1045;Yogyakarta;20/12/2021
SEL-01047;Toko Seller Sukses 1046;Jakarta Selatan;29/12/2022
SEL-01048;Toko Seller Sukses 1047;Bandung;02/09/2021
SEL-01049;Toko Seller Sukses 1048;Yogyakarta;01/10/2022
SEL-01050;Toko Seller Sukses 1049;Makassar;07/10/2021
SEL-01051;Toko Seller Sukses 1050;Jakarta Pusat;05/08/2022
SEL-01052;Toko Seller Sukses 1051;Jakarta Selatan;27/12/2021
SEL-01053;Toko Seller Sukses 1052;Jakarta Pusat;04/09/2022
SEL-01054;Toko Seller Sukses 1053;Yogyakarta;10/06/2021
SEL-01055;Toko Seller Sukses 1054;Medan;21/08/2022
SEL-01056;Toko Seller Sukses 1055;Makassar;10/05/2023
SEL-01057;Toko Seller Sukses 1056;Jakarta Pusat;30/03/2022
SEL-01058;Toko Seller Sukses 1057;Yogyakarta;08/05/2021
SEL-01059;Toko Seller Sukses 1058;Bandung;27/09/2022
SEL-01060;Toko Seller Sukses 1059;Jakarta Selatan;28/06/2023
SEL-01061;Toko Seller Sukses 1060;Yogyakarta;02/03/2022
SEL-01062;Toko Seller Sukses 1061;Jakarta Selatan;31/08/2021
SEL-01063;Toko Seller Sukses 1062;Sidoarjo;13/09/2021
SEL-01064;Toko Seller Sukses 1063;Cimahi;21/06/2023
SEL-01065;Toko Seller Sukses 1064;Makassar;15/08/2021
SEL-01066;Toko Seller Sukses 1065;Cimahi;06/08/2022
SEL-01067;Toko Seller Sukses 1066;Bandung;01/11/2021
SEL-01068;Toko Seller Sukses 1067;Sidoarjo;02/12/2022
SEL-01069;Toko Seller Sukses 1068;Medan;30/07/2022
SEL-01070;Toko Seller Sukses 1069;Cimahi;18/08/2021
SEL-01071;Toko Seller Sukses 1070;Bandung;17/01/2023
SEL-01072;Toko Seller Sukses 1071;Bandung;31/07/2021
SEL-01073;Toko Seller Sukses 1072;Jakarta Selatan;18/03/2022
SEL-01074;Toko Seller Sukses 1073;Yogyakarta;29/06/2021
SEL-01075;Toko Seller Sukses 1074;Medan;03/01/2022
SEL-01076;Toko Seller Sukses 1075;Medan;05/04/2023
SEL-01077;Toko Seller Sukses 1076;Bandung;02/05/2023
SEL-01078;Toko Seller Sukses 1077;Jakarta Pusat;03/03/2022
SEL-01079;Toko Seller Sukses 1078;Sidoarjo;21/10/2021
SEL-01080;Toko Seller Sukses 1079;Makassar;11/05/2022
SEL-01081;Toko Seller Sukses 1080;Sidoarjo;19/12/2021
SEL-01082;Toko Seller Sukses 1081;Sidoarjo;16/03/2022
SEL-01083;Toko Seller Sukses 1082;Medan;08/03/2022
SEL-01084;Toko Seller Sukses 1083;Medan;30/03/2022
SEL-01085;Toko Seller Sukses 1084;Makassar;31/07/2022
SEL-01086;Toko Seller Sukses 1085;Makassar;06/04/2022
SEL-01087;Toko Seller Sukses 1086;Makassar;18/05/2022
SEL-01088;Toko Seller Sukses 1087;Makassar;29/12/2022
SEL-01089;Toko Seller Sukses 1088;Sidoarjo;02/07/2021
SEL-01090;Toko Seller Sukses 1089;Sidoarjo;21/04/2023
SEL-01091;Toko Seller Sukses 1090;Surabaya;26/03/2022
SEL-01092;Toko Seller Sukses 1091;Makassar;06/08/2021
SEL-01093;Toko Seller Sukses 1092;Surabaya;26/04/2022
SEL-01094;Toko Seller Sukses 1093;Jakarta Selatan;10/06/2023
SEL-01095;Toko Seller Sukses 1094;Surabaya;01/08/2021
SEL-01096;Toko Seller Sukses 1095;Surabaya;03/06/2021
SEL-01097;Toko Seller Sukses 1096;Jakarta Selatan;16/11/2022
SEL-01098;Toko Seller Sukses 1097;Sidoarjo;06/10/2022
SEL-01099;Toko Seller Sukses 1098;Yogyakarta;21/05/2021
SEL-01100;Toko Seller Sukses 1099;Makassar;30/06/2023
SEL-01101;Toko Seller Sukses 1100;Jakarta Pusat;30/06/2021
SEL-01102;Toko Seller Sukses 1101;Medan;26/06/2021
SEL-01103;Toko Seller Sukses 1102;Medan;19/10/2022
SEL-01104;Toko Seller Sukses 1103;Yogyakarta;19/05/2023
SEL-01105;Toko Seller Sukses 1104;Jakarta Selatan;19/11/2022
SEL-01106;Toko Seller Sukses 1105;Surabaya;27/11/2021
SEL-01107;Toko Seller Sukses 1106;Cimahi;17/12/2021
SEL-01108;Toko Seller Sukses 1107;Yogyakarta;14/04/2023
SEL-01109;Toko Seller Sukses 1108;Yogyakarta;28/04/2023
SEL-01110;Toko Seller Sukses 1109;Medan;15/10/2021
SEL-01111;Toko Seller Sukses 1110;Bandung;27/02/2023
SEL-01112;Toko Seller Sukses 1111;Makassar;03/04/2023
SEL-01113;Toko Seller Sukses 1112;Bandung;06/08/2022
SEL-01114;Toko Seller Sukses 1113;Bandung;03/07/2022
SEL-01115;Toko Seller Sukses 1114;Cimahi;31/01/2022
SEL-01116;Toko Seller Sukses 1115;Cimahi;19/05/2022
SEL-01117;Toko Seller Sukses 1116;Bandung;12/08/2021
SEL-01118;Toko Seller Sukses 1117;Jakarta Pusat;28/06/2022
SEL-01119;Toko Seller Sukses 1118;Jakarta Pusat;22/09/2021
SEL-01120;Toko Seller Sukses 1119;Jakarta Pusat;27/07/2022
SEL-01121;Toko Seller Sukses 1120;Bandung;22/09/2021
SEL-01122;Toko Seller Sukses 1121;Jakarta Selatan;19/11/2021
SEL-01123;Toko Seller Sukses 1122;Yogyakarta;01/03/2023
SEL-01124;Toko Seller Sukses 1123;Surabaya;25/08/2022
SEL-01125;Toko Seller Sukses 1124;Yogyakarta;01/10/2021
SEL-01126;Toko Seller Sukses 1125;Makassar;16/09/2021
SEL-01127;Toko Seller Sukses 1126;Bandung;10/06/2023
SEL-01128;Toko Seller Sukses 1127;Medan;07/11/2021
SEL-01129;Toko Seller Sukses 1128;Yogyakarta;07/07/2022
SEL-01130;Toko Seller Sukses 1129;Cimahi;27/11/2021
SEL-01131;Toko Seller Sukses 1130;Sidoarjo;25/09/2022
SEL-01132;Toko Seller Sukses 1131;Jakarta Pusat;04/06/2023
SEL-01133;Toko Seller Sukses 1132;Yogyakarta;06/02/2022
SEL-01134;Toko Seller Sukses 1133;Yogyakarta;26/06/2023
SEL-01135;Toko Seller Sukses 1134;Bandung;11/04/2022
SEL-01136;Toko Seller Sukses 1135;Sidoarjo;04/07/2022
SEL-01137;Toko Seller Sukses 1136;Makassar;06/09/2022
SEL-01138;Toko Seller Sukses 1137;Surabaya;20/01/2022
SEL-01139;Toko Seller Sukses 1138;Sidoarjo;02/05/2022
SEL-01140;Toko Seller Sukses 1139;Sidoarjo;28/03/2023
SEL-01141;Toko Seller Sukses 1140;Yogyakarta;05/07/2021
SEL-01142;Toko Seller Sukses 1141;Jakarta Pusat;25/05/2021
SEL-01143;Toko Seller Sukses 1142;Medan;02/05/2022
SEL-01144;Toko Seller Sukses 1143;Jakarta Pusat;25/02/2022
SEL-01145;Toko Seller Sukses 1144;Jakarta Pusat;15/10/2022
SEL-01146;Toko Seller Sukses 1145;Jakarta Selatan;01/11/2022
SEL-01147;Toko Seller Sukses 1146;Medan;09/07/2023
SEL-01148;Toko Seller Sukses 1147;Makassar;25/07/2021
SEL-01149;Toko Seller Sukses 1148;Jakarta Selatan;07/05/2021
SEL-01150;Toko Seller Sukses 1149;Jakarta Selatan;08/07/2021
SEL-01151;Toko Seller Sukses 1150;Surabaya;03/01/2022
SEL-01152;Toko Seller Sukses 1151;Surabaya;15/01/2022
SEL-01153;Toko Seller Sukses 1152;Bandung;03/02/2023
SEL-01154;Toko Seller Sukses 1153;Makassar;18/02/2023
SEL-01155;Toko Seller Sukses 1154;Bandung;03/05/2023
SEL-01156;Toko Seller Sukses 1155;Cimahi;20/09/2021
SEL-01157;Toko Seller Sukses 1156;Jakarta Pusat;02/05/2021
SEL-01158;Toko Seller Sukses 1157;Sidoarjo;21/03/2022
SEL-01159;Toko Seller Sukses 1158;Jakarta Pusat;19/06/2022
SEL-01160;Toko Seller Sukses 1159;Jakarta Selatan;05/05/2021
SEL-01161;Toko Seller Sukses 1160;Sidoarjo;02/02/2023
SEL-01162;Toko Seller Sukses 1161;Jakarta Pusat;02/10/2021
SEL-01163;Toko Seller Sukses 1162;Cimahi;09/10/2021
SEL-01164;Toko Seller Sukses 1163;Bandung;23/06/2022
SEL-01165;Toko Seller Sukses 1164;Jakarta Selatan;31/01/2022
SEL-01166;Toko Seller Sukses 1165;Jakarta Selatan;04/08/2021
SEL-01167;Toko Seller Sukses 1166;Sidoarjo;14/01/2022
SEL-01168;Toko Seller Sukses 1167;Sidoarjo;19/06/2023
SEL-01169;Toko Seller Sukses 1168;Jakarta Selatan;07/11/2022
SEL-01170;Toko Seller Sukses 1169;Bandung;10/05/2022
SEL-01171;Toko Seller Sukses 1170;Bandung;20/12/2021
SEL-01172;Toko Seller Sukses 1171;Cimahi;08/06/2023
SEL-01173;Toko Seller Sukses 1172;Yogyakarta;13/10/2022
SEL-01174;Toko Seller Sukses 1173;Medan;14/04/2022
SEL-01175;Toko Seller Sukses 1174;Medan;04/01/2023
SEL-01176;Toko Seller Sukses 1175;Surabaya;27/10/2021
SEL-01177;Toko Seller Sukses 1176;Bandung;03/02/2023
SEL-01178;Toko Seller Sukses 1177;Cimahi;20/01/2022
SEL-01179;Toko Seller Sukses 1178;Medan;30/07/2021
SEL-01180;Toko Seller Sukses 1179;Yogyakarta;18/10/2022
SEL-01181;Toko Seller Sukses 1180;Surabaya;17/07/2022
SEL-01182;Toko Seller Sukses 1181;Medan;14/07/2021
SEL-01183;Toko Seller Sukses 1182;Medan;07/04/2023
SEL-01184;Toko Seller Sukses 1183;Jakarta Pusat;21/08/2021
SEL-01185;Toko Seller Sukses 1184;Makassar;09/01/2023
SEL-01186;Toko Seller Sukses 1185;Cimahi;29/06/2021
SEL-01187;Toko Seller Sukses 1186;Cimahi;04/09/2022
SEL-01188;Toko Seller Sukses 1187;Yogyakarta;01/05/2021
SEL-01189;Toko Seller Sukses 1188;Makassar;13/07/2022
SEL-01190;Toko Seller Sukses 1189;Bandung;23/08/2022
SEL-01191;Toko Seller Sukses 1190;Sidoarjo;08/02/2023
SEL-01192;Toko Seller Sukses 1191;Makassar;20/05/2021
SEL-01193;Toko Seller Sukses 1192;Surabaya;08/06/2022
SEL-01194;Toko Seller Sukses 1193;Medan;10/06/2023
SEL-01195;Toko Seller Sukses 1194;Medan;16/01/2022
SEL-01196;Toko Seller Sukses 1195;Jakarta Selatan;14/03/2023
SEL-01197;Toko Seller Sukses 1196;Makassar;22/12/2021
SEL-01198;Toko Seller Sukses 1197;Yogyakarta;11/03/2023
SEL-01199;Toko Seller Sukses 1198;Sidoarjo;24/08/2022
SEL-01200;Toko Seller Sukses 1199;Medan;28/02/2022
SEL-01201;Toko Seller Sukses 1200;Makassar;12/04/2023
SEL-01202;Toko Seller Sukses 1201;Makassar;12/07/2021
SEL-01203;Toko Seller Sukses 1202;Surabaya;30/12/2022
SEL-01204;Toko Seller Sukses 1203;Yogyakarta;14/03/2023
SEL-01205;Toko Seller Sukses 1204;Jakarta Pusat;30/11/2022
SEL-01206;Toko Seller Sukses 1205;Yogyakarta;06/01/2022
SEL-01207;Toko Seller Sukses 1206;Medan;11/06/2022
SEL-01208;Toko Seller Sukses 1207;Cimahi;12/09/2021
SEL-01209;Toko Seller Sukses 1208;Jakarta Selatan;26/02/2022
SEL-01210;Toko Seller Sukses 1209;Jakarta Pusat;03/07/2022
SEL-01211;Toko Seller Sukses 1210;Bandung;07/04/2022
SEL-01212;Toko Seller Sukses 1211;Jakarta Selatan;09/05/2021
SEL-01213;Toko Seller Sukses 1212;Jakarta Selatan;12/07/2021
SEL-01214;Toko Seller Sukses 1213;Jakarta Pusat;08/04/2023
SEL-01215;Toko Seller Sukses 1214;Yogyakarta;25/05/2023
SEL-01216;Toko Seller Sukses 1215;Jakarta Selatan;31/12/2021
SEL-01217;Toko Seller Sukses 1216;Jakarta Selatan;09/05/2023
SEL-01218;Toko Seller Sukses 1217;Jakarta Pusat;04/05/2023
SEL-01219;Toko Seller Sukses 1218;Surabaya;18/09/2021
SEL-01220;Toko Seller Sukses 1219;Sidoarjo;21/06/2021
SEL-01221;Toko Seller Sukses 1220;Yogyakarta;15/08/2021
SEL-01222;Toko Seller Sukses 1221;Surabaya;22/12/2021
SEL-01223;Toko Seller Sukses 1222;Jakarta Pusat;28/02/2023
SEL-01224;Toko Seller Sukses 1223;Jakarta Selatan;13/12/2022
SEL-01225;Toko Seller Sukses 1224;Bandung;10/12/2022
SEL-01226;Toko Seller Sukses 1225;Surabaya;15/10/2022
SEL-01227;Toko Seller Sukses 1226;Yogyakarta;09/04/2023
SEL-01228;Toko Seller Sukses 1227;Bandung;01/04/2023
SEL-01229;Toko Seller Sukses 1228;Makassar;13/11/2021
SEL-01230;Toko Seller Sukses 1229;Medan;08/11/2022
SEL-01231;Toko Seller Sukses 1230;Bandung;10/06/2021
SEL-01232;Toko Seller Sukses 1231;Surabaya;22/01/2023
SEL-01233;Toko Seller Sukses 1232;Jakarta Pusat;29/04/2023
SEL-01234;Toko Seller Sukses 1233;Jakarta Pusat;28/03/2023
SEL-01235;Toko Seller Sukses 1234;Makassar;21/05/2021
SEL-01236;Toko Seller Sukses 1235;Yogyakarta;12/07/2021
SEL-01237;Toko Seller Sukses 1236;Sidoarjo;27/07/2022
SEL-01238;Toko Seller Sukses 1237;Medan;15/07/2022
SEL-01239;Toko Seller Sukses 1238;Sidoarjo;06/05/2023
SEL-01240;Toko Seller Sukses 1239;Jakarta Selatan;31/03/2022
SEL-01241;Toko Seller Sukses 1240;Surabaya;03/04/2023
SEL-01242;Toko Seller Sukses 1241;Jakarta Pusat;21/12/2022
SEL-01243;Toko Seller Sukses 1242;Surabaya;10/09/2021
SEL-01244;Toko Seller Sukses 1243;Sidoarjo;30/07/2022
SEL-01245;Toko Seller Sukses 1244;Sidoarjo;08/09/2022
SEL-01246;Toko Seller Sukses 1245;Medan;30/05/2023
SEL-01247;Toko Seller Sukses 1246;Jakarta Selatan;18/06/2022
SEL-01248;Toko Seller Sukses 1247;Surabaya;08/08/2022
SEL-01249;Toko Seller Sukses 1248;Jakarta Pusat;16/10/2022
SEL-01250;Toko Seller Sukses 1249;Yogyakarta;12/06/2022
SEL-01251;Toko Seller Sukses 1250;Makassar;17/12/2021
SEL-01252;Toko Seller Sukses 1251;Bandung;13/08/2021
SEL-01253;Toko Seller Sukses 1252;Bandung;25/03/2023
SEL-01254;Toko Seller Sukses 1253;Yogyakarta;16/08/2021
SEL-01255;Toko Seller Sukses 1254;Jakarta Pusat;28/04/2023
SEL-01256;Toko Seller Sukses 1255;Jakarta Selatan;12/02/2023
SEL-01257;Toko Seller Sukses 1256;Jakarta Pusat;23/08/2022
SEL-01258;Toko Seller Sukses 1257;Jakarta Pusat;25/04/2023
SEL-01259;Toko Seller Sukses 1258;Medan;04/11/2021
SEL-01260;Toko Seller Sukses 1259;Yogyakarta;09/03/2022
SEL-01261;Toko Seller Sukses 1260;Makassar;15/03/2023
SEL-01262;Toko Seller Sukses 1261;Jakarta Selatan;13/01/2023
SEL-01263;Toko Seller Sukses 1262;Medan;30/11/2021
SEL-01264;Toko Seller Sukses 1263;Bandung;18/08/2021
SEL-01265;Toko Seller Sukses 1264;Bandung;21/10/2021
SEL-01266;Toko Seller Sukses 1265;Sidoarjo;07/02/2023
SEL-01267;Toko Seller Sukses 1266;Makassar;23/10/2021
SEL-01268;Toko Seller Sukses 1267;Jakarta Pusat;11/03/2023
SEL-01269;Toko Seller Sukses 1268;Yogyakarta;01/10/2021
SEL-01270;Toko Seller Sukses 1269;Jakarta Pusat;30/06/2022
SEL-01271;Toko Seller Sukses 1270;Medan;09/10/2022
SEL-01272;Toko Seller Sukses 1271;Jakarta Pusat;05/04/2023
SEL-01273;Toko Seller Sukses 1272;Makassar;13/02/2023
SEL-01274;Toko Seller Sukses 1273;Yogyakarta;24/05/2022
SEL-01275;Toko Seller Sukses 1274;Surabaya;20/10/2022
SEL-01276;Toko Seller Sukses 1275;Sidoarjo;12/04/2023
SEL-01277;Toko Seller Sukses 1276;Makassar;05/06/2021
SEL-01278;Toko Seller Sukses 1277;Cimahi;06/06/2021
SEL-01279;Toko Seller Sukses 1278;Yogyakarta;21/06/2021
SEL-01280;Toko Seller Sukses 1279;Surabaya;04/08/2021
SEL-01281;Toko Seller Sukses 1280;Makassar;16/06/2023
SEL-01282;Toko Seller Sukses 1281;Bandung;10/07/2022
SEL-01283;Toko Seller Sukses 1282;Surabaya;24/08/2021
SEL-01284;Toko Seller Sukses 1283;Surabaya;05/11/2021
SEL-01285;Toko Seller Sukses 1284;Makassar;02/02/2023
SEL-01286;Toko Seller Sukses 1285;Medan;06/05/2021
SEL-01287;Toko Seller Sukses 1286;Jakarta Pusat;09/12/2022
SEL-01288;Toko Seller Sukses 1287;Bandung;22/08/2022
SEL-01289;Toko Seller Sukses 1288;Cimahi;26/10/2021
SEL-01290;Toko Seller Sukses 1289;Jakarta Pusat;22/12/2021
SEL-01291;Toko Seller Sukses 1290;Makassar;01/03/2023
SEL-01292;Toko Seller Sukses 1291;Medan;27/08/2022
SEL-01293;Toko Seller Sukses 1292;Jakarta Selatan;21/12/2022
SEL-01294;Toko Seller Sukses 1293;Sidoarjo;02/03/2023
SEL-01295;Toko Seller Sukses 1294;Bandung;19/11/2021
SEL-01296;Toko Seller Sukses 1295;Jakarta Selatan;19/06/2021
SEL-01297;Toko Seller Sukses 1296;Sidoarjo;02/02/2023
SEL-01298;Toko Seller Sukses 1297;Jakarta Selatan;11/04/2022
SEL-01299;Toko Seller Sukses 1298;Surabaya;17/09/2022
SEL-01300;Toko Seller Sukses 1299;Yogyakarta;02/03/2023
SEL-01301;Toko Seller Sukses 1300;Jakarta Pusat;31/03/2023
SEL-01302;Toko Seller Sukses 1301;Sidoarjo;26/08/2021
SEL-01303;Toko Seller Sukses 1302;Makassar;23/12/2022
SEL-01304;Toko Seller Sukses 1303;Jakarta Selatan;24/01/2022
SEL-01305;Toko Seller Sukses 1304;Surabaya;25/10/2022
SEL-01306;Toko Seller Sukses 1305;Surabaya;02/08/2022
SEL-01307;Toko Seller Sukses 1306;Bandung;23/06/2022
SEL-01308;Toko Seller Sukses 1307;Surabaya;10/11/2022
SEL-01309;Toko Seller Sukses 1308;Bandung;22/12/2022
SEL-01310;Toko Seller Sukses 1309;Jakarta Pusat;24/10/2021
SEL-01311;Toko Seller Sukses 1310;Jakarta Pusat;09/04/2023
SEL-01312;Toko Seller Sukses 1311;Medan;30/12/2021
SEL-01313;Toko Seller Sukses 1312;Yogyakarta;28/08/2021
SEL-01314;Toko Seller Sukses 1313;Surabaya;23/11/2021
SEL-01315;Toko Seller Sukses 1314;Jakarta Pusat;05/03/2023
SEL-01316;Toko Seller Sukses 1315;Makassar;27/10/2022
SEL-01317;Toko Seller Sukses 1316;Bandung;07/03/2023
SEL-01318;Toko Seller Sukses 1317;Jakarta Pusat;09/03/2023
SEL-01319;Toko Seller Sukses 1318;Makassar;06/08/2022
SEL-01320;Toko Seller Sukses 1319;Bandung;16/03/2023
SEL-01321;Toko Seller Sukses 1320;Jakarta Selatan;10/01/2023
SEL-01322;Toko Seller Sukses 1321;Cimahi;13/12/2021
SEL-01323;Toko Seller Sukses 1322;Yogyakarta;30/07/2022
SEL-01324;Toko Seller Sukses 1323;Sidoarjo;08/11/2022
SEL-01325;Toko Seller Sukses 1324;Jakarta Pusat;23/03/2023
SEL-01326;Toko Seller Sukses 1325;Yogyakarta;12/02/2023
SEL-01327;Toko Seller Sukses 1326;Makassar;05/03/2023
SEL-01328;Toko Seller Sukses 1327;Yogyakarta;22/03/2023
SEL-01329;Toko Seller Sukses 1328;Jakarta Selatan;17/09/2022
SEL-01330;Toko Seller Sukses 1329;Sidoarjo;24/01/2022
SEL-01331;Toko Seller Sukses 1330;Medan;14/02/2022
SEL-01332;Toko Seller Sukses 1331;Sidoarjo;26/08/2022
SEL-01333;Toko Seller Sukses 1332;Yogyakarta;28/05/2022
SEL-01334;Toko Seller Sukses 1333;Makassar;10/12/2021
SEL-01335;Toko Seller Sukses 1334;Jakarta Pusat;04/08/2022
SEL-01336;Toko Seller Sukses 1335;Surabaya;01/01/2022
SEL-01337;Toko Seller Sukses 1336;Cimahi;23/07/2022
SEL-01338;Toko Seller Sukses 1337;Cimahi;30/08/2021
SEL-01339;Toko Seller Sukses 1338;Medan;16/04/2023
SEL-01340;Toko Seller Sukses 1339;Jakarta Selatan;19/11/2021
SEL-01341;Toko Seller Sukses 1340;Medan;14/11/2021
SEL-01342;Toko Seller Sukses 1341;Medan;27/08/2021
SEL-01343;Toko Seller Sukses 1342;Surabaya;23/11/2021
SEL-01344;Toko Seller Sukses 1343;Jakarta Pusat;28/09/2021
SEL-01345;Toko Seller Sukses 1344;Makassar;23/02/2023
SEL-01346;Toko Seller Sukses 1345;Sidoarjo;03/08/2021
SEL-01347;Toko Seller Sukses 1346;Bandung;25/05/2021
SEL-01348;Toko Seller Sukses 1347;Sidoarjo;27/11/2021
SEL-01349;Toko Seller Sukses 1348;Sidoarjo;25/06/2021
SEL-01350;Toko Seller Sukses 1349;Jakarta Pusat;07/11/2022
SEL-01351;Toko Seller Sukses 1350;Jakarta Selatan;20/05/2022
SEL-01352;Toko Seller Sukses 1351;Sidoarjo;21/12/2022
SEL-01353;Toko Seller Sukses 1352;Jakarta Pusat;19/11/2022
SEL-01354;Toko Seller Sukses 1353;Medan;17/02/2022
SEL-01355;Toko Seller Sukses 1354;Cimahi;02/09/2021
SEL-01356;Toko Seller Sukses 1355;Jakarta Selatan;06/06/2023
SEL-01357;Toko Seller Sukses 1356;Sidoarjo;26/09/2022
SEL-01358;Toko Seller Sukses 1357;Yogyakarta;05/01/2022
SEL-01359;Toko Seller Sukses 1358;Makassar;28/06/2022
SEL-01360;Toko Seller Sukses 1359;Yogyakarta;18/06/2022
SEL-01361;Toko Seller Sukses 1360;Medan;08/11/2021
SEL-01362;Toko Seller Sukses 1361;Jakarta Selatan;22/12/2021
SEL-01363;Toko Seller Sukses 1362;Makassar;06/11/2021
SEL-01364;Toko Seller Sukses 1363;Sidoarjo;23/10/2021
SEL-01365;Toko Seller Sukses 1364;Jakarta Selatan;08/10/2022
SEL-01366;Toko Seller Sukses 1365;Bandung;05/03/2023
SEL-01367;Toko Seller Sukses 1366;Jakarta Pusat;07/01/2023
SEL-01368;Toko Seller Sukses 1367;Makassar;04/07/2022
SEL-01369;Toko Seller Sukses 1368;Bandung;18/07/2022
SEL-01370;Toko Seller Sukses 1369;Sidoarjo;02/03/2022
SEL-01371;Toko Seller Sukses 1370;Cimahi;25/07/2021
SEL-01372;Toko Seller Sukses 1371;Cimahi;31/12/2021
SEL-01373;Toko Seller Sukses 1372;Yogyakarta;25/06/2023
SEL-01374;Toko Seller Sukses 1373;Cimahi;21/04/2022
SEL-01375;Toko Seller Sukses 1374;Surabaya;07/11/2022
SEL-01376;Toko Seller Sukses 1375;Cimahi;11/01/2022
SEL-01377;Toko Seller Sukses 1376;Yogyakarta;25/02/2022
SEL-01378;Toko Seller Sukses 1377;Jakarta Pusat;24/09/2022
SEL-01379;Toko Seller Sukses 1378;Yogyakarta;19/10/2022
SEL-01380;Toko Seller Sukses 1379;Cimahi;14/12/2022
SEL-01381;Toko Seller Sukses 1380;Makassar;17/06/2023
SEL-01382;Toko Seller Sukses 1381;Medan;11/08/2021
SEL-01383;Toko Seller Sukses 1382;Medan;31/03/2023
SEL-01384;Toko Seller Sukses 1383;Bandung;25/07/2021
SEL-01385;Toko Seller Sukses 1384;Jakarta Selatan;29/04/2023
SEL-01386;Toko Seller Sukses 1385;Bandung;18/07/2021
SEL-01387;Toko Seller Sukses 1386;Makassar;30/04/2022
SEL-01388;Toko Seller Sukses 1387;Cimahi;30/01/2022
SEL-01389;Toko Seller Sukses 1388;Surabaya;20/05/2022
SEL-01390;Toko Seller Sukses 1389;Jakarta Selatan;20/07/2022
SEL-01391;Toko Seller Sukses 1390;Makassar;10/04/2023
SEL-01392;Toko Seller Sukses 1391;Cimahi;02/08/2021
SEL-01393;Toko Seller Sukses 1392;Jakarta Pusat;22/12/2022
SEL-01394;Toko Seller Sukses 1393;Jakarta Pusat;01/04/2023
SEL-01395;Toko Seller Sukses 1394;Bandung;13/05/2023
SEL-01396;Toko Seller Sukses 1395;Yogyakarta;13/03/2023
SEL-01397;Toko Seller Sukses 1396;Yogyakarta;25/06/2023
SEL-01398;Toko Seller Sukses 1397;Makassar;04/07/2023
SEL-01399;Toko Seller Sukses 1398;Surabaya;19/02/2023
SEL-01400;Toko Seller Sukses 1399;Makassar;31/10/2021
SEL-01401;Toko Seller Sukses 1400;Cimahi;27/10/2022
SEL-01402;Toko Seller Sukses 1401;Cimahi;06/06/2022
SEL-01403;Toko Seller Sukses 1402;Bandung;19/05/2022
SEL-01404;Toko Seller Sukses 1403;Yogyakarta;06/05/2022
SEL-01405;Toko Seller Sukses 1404;Jakarta Selatan;22/01/2023
SEL-01406;Toko Seller Sukses 1405;Sidoarjo;23/01/2023
SEL-01407;Toko Seller Sukses 1406;Medan;16/04/2022
SEL-01408;Toko Seller Sukses 1407;Bandung;06/05/2023
SEL-01409;Toko Seller Sukses 1408;Cimahi;05/01/2022
SEL-01410;Toko Seller Sukses 1409;Yogyakarta;17/05/2021
SEL-01411;Toko Seller Sukses 1410;Medan;13/03/2023
SEL-01412;Toko Seller Sukses 1411;Yogyakarta;29/01/2022
SEL-01413;Toko Seller Sukses 1412;Sidoarjo;02/09/2021
SEL-01414;Toko Seller Sukses 1413;Surabaya;19/03/2023
SEL-01415;Toko Seller Sukses 1414;Jakarta Selatan;24/02/2023
SEL-01416;Toko Seller Sukses 1415;Medan;30/12/2021
SEL-01417;Toko Seller Sukses 1416;Cimahi;22/10/2021
SEL-01418;Toko Seller Sukses 1417;Cimahi;14/08/2021
SEL-01419;Toko Seller Sukses 1418;Jakarta Pusat;04/05/2023
SEL-01420;Toko Seller Sukses 1419;Medan;16/10/2021
SEL-01421;Toko Seller Sukses 1420;Surabaya;15/04/2022
SEL-01422;Toko Seller Sukses 1421;Sidoarjo;30/04/2023
SEL-01423;Toko Seller Sukses 1422;Bandung;17/07/2021
SEL-01424;Toko Seller Sukses 1423;Makassar;24/05/2023
SEL-01425;Toko Seller Sukses 1424;Jakarta Pusat;23/10/2022
SEL-01426;Toko Seller Sukses 1425;Jakarta Pusat;30/11/2021
SEL-01427;Toko Seller Sukses 1426;Makassar;01/04/2022
SEL-01428;Toko Seller Sukses 1427;Bandung;03/12/2022
SEL-01429;Toko Seller Sukses 1428;Bandung;10/03/2023
SEL-01430;Toko Seller Sukses 1429;Medan;02/05/2022
SEL-01431;Toko Seller Sukses 1430;Surabaya;07/11/2021
SEL-01432;Toko Seller Sukses 1431;Medan;15/10/2022
SEL-01433;Toko Seller Sukses 1432;Yogyakarta;29/01/2022
SEL-01434;Toko Seller Sukses 1433;Medan;20/08/2022
SEL-01435;Toko Seller Sukses 1434;Medan;29/09/2022
SEL-01436;Toko Seller Sukses 1435;Medan;05/05/2021
SEL-01437;Toko Seller Sukses 1436;Yogyakarta;03/09/2022
SEL-01438;Toko Seller Sukses 1437;Bandung;04/07/2021
SEL-01439;Toko Seller Sukses 1438;Cimahi;03/12/2021
SEL-01440;Toko Seller Sukses 1439;Surabaya;01/02/2022
SEL-01441;Toko Seller Sukses 1440;Cimahi;06/06/2023
SEL-01442;Toko Seller Sukses 1441;Yogyakarta;26/05/2022
SEL-01443;Toko Seller Sukses 1442;Medan;12/05/2022
SEL-01444;Toko Seller Sukses 1443;Yogyakarta;02/01/2022
SEL-01445;Toko Seller Sukses 1444;Makassar;18/07/2021
SEL-01446;Toko Seller Sukses 1445;Jakarta Pusat;17/07/2022
SEL-01447;Toko Seller Sukses 1446;Cimahi;20/08/2021
SEL-01448;Toko Seller Sukses 1447;Cimahi;28/12/2021
SEL-01449;Toko Seller Sukses 1448;Surabaya;08/08/2022
SEL-01450;Toko Seller Sukses 1449;Sidoarjo;09/10/2021
SEL-01451;Toko Seller Sukses 1450;Medan;27/12/2022
SEL-01452;Toko Seller Sukses 1451;Bandung;11/01/2022
SEL-01453;Toko Seller Sukses 1452;Bandung;06/05/2023
SEL-01454;Toko Seller Sukses 1453;Surabaya;06/06/2021
SEL-01455;Toko Seller Sukses 1454;Sidoarjo;27/08/2022
SEL-01456;Toko Seller Sukses 1455;Medan;24/09/2021
SEL-01457;Toko Seller Sukses 1456;Surabaya;04/06/2022
SEL-01458;Toko Seller Sukses 1457;Sidoarjo;27/05/2022
SEL-01459;Toko Seller Sukses 1458;Jakarta Selatan;22/08/2021
SEL-01460;Toko Seller Sukses 1459;Surabaya;09/11/2022
SEL-01461;Toko Seller Sukses 1460;Yogyakarta;21/05/2023
SEL-01462;Toko Seller Sukses 1461;Medan;31/05/2023
SEL-01463;Toko Seller Sukses 1462;Cimahi;06/02/2023
SEL-01464;Toko Seller Sukses 1463;Cimahi;30/04/2022
SEL-01465;Toko Seller Sukses 1464;Cimahi;06/05/2021
SEL-01466;Toko Seller Sukses 1465;Medan;16/10/2021
SEL-01467;Toko Seller Sukses 1466;Bandung;08/03/2023
SEL-01468;Toko Seller Sukses 1467;Jakarta Pusat;05/06/2021
SEL-01469;Toko Seller Sukses 1468;Bandung;28/07/2022
SEL-01470;Toko Seller Sukses 1469;Jakarta Selatan;18/04/2022
SEL-01471;Toko Seller Sukses 1470;Jakarta Pusat;10/06/2021
SEL-01472;Toko Seller Sukses 1471;Jakarta Selatan;07/06/2021
SEL-01473;Toko Seller Sukses 1472;Surabaya;15/05/2021
SEL-01474;Toko Seller Sukses 1473;Bandung;24/11/2022
SEL-01475;Toko Seller Sukses 1474;Jakarta Pusat;16/08/2021
SEL-01476;Toko Seller Sukses 1475;Bandung;04/05/2021
SEL-01477;Toko Seller Sukses 1476;Yogyakarta;03/09/2021
SEL-01478;Toko Seller Sukses 1477;Makassar;29/05/2022
SEL-01479;Toko Seller Sukses 1478;Surabaya;26/09/2022
SEL-01480;Toko Seller Sukses 1479;Medan;22/12/2021
SEL-01481;Toko Seller Sukses 1480;Jakarta Pusat;23/05/2023
SEL-01482;Toko Seller Sukses 1481;Bandung;13/12/2022
SEL-01483;Toko Seller Sukses 1482;Bandung;19/08/2022
SEL-01484;Toko Seller Sukses 1483;Sidoarjo;10/03/2022
SEL-01485;Toko Seller Sukses 1484;Yogyakarta;27/10/2021
SEL-01486;Toko Seller Sukses 1485;Yogyakarta;11/06/2022
SEL-01487;Toko Seller Sukses 1486;Makassar;28/02/2022
SEL-01488;Toko Seller Sukses 1487;Surabaya;09/06/2023
SEL-01489;Toko Seller Sukses 1488;Makassar;21/12/2022
SEL-01490;Toko Seller Sukses 1489;Yogyakarta;16/01/2023
SEL-01491;Toko Seller Sukses 1490;Medan;02/05/2022
SEL-01492;Toko Seller Sukses 1491;Cimahi;09/07/2022
SEL-01493;Toko Seller Sukses 1492;Surabaya;12/10/2021
SEL-01494;Toko Seller Sukses 1493;Medan;10/07/2021
SEL-01495;Toko Seller Sukses 1494;Sidoarjo;17/08/2021
SEL-01496;Toko Seller Sukses 1495;Bandung;25/09/2021
SEL-01497;Toko Seller Sukses 1496;Yogyakarta;17/10/2021
SEL-01498;Toko Seller Sukses 1497;Makassar;18/07/2021
SEL-01499;Toko Seller Sukses 1498;Jakarta Pusat;27/06/2023
SEL-01500;Toko Seller Sukses 1499;Yogyakarta;04/09/2021
SEL-01501;Toko Seller Sukses 1500;Cimahi;31/10/2021
SEL-01502;Toko Seller Sukses 1501;Surabaya;04/12/2022
SEL-01503;Toko Seller Sukses 1502;Sidoarjo;07/07/2022
SEL-01504;Toko Seller Sukses 1503;Makassar;26/11/2021
SEL-01505;Toko Seller Sukses 1504;Bandung;01/01/2022
SEL-01506;Toko Seller Sukses 1505;Bandung;14/12/2021
SEL-01507;Toko Seller Sukses 1506;Yogyakarta;13/06/2023
SEL-01508;Toko Seller Sukses 1507;Sidoarjo;11/01/2022
SEL-01509;Toko Seller Sukses 1508;Sidoarjo;12/12/2021
SEL-01510;Toko Seller Sukses 1509;Jakarta Selatan;12/07/2021
SEL-01511;Toko Seller Sukses 1510;Sidoarjo;07/06/2022
SEL-01512;Toko Seller Sukses 1511;Cimahi;13/05/2022
SEL-01513;Toko Seller Sukses 1512;Surabaya;27/01/2022
SEL-01514;Toko Seller Sukses 1513;Medan;10/07/2021
SEL-01515;Toko Seller Sukses 1514;Medan;09/03/2023
SEL-01516;Toko Seller Sukses 1515;Cimahi;07/08/2022
SEL-01517;Toko Seller Sukses 1516;Medan;05/05/2023
SEL-01518;Toko Seller Sukses 1517;Bandung;24/02/2023
SEL-01519;Toko Seller Sukses 1518;Cimahi;21/04/2022
SEL-01520;Toko Seller Sukses 1519;Makassar;14/02/2023
SEL-01521;Toko Seller Sukses 1520;Medan;16/11/2022
SEL-01522;Toko Seller Sukses 1521;Jakarta Pusat;10/04/2023
SEL-01523;Toko Seller Sukses 1522;Cimahi;01/06/2023
SEL-01524;Toko Seller Sukses 1523;Yogyakarta;11/04/2022
SEL-01525;Toko Seller Sukses 1524;Bandung;05/11/2021
SEL-01526;Toko Seller Sukses 1525;Surabaya;20/07/2022
SEL-01527;Toko Seller Sukses 1526;Jakarta Selatan;13/03/2023
SEL-01528;Toko Seller Sukses 1527;Cimahi;12/09/2021
SEL-01529;Toko Seller Sukses 1528;Yogyakarta;28/11/2021
SEL-01530;Toko Seller Sukses 1529;Yogyakarta;28/04/2022
SEL-01531;Toko Seller Sukses 1530;Makassar;08/02/2023
SEL-01532;Toko Seller Sukses 1531;Surabaya;13/09/2021
SEL-01533;Toko Seller Sukses 1532;Medan;21/09/2022
SEL-01534;Toko Seller Sukses 1533;Jakarta Selatan;29/04/2023
SEL-01535;Toko Seller Sukses 1534;Bandung;27/10/2022
SEL-01536;Toko Seller Sukses 1535;Makassar;10/04/2023
SEL-01537;Toko Seller Sukses 1536;Makassar;04/03/2022
SEL-01538;Toko Seller Sukses 1537;Makassar;08/03/2023
SEL-01539;Toko Seller Sukses 1538;Bandung;02/04/2022
SEL-01540;Toko Seller Sukses 1539;Yogyakarta;07/01/2023
SEL-01541;Toko Seller Sukses 1540;Surabaya;15/03/2022
SEL-01542;Toko Seller Sukses 1541;Yogyakarta;18/02/2022
SEL-01543;Toko Seller Sukses 1542;Jakarta Selatan;09/02/2023
SEL-01544;Toko Seller Sukses 1543;Jakarta Selatan;06/02/2023
SEL-01545;Toko Seller Sukses 1544;Jakarta Pusat;30/11/2021
SEL-01546;Toko Seller Sukses 1545;Makassar;26/11/2021
SEL-01547;Toko Seller Sukses 1546;Cimahi;28/12/2022
SEL-01548;Toko Seller Sukses 1547;Bandung;24/07/2022
SEL-01549;Toko Seller Sukses 1548;Cimahi;13/09/2022
SEL-01550;Toko Seller Sukses 1549;Yogyakarta;26/07/2022
SEL-01551;Toko Seller Sukses 1550;Jakarta Selatan;10/10/2022
SEL-01552;Toko Seller Sukses 1551;Bandung;27/04/2022
SEL-01553;Toko Seller Sukses 1552;Surabaya;30/09/2021
SEL-01554;Toko Seller Sukses 1553;Surabaya;06/05/2022
SEL-01555;Toko Seller Sukses 1554;Bandung;26/08/2022
SEL-01556;Toko Seller Sukses 1555;Medan;07/07/2021
SEL-01557;Toko Seller Sukses 1556;Makassar;06/10/2022
SEL-01558;Toko Seller Sukses 1557;Medan;18/06/2022
SEL-01559;Toko Seller Sukses 1558;Sidoarjo;08/02/2023
SEL-01560;Toko Seller Sukses 1559;Yogyakarta;06/06/2023
SEL-01561;Toko Seller Sukses 1560;Makassar;13/02/2023
SEL-01562;Toko Seller Sukses 1561;Cimahi;30/08/2021
SEL-01563;Toko Seller Sukses 1562;Bandung;22/07/2022
SEL-01564;Toko Seller Sukses 1563;Jakarta Selatan;23/08/2021
SEL-01565;Toko Seller Sukses 1564;Bandung;09/11/2021
SEL-01566;Toko Seller Sukses 1565;Cimahi;10/07/2022
SEL-01567;Toko Seller Sukses 1566;Makassar;21/09/2021
SEL-01568;Toko Seller Sukses 1567;Yogyakarta;12/02/2023
SEL-01569;Toko Seller Sukses 1568;Makassar;11/12/2021
SEL-01570;Toko Seller Sukses 1569;Surabaya;23/08/2021
SEL-01571;Toko Seller Sukses 1570;Yogyakarta;07/02/2022
SEL-01572;Toko Seller Sukses 1571;Bandung;19/04/2023
SEL-01573;Toko Seller Sukses 1572;Medan;31/07/2022
SEL-01574;Toko Seller Sukses 1573;Medan;10/06/2021
SEL-01575;Toko Seller Sukses 1574;Jakarta Selatan;30/12/2022
SEL-01576;Toko Seller Sukses 1575;Sidoarjo;17/10/2022
SEL-01577;Toko Seller Sukses 1576;Bandung;19/01/2022
SEL-01578;Toko Seller Sukses 1577;Jakarta Pusat;28/02/2022
SEL-01579;Toko Seller Sukses 1578;Medan;11/09/2022
SEL-01580;Toko Seller Sukses 1579;Yogyakarta;01/03/2023
SEL-01581;Toko Seller Sukses 1580;Makassar;16/05/2023
SEL-01582;Toko Seller Sukses 1581;Makassar;09/04/2022
SEL-01583;Toko Seller Sukses 1582;Surabaya;26/08/2022
SEL-01584;Toko Seller Sukses 1583;Medan;01/06/2021
SEL-01585;Toko Seller Sukses 1584;Makassar;06/09/2021
SEL-01586;Toko Seller Sukses 1585;Surabaya;11/07/2021
SEL-01587;Toko Seller Sukses 1586;Jakarta Pusat;13/11/2022
SEL-01588;Toko Seller Sukses 1587;Surabaya;28/07/2021
SEL-01589;Toko Seller Sukses 1588;Makassar;03/04/2022
SEL-01590;Toko Seller Sukses 1589;Medan;02/06/2021
SEL-01591;Toko Seller Sukses 1590;Surabaya;12/04/2023
SEL-01592;Toko Seller Sukses 1591;Jakarta Selatan;17/08/2021
SEL-01593;Toko Seller Sukses 1592;Sidoarjo;18/06/2023
SEL-01594;Toko Seller Sukses 1593;Medan;14/12/2022
SEL-01595;Toko Seller Sukses 1594;Surabaya;11/09/2022
SEL-01596;Toko Seller Sukses 1595;Yogyakarta;06/06/2023
SEL-01597;Toko Seller Sukses 1596;Bandung;20/05/2023
SEL-01598;Toko Seller Sukses 1597;Jakarta Selatan;06/09/2022
SEL-01599;Toko Seller Sukses 1598;Surabaya;08/03/2022
SEL-01600;Toko Seller Sukses 1599;Jakarta Selatan;27/05/2022
SEL-01601;Toko Seller Sukses 1600;Jakarta Selatan;29/06/2021
SEL-01602;Toko Seller Sukses 1601;Jakarta Selatan;30/07/2022
SEL-01603;Toko Seller Sukses 1602;Medan;08/01/2023
SEL-01604;Toko Seller Sukses 1603;Yogyakarta;01/10/2022
SEL-01605;Toko Seller Sukses 1604;Bandung;24/10/2021
SEL-01606;Toko Seller Sukses 1605;Surabaya;11/07/2022
SEL-01607;Toko Seller Sukses 1606;Medan;24/05/2023
SEL-01608;Toko Seller Sukses 1607;Medan;22/01/2023
SEL-01609;Toko Seller Sukses 1608;Jakarta Pusat;06/05/2023
SEL-01610;Toko Seller Sukses 1609;Yogyakarta;01/03/2023
SEL-01611;Toko Seller Sukses 1610;Jakarta Selatan;09/07/2021
SEL-01612;Toko Seller Sukses 1611;Bandung;10/06/2021
SEL-01613;Toko Seller Sukses 1612;Jakarta Selatan;23/06/2021
SEL-01614;Toko Seller Sukses 1613;Jakarta Pusat;03/06/2022
SEL-01615;Toko Seller Sukses 1614;Yogyakarta;09/10/2021
SEL-01616;Toko Seller Sukses 1615;Jakarta Selatan;13/04/2022
SEL-01617;Toko Seller Sukses 1616;Medan;14/02/2022
SEL-01618;Toko Seller Sukses 1617;Jakarta Pusat;19/07/2021
SEL-01619;Toko Seller Sukses 1618;Bandung;23/09/2021
SEL-01620;Toko Seller Sukses 1619;Cimahi;03/02/2023
SEL-01621;Toko Seller Sukses 1620;Jakarta Selatan;19/06/2021
SEL-01622;Toko Seller Sukses 1621;Jakarta Selatan;19/09/2021
SEL-01623;Toko Seller Sukses 1622;Jakarta Selatan;11/07/2021
SEL-01624;Toko Seller Sukses 1623;Sidoarjo;20/02/2022
SEL-01625;Toko Seller Sukses 1624;Jakarta Selatan;24/06/2023
SEL-01626;Toko Seller Sukses 1625;Cimahi;21/08/2022
SEL-01627;Toko Seller Sukses 1626;Surabaya;02/11/2021
SEL-01628;Toko Seller Sukses 1627;Cimahi;12/08/2022
SEL-01629;Toko Seller Sukses 1628;Medan;06/06/2023
SEL-01630;Toko Seller Sukses 1629;Jakarta Pusat;04/08/2022
SEL-01631;Toko Seller Sukses 1630;Jakarta Selatan;13/05/2023
SEL-01632;Toko Seller Sukses 1631;Cimahi;13/12/2021
SEL-01633;Toko Seller Sukses 1632;Medan;16/12/2021
SEL-01634;Toko Seller Sukses 1633;Medan;20/10/2021
SEL-01635;Toko Seller Sukses 1634;Jakarta Pusat;18/01/2023
SEL-01636;Toko Seller Sukses 1635;Cimahi;16/09/2022
SEL-01637;Toko Seller Sukses 1636;Bandung;18/01/2023
SEL-01638;Toko Seller Sukses 1637;Jakarta Pusat;09/05/2022
SEL-01639;Toko Seller Sukses 1638;Jakarta Selatan;05/12/2022
SEL-01640;Toko Seller Sukses 1639;Makassar;27/05/2021
SEL-01641;Toko Seller Sukses 1640;Sidoarjo;06/01/2022
SEL-01642;Toko Seller Sukses 1641;Cimahi;01/07/2023
SEL-01643;Toko Seller Sukses 1642;Medan;15/04/2023
SEL-01644;Toko Seller Sukses 1643;Sidoarjo;31/07/2021
SEL-01645;Toko Seller Sukses 1644;Jakarta Selatan;22/12/2021
SEL-01646;Toko Seller Sukses 1645;Cimahi;21/08/2021
SEL-01647;Toko Seller Sukses 1646;Jakarta Pusat;10/06/2022
SEL-01648;Toko Seller Sukses 1647;Sidoarjo;28/05/2021
SEL-01649;Toko Seller Sukses 1648;Surabaya;13/09/2022
SEL-01650;Toko Seller Sukses 1649;Surabaya;23/01/2023
SEL-01651;Toko Seller Sukses 1650;Medan;14/08/2021
SEL-01652;Toko Seller Sukses 1651;Cimahi;25/10/2022
SEL-01653;Toko Seller Sukses 1652;Jakarta Selatan;08/10/2022
SEL-01654;Toko Seller Sukses 1653;Cimahi;22/06/2021
SEL-01655;Toko Seller Sukses 1654;Yogyakarta;29/03/2023
SEL-01656;Toko Seller Sukses 1655;Makassar;10/09/2022
SEL-01657;Toko Seller Sukses 1656;Sidoarjo;31/05/2022
SEL-01658;Toko Seller Sukses 1657;Surabaya;12/08/2022
SEL-01659;Toko Seller Sukses 1658;Cimahi;07/02/2022
SEL-01660;Toko Seller Sukses 1659;Bandung;07/12/2021
SEL-01661;Toko Seller Sukses 1660;Jakarta Selatan;30/06/2022
SEL-01662;Toko Seller Sukses 1661;Cimahi;08/04/2022
SEL-01663;Toko Seller Sukses 1662;Medan;14/11/2022
SEL-01664;Toko Seller Sukses 1663;Yogyakarta;30/10/2022
SEL-01665;Toko Seller Sukses 1664;Bandung;04/07/2022
SEL-01666;Toko Seller Sukses 1665;Yogyakarta;28/09/2021
SEL-01667;Toko Seller Sukses 1666;Yogyakarta;06/02/2022
SEL-01668;Toko Seller Sukses 1667;Jakarta Selatan;18/01/2022
SEL-01669;Toko Seller Sukses 1668;Yogyakarta;23/07/2021
SEL-01670;Toko Seller Sukses 1669;Jakarta Pusat;01/04/2023
SEL-01671;Toko Seller Sukses 1670;Bandung;25/07/2022
SEL-01672;Toko Seller Sukses 1671;Cimahi;01/04/2022
SEL-01673;Toko Seller Sukses 1672;Medan;28/04/2022
SEL-01674;Toko Seller Sukses 1673;Medan;14/05/2021
SEL-01675;Toko Seller Sukses 1674;Sidoarjo;02/04/2023
SEL-01676;Toko Seller Sukses 1675;Jakarta Selatan;17/03/2022
SEL-01677;Toko Seller Sukses 1676;Jakarta Selatan;18/12/2021
SEL-01678;Toko Seller Sukses 1677;Jakarta Selatan;04/11/2022
SEL-01679;Toko Seller Sukses 1678;Bandung;30/11/2021
SEL-01680;Toko Seller Sukses 1679;Jakarta Pusat;27/03/2023
SEL-01681;Toko Seller Sukses 1680;Sidoarjo;20/12/2021
SEL-01682;Toko Seller Sukses 1681;Bandung;28/12/2021
SEL-01683;Toko Seller Sukses 1682;Sidoarjo;01/05/2021
SEL-01684;Toko Seller Sukses 1683;Yogyakarta;06/05/2023
SEL-01685;Toko Seller Sukses 1684;Yogyakarta;19/01/2023
SEL-01686;Toko Seller Sukses 1685;Surabaya;23/11/2022
SEL-01687;Toko Seller Sukses 1686;Sidoarjo;16/12/2022
SEL-01688;Toko Seller Sukses 1687;Sidoarjo;30/09/2021
SEL-01689;Toko Seller Sukses 1688;Medan;03/06/2023
SEL-01690;Toko Seller Sukses 1689;Jakarta Selatan;18/06/2022
SEL-01691;Toko Seller Sukses 1690;Jakarta Pusat;30/06/2023
SEL-01692;Toko Seller Sukses 1691;Jakarta Selatan;20/09/2021
SEL-01693;Toko Seller Sukses 1692;Jakarta Selatan;18/06/2021
SEL-01694;Toko Seller Sukses 1693;Sidoarjo;08/11/2021
SEL-01695;Toko Seller Sukses 1694;Medan;28/09/2022
SEL-01696;Toko Seller Sukses 1695;Cimahi;04/03/2022
SEL-01697;Toko Seller Sukses 1696;Surabaya;17/02/2022
SEL-01698;Toko Seller Sukses 1697;Cimahi;24/10/2021
SEL-01699;Toko Seller Sukses 1698;Yogyakarta;03/05/2021
SEL-01700;Toko Seller Sukses 1699;Cimahi;29/04/2023
SEL-01701;Toko Seller Sukses 1700;Jakarta Selatan;30/01/2022
SEL-01702;Toko Seller Sukses 1701;Medan;17/01/2023
SEL-01703;Toko Seller Sukses 1702;Jakarta Selatan;09/07/2021
SEL-01704;Toko Seller Sukses 1703;Cimahi;06/08/2021
SEL-01705;Toko Seller Sukses 1704;Cimahi;14/12/2021
SEL-01706;Toko Seller Sukses 1705;Jakarta Selatan;16/10/2021
SEL-01707;Toko Seller Sukses 1706;Sidoarjo;23/11/2021
SEL-01708;Toko Seller Sukses 1707;Yogyakarta;04/02/2023
SEL-01709;Toko Seller Sukses 1708;Yogyakarta;06/04/2023
SEL-01710;Toko Seller Sukses 1709;Sidoarjo;28/06/2021
SEL-01711;Toko Seller Sukses 1710;Makassar;11/05/2022
SEL-01712;Toko Seller Sukses 1711;Makassar;23/02/2022
SEL-01713;Toko Seller Sukses 1712;Sidoarjo;25/02/2022
SEL-01714;Toko Seller Sukses 1713;Medan;07/06/2022
SEL-01715;Toko Seller Sukses 1714;Jakarta Selatan;12/02/2022
SEL-01716;Toko Seller Sukses 1715;Jakarta Pusat;15/07/2021
SEL-01717;Toko Seller Sukses 1716;Yogyakarta;05/04/2022
SEL-01718;Toko Seller Sukses 1717;Makassar;23/05/2022
SEL-01719;Toko Seller Sukses 1718;Makassar;01/08/2022
SEL-01720;Toko Seller Sukses 1719;Cimahi;13/09/2021
SEL-01721;Toko Seller Sukses 1720;Sidoarjo;20/07/2021
SEL-01722;Toko Seller Sukses 1721;Medan;22/03/2023
SEL-01723;Toko Seller Sukses 1722;Jakarta Selatan;11/02/2022
SEL-01724;Toko Seller Sukses 1723;Yogyakarta;14/03/2023
SEL-01725;Toko Seller Sukses 1724;Medan;05/08/2021
SEL-01726;Toko Seller Sukses 1725;Sidoarjo;13/06/2023
SEL-01727;Toko Seller Sukses 1726;Jakarta Selatan;13/02/2022
SEL-01728;Toko Seller Sukses 1727;Makassar;15/07/2022
SEL-01729;Toko Seller Sukses 1728;Jakarta Selatan;01/12/2022
SEL-01730;Toko Seller Sukses 1729;Surabaya;24/06/2022
SEL-01731;Toko Seller Sukses 1730;Makassar;30/10/2021
SEL-01732;Toko Seller Sukses 1731;Cimahi;22/04/2022
SEL-01733;Toko Seller Sukses 1732;Jakarta Selatan;24/07/2021
SEL-01734;Toko Seller Sukses 1733;Yogyakarta;18/10/2021
SEL-01735;Toko Seller Sukses 1734;Yogyakarta;21/06/2022
SEL-01736;Toko Seller Sukses 1735;Surabaya;05/02/2023
SEL-01737;Toko Seller Sukses 1736;Makassar;24/11/2021
SEL-01738;Toko Seller Sukses 1737;Jakarta Pusat;29/03/2022
SEL-01739;Toko Seller Sukses 1738;Makassar;25/08/2021
SEL-01740;Toko Seller Sukses 1739;Makassar;15/01/2023
SEL-01741;Toko Seller Sukses 1740;Medan;02/06/2023
SEL-01742;Toko Seller Sukses 1741;Jakarta Pusat;04/04/2023
SEL-01743;Toko Seller Sukses 1742;Cimahi;04/08/2022
SEL-01744;Toko Seller Sukses 1743;Cimahi;26/05/2022
SEL-01745;Toko Seller Sukses 1744;Sidoarjo;20/10/2021
SEL-01746;Toko Seller Sukses 1745;Surabaya;14/11/2021
SEL-01747;Toko Seller Sukses 1746;Jakarta Pusat;06/09/2021
SEL-01748;Toko Seller Sukses 1747;Sidoarjo;30/09/2021
SEL-01749;Toko Seller Sukses 1748;Surabaya;05/07/2023
SEL-01750;Toko Seller Sukses 1749;Yogyakarta;12/11/2022
SEL-01751;Toko Seller Sukses 1750;Cimahi;06/09/2022
SEL-01752;Toko Seller Sukses 1751;Sidoarjo;07/05/2023
SEL-01753;Toko Seller Sukses 1752;Yogyakarta;30/05/2023
SEL-01754;Toko Seller Sukses 1753;Medan;05/11/2022
SEL-01755;Toko Seller Sukses 1754;Jakarta Pusat;16/11/2022
SEL-01756;Toko Seller Sukses 1755;Sidoarjo;27/07/2022
SEL-01757;Toko Seller Sukses 1756;Sidoarjo;27/01/2023
SEL-01758;Toko Seller Sukses 1757;Cimahi;19/10/2022
SEL-01759;Toko Seller Sukses 1758;Sidoarjo;24/10/2022
SEL-01760;Toko Seller Sukses 1759;Yogyakarta;15/06/2022
SEL-01761;Toko Seller Sukses 1760;Makassar;27/10/2021
SEL-01762;Toko Seller Sukses 1761;Surabaya;06/02/2023
SEL-01763;Toko Seller Sukses 1762;Makassar;03/08/2021
SEL-01764;Toko Seller Sukses 1763;Sidoarjo;14/05/2023
SEL-01765;Toko Seller Sukses 1764;Bandung;01/12/2021
SEL-01766;Toko Seller Sukses 1765;Jakarta Selatan;14/06/2023
SEL-01767;Toko Seller Sukses 1766;Jakarta Pusat;22/06/2023
SEL-01768;Toko Seller Sukses 1767;Cimahi;24/04/2022
SEL-01769;Toko Seller Sukses 1768;Medan;09/01/2023
SEL-01770;Toko Seller Sukses 1769;Surabaya;01/05/2023
SEL-01771;Toko Seller Sukses 1770;Makassar;04/11/2022
SEL-01772;Toko Seller Sukses 1771;Bandung;22/10/2021
SEL-01773;Toko Seller Sukses 1772;Bandung;24/02/2023
SEL-01774;Toko Seller Sukses 1773;Yogyakarta;13/03/2023
SEL-01775;Toko Seller Sukses 1774;Surabaya;04/11/2021
SEL-01776;Toko Seller Sukses 1775;Bandung;23/01/2022
SEL-01777;Toko Seller Sukses 1776;Cimahi;16/06/2023
SEL-01778;Toko Seller Sukses 1777;Jakarta Pusat;18/12/2021
SEL-01779;Toko Seller Sukses 1778;Makassar;26/09/2021
SEL-01780;Toko Seller Sukses 1779;Medan;06/02/2022
SEL-01781;Toko Seller Sukses 1780;Jakarta Pusat;10/05/2023
SEL-01782;Toko Seller Sukses 1781;Yogyakarta;30/08/2022
SEL-01783;Toko Seller Sukses 1782;Surabaya;20/05/2023
SEL-01784;Toko Seller Sukses 1783;Cimahi;27/06/2023
SEL-01785;Toko Seller Sukses 1784;Cimahi;06/10/2021
SEL-01786;Toko Seller Sukses 1785;Sidoarjo;08/09/2021
SEL-01787;Toko Seller Sukses 1786;Cimahi;06/05/2023
SEL-01788;Toko Seller Sukses 1787;Sidoarjo;02/05/2022
SEL-01789;Toko Seller Sukses 1788;Yogyakarta;25/02/2023
SEL-01790;Toko Seller Sukses 1789;Cimahi;24/06/2023
SEL-01791;Toko Seller Sukses 1790;Sidoarjo;29/05/2021
SEL-01792;Toko Seller Sukses 1791;Makassar;04/04/2022
SEL-01793;Toko Seller Sukses 1792;Bandung;27/06/2021
SEL-01794;Toko Seller Sukses 1793;Yogyakarta;24/11/2022
SEL-01795;Toko Seller Sukses 1794;Medan;29/08/2022
SEL-01796;Toko Seller Sukses 1795;Cimahi;16/01/2023
SEL-01797;Toko Seller Sukses 1796;Jakarta Selatan;05/07/2022
SEL-01798;Toko Seller Sukses 1797;Sidoarjo;08/05/2021
SEL-01799;Toko Seller Sukses 1798;Bandung;24/09/2022
SEL-01800;Toko Seller Sukses 1799;Makassar;07/07/2022
SEL-01801;Toko Seller Sukses 1800;Jakarta Pusat;05/06/2023
SEL-01802;Toko Seller Sukses 1801;Jakarta Selatan;24/02/2023
SEL-01803;Toko Seller Sukses 1802;Medan;20/12/2021
SEL-01804;Toko Seller Sukses 1803;Surabaya;21/07/2022
SEL-01805;Toko Seller Sukses 1804;Jakarta Selatan;09/06/2022
SEL-01806;Toko Seller Sukses 1805;Surabaya;26/02/2022
SEL-01807;Toko Seller Sukses 1806;Makassar;08/09/2022
SEL-01808;Toko Seller Sukses 1807;Surabaya;24/03/2022
SEL-01809;Toko Seller Sukses 1808;Surabaya;25/10/2022
SEL-01810;Toko Seller Sukses 1809;Jakarta Pusat;25/10/2022
SEL-01811;Toko Seller Sukses 1810;Bandung;09/11/2021
SEL-01812;Toko Seller Sukses 1811;Yogyakarta;05/07/2022
SEL-01813;Toko Seller Sukses 1812;Jakarta Selatan;17/05/2023
SEL-01814;Toko Seller Sukses 1813;Bandung;15/03/2022
SEL-01815;Toko Seller Sukses 1814;Cimahi;12/07/2022
SEL-01816;Toko Seller Sukses 1815;Sidoarjo;11/10/2022
SEL-01817;Toko Seller Sukses 1816;Cimahi;23/06/2021
SEL-01818;Toko Seller Sukses 1817;Surabaya;13/10/2022
SEL-01819;Toko Seller Sukses 1818;Cimahi;11/09/2021
SEL-01820;Toko Seller Sukses 1819;Bandung;29/08/2022
SEL-01821;Toko Seller Sukses 1820;Cimahi;20/10/2021
SEL-01822;Toko Seller Sukses 1821;Makassar;21/11/2022
SEL-01823;Toko Seller Sukses 1822;Yogyakarta;21/03/2022
SEL-01824;Toko Seller Sukses 1823;Surabaya;22/01/2023
SEL-01825;Toko Seller Sukses 1824;Sidoarjo;14/06/2021
SEL-01826;Toko Seller Sukses 1825;Sidoarjo;23/06/2022
SEL-01827;Toko Seller Sukses 1826;Surabaya;18/04/2023
SEL-01828;Toko Seller Sukses 1827;Jakarta Selatan;06/04/2022
SEL-01829;Toko Seller Sukses 1828;Medan;29/11/2022
SEL-01830;Toko Seller Sukses 1829;Makassar;29/01/2023
SEL-01831;Toko Seller Sukses 1830;Sidoarjo;16/10/2021
SEL-01832;Toko Seller Sukses 1831;Cimahi;23/04/2022
SEL-01833;Toko Seller Sukses 1832;Jakarta Pusat;11/06/2023
SEL-01834;Toko Seller Sukses 1833;Sidoarjo;06/07/2022
SEL-01835;Toko Seller Sukses 1834;Makassar;14/11/2021
SEL-01836;Toko Seller Sukses 1835;Yogyakarta;22/01/2022
SEL-01837;Toko Seller Sukses 1836;Bandung;17/11/2021
SEL-01838;Toko Seller Sukses 1837;Yogyakarta;16/04/2023
SEL-01839;Toko Seller Sukses 1838;Surabaya;25/07/2022
SEL-01840;Toko Seller Sukses 1839;Medan;03/12/2022
SEL-01841;Toko Seller Sukses 1840;Jakarta Selatan;18/02/2023
SEL-01842;Toko Seller Sukses 1841;Jakarta Selatan;04/03/2023
SEL-01843;Toko Seller Sukses 1842;Jakarta Selatan;15/05/2021
SEL-01844;Toko Seller Sukses 1843;Cimahi;01/08/2021
SEL-01845;Toko Seller Sukses 1844;Yogyakarta;26/04/2022
SEL-01846;Toko Seller Sukses 1845;Bandung;20/06/2023
SEL-01847;Toko Seller Sukses 1846;Cimahi;06/06/2022
SEL-01848;Toko Seller Sukses 1847;Surabaya;12/02/2022
SEL-01849;Toko Seller Sukses 1848;Yogyakarta;14/09/2021
SEL-01850;Toko Seller Sukses 1849;Jakarta Pusat;01/11/2021
SEL-01851;Toko Seller Sukses 1850;Makassar;29/05/2021
SEL-01852;Toko Seller Sukses 1851;Bandung;20/09/2021
SEL-01853;Toko Seller Sukses 1852;Yogyakarta;25/06/2022
SEL-01854;Toko Seller Sukses 1853;Jakarta Selatan;21/03/2023
SEL-01855;Toko Seller Sukses 1854;Medan;30/08/2022
SEL-01856;Toko Seller Sukses 1855;Makassar;31/08/2021
SEL-01857;Toko Seller Sukses 1856;Jakarta Selatan;11/05/2022
SEL-01858;Toko Seller Sukses 1857;Jakarta Pusat;05/06/2023
SEL-01859;Toko Seller Sukses 1858;Surabaya;27/08/2021
SEL-01860;Toko Seller Sukses 1859;Jakarta Pusat;18/11/2022
SEL-01861;Toko Seller Sukses 1860;Yogyakarta;23/12/2021
SEL-01862;Toko Seller Sukses 1861;Cimahi;30/07/2022
SEL-01863;Toko Seller Sukses 1862;Cimahi;11/06/2023
SEL-01864;Toko Seller Sukses 1863;Jakarta Selatan;14/08/2022
SEL-01865;Toko Seller Sukses 1864;Makassar;17/05/2023
SEL-01866;Toko Seller Sukses 1865;Cimahi;21/04/2023
SEL-01867;Toko Seller Sukses 1866;Yogyakarta;12/06/2021
SEL-01868;Toko Seller Sukses 1867;Bandung;30/04/2023
SEL-01869;Toko Seller Sukses 1868;Medan;23/04/2023
SEL-01870;Toko Seller Sukses 1869;Yogyakarta;25/11/2021
SEL-01871;Toko Seller Sukses 1870;Jakarta Selatan;15/10/2022
SEL-01872;Toko Seller Sukses 1871;Jakarta Selatan;29/04/2022
SEL-01873;Toko Seller Sukses 1872;Jakarta Selatan;08/02/2022
SEL-01874;Toko Seller Sukses 1873;Jakarta Selatan;21/03/2023
SEL-01875;Toko Seller Sukses 1874;Surabaya;19/12/2021
SEL-01876;Toko Seller Sukses 1875;Sidoarjo;21/06/2021
SEL-01877;Toko Seller Sukses 1876;Cimahi;10/03/2023
SEL-01878;Toko Seller Sukses 1877;Surabaya;22/02/2022
SEL-01879;Toko Seller Sukses 1878;Medan;25/08/2022
SEL-01880;Toko Seller Sukses 1879;Jakarta Pusat;20/05/2023
SEL-01881;Toko Seller Sukses 1880;Jakarta Pusat;17/06/2023
SEL-01882;Toko Seller Sukses 1881;Surabaya;19/10/2022
SEL-01883;Toko Seller Sukses 1882;Surabaya;29/08/2022
SEL-01884;Toko Seller Sukses 1883;Bandung;01/03/2022
SEL-01885;Toko Seller Sukses 1884;Makassar;03/05/2021
SEL-01886;Toko Seller Sukses 1885;Sidoarjo;13/05/2021
SEL-01887;Toko Seller Sukses 1886;Yogyakarta;20/05/2023
SEL-01888;Toko Seller Sukses 1887;Medan;14/12/2021
SEL-01889;Toko Seller Sukses 1888;Sidoarjo;06/04/2023
SEL-01890;Toko Seller Sukses 1889;Cimahi;12/06/2021
SEL-01891;Toko Seller Sukses 1890;Yogyakarta;09/09/2022
SEL-01892;Toko Seller Sukses 1891;Yogyakarta;13/08/2021
SEL-01893;Toko Seller Sukses 1892;Medan;26/12/2021
SEL-01894;Toko Seller Sukses 1893;Medan;04/04/2022
SEL-01895;Toko Seller Sukses 1894;Sidoarjo;03/03/2022
SEL-01896;Toko Seller Sukses 1895;Medan;23/06/2022
SEL-01897;Toko Seller Sukses 1896;Cimahi;02/02/2022
SEL-01898;Toko Seller Sukses 1897;Makassar;22/10/2021
SEL-01899;Toko Seller Sukses 1898;Bandung;26/10/2022
SEL-01900;Toko Seller Sukses 1899;Yogyakarta;16/02/2023
SEL-01901;Toko Seller Sukses 1900;Bandung;31/03/2023
SEL-01902;Toko Seller Sukses 1901;Surabaya;07/07/2022
SEL-01903;Toko Seller Sukses 1902;Jakarta Pusat;07/03/2022
SEL-01904;Toko Seller Sukses 1903;Surabaya;25/03/2022
SEL-01905;Toko Seller Sukses 1904;Sidoarjo;23/11/2022
SEL-01906;Toko Seller Sukses 1905;Jakarta Selatan;01/02/2023
SEL-01907;Toko Seller Sukses 1906;Bandung;24/09/2022
SEL-01908;Toko Seller Sukses 1907;Bandung;28/09/2021
SEL-01909;Toko Seller Sukses 1908;Medan;26/08/2021
SEL-01910;Toko Seller Sukses 1909;Cimahi;15/07/2021
SEL-01911;Toko Seller Sukses 1910;Makassar;24/02/2023
SEL-01912;Toko Seller Sukses 1911;Jakarta Pusat;16/01/2022
SEL-01913;Toko Seller Sukses 1912;Bandung;12/01/2023
SEL-01914;Toko Seller Sukses 1913;Cimahi;11/04/2022
SEL-01915;Toko Seller Sukses 1914;Makassar;25/11/2021
SEL-01916;Toko Seller Sukses 1915;Medan;12/10/2022
SEL-01917;Toko Seller Sukses 1916;Jakarta Selatan;02/06/2021
SEL-01918;Toko Seller Sukses 1917;Jakarta Pusat;05/03/2023
SEL-01919;Toko Seller Sukses 1918;Makassar;10/11/2022
SEL-01920;Toko Seller Sukses 1919;Jakarta Selatan;28/02/2022
SEL-01921;Toko Seller Sukses 1920;Makassar;27/02/2022
SEL-01922;Toko Seller Sukses 1921;Jakarta Pusat;19/03/2023
SEL-01923;Toko Seller Sukses 1922;Bandung;06/12/2022
SEL-01924;Toko Seller Sukses 1923;Yogyakarta;26/03/2022
SEL-01925;Toko Seller Sukses 1924;Makassar;17/12/2022
SEL-01926;Toko Seller Sukses 1925;Yogyakarta;02/05/2023
SEL-01927;Toko Seller Sukses 1926;Jakarta Selatan;01/02/2022
SEL-01928;Toko Seller Sukses 1927;Makassar;30/10/2021
SEL-01929;Toko Seller Sukses 1928;Surabaya;10/06/2022
SEL-01930;Toko Seller Sukses 1929;Sidoarjo;20/11/2022
SEL-01931;Toko Seller Sukses 1930;Bandung;28/07/2021
SEL-01932;Toko Seller Sukses 1931;Bandung;08/08/2021
SEL-01933;Toko Seller Sukses 1932;Surabaya;09/03/2023
SEL-01934;Toko Seller Sukses 1933;Makassar;26/06/2022
SEL-01935;Toko Seller Sukses 1934;Cimahi;20/04/2022
SEL-01936;Toko Seller Sukses 1935;Jakarta Pusat;24/06/2023
SEL-01937;Toko Seller Sukses 1936;Makassar;08/08/2022
SEL-01938;Toko Seller Sukses 1937;Sidoarjo;05/05/2023
SEL-01939;Toko Seller Sukses 1938;Jakarta Pusat;26/01/2023
SEL-01940;Toko Seller Sukses 1939;Jakarta Pusat;06/06/2022
SEL-01941;Toko Seller Sukses 1940;Jakarta Selatan;12/11/2022
SEL-01942;Toko Seller Sukses 1941;Medan;04/12/2021
SEL-01943;Toko Seller Sukses 1942;Surabaya;10/07/2021
SEL-01944;Toko Seller Sukses 1943;Jakarta Pusat;12/11/2021
SEL-01945;Toko Seller Sukses 1944;Bandung;25/07/2021
SEL-01946;Toko Seller Sukses 1945;Surabaya;02/11/2022
SEL-01947;Toko Seller Sukses 1946;Yogyakarta;05/12/2022
SEL-01948;Toko Seller Sukses 1947;Jakarta Selatan;12/08/2022
SEL-01949;Toko Seller Sukses 1948;Makassar;16/12/2022
SEL-01950;Toko Seller Sukses 1949;Makassar;12/11/2022
SEL-01951;Toko Seller Sukses 1950;Medan;28/07/2022
SEL-01952;Toko Seller Sukses 1951;Cimahi;10/05/2023
SEL-01953;Toko Seller Sukses 1952;Surabaya;11/01/2023
SEL-01954;Toko Seller Sukses 1953;Surabaya;01/03/2022
SEL-01955;Toko Seller Sukses 1954;Jakarta Pusat;12/12/2022
SEL-01956;Toko Seller Sukses 1955;Makassar;12/05/2022
SEL-01957;Toko Seller Sukses 1956;Yogyakarta;02/06/2021
SEL-01958;Toko Seller Sukses 1957;Medan;06/02/2023
SEL-01959;Toko Seller Sukses 1958;Surabaya;28/05/2021
SEL-01960;Toko Seller Sukses 1959;Bandung;08/07/2021
SEL-01961;Toko Seller Sukses 1960;Bandung;15/07/2021
SEL-01962;Toko Seller Sukses 1961;Medan;17/12/2022
SEL-01963;Toko Seller Sukses 1962;Medan;11/03/2023
SEL-01964;Toko Seller Sukses 1963;Medan;24/06/2021
SEL-01965;Toko Seller Sukses 1964;Sidoarjo;20/08/2022
SEL-01966;Toko Seller Sukses 1965;Jakarta Selatan;01/03/2023
SEL-01967;Toko Seller Sukses 1966;Jakarta Pusat;25/06/2023
SEL-01968;Toko Seller Sukses 1967;Cimahi;19/04/2023
SEL-01969;Toko Seller Sukses 1968;Bandung;07/02/2022
SEL-01970;Toko Seller Sukses 1969;Bandung;17/05/2022
SEL-01971;Toko Seller Sukses 1970;Yogyakarta;16/05/2023
SEL-01972;Toko Seller Sukses 1971;Makassar;24/01/2022
SEL-01973;Toko Seller Sukses 1972;Medan;19/11/2022
SEL-01974;Toko Seller Sukses 1973;Cimahi;01/08/2022
SEL-01975;Toko Seller Sukses 1974;Jakarta Pusat;25/02/2023
SEL-01976;Toko Seller Sukses 1975;Sidoarjo;04/03/2022
SEL-01977;Toko Seller Sukses 1976;Medan;14/06/2023
SEL-01978;Toko Seller Sukses 1977;Sidoarjo;30/07/2021
SEL-01979;Toko Seller Sukses 1978;Yogyakarta;30/01/2023
SEL-01980;Toko Seller Sukses 1979;Makassar;25/03/2023
SEL-01981;Toko Seller Sukses 1980;Medan;13/09/2022
SEL-01982;Toko Seller Sukses 1981;Yogyakarta;26/01/2022
SEL-01983;Toko Seller Sukses 1982;Jakarta Selatan;21/11/2021
SEL-01984;Toko Seller Sukses 1983;Surabaya;11/05/2021
SEL-01985;Toko Seller Sukses 1984;Makassar;25/11/2022
SEL-01986;Toko Seller Sukses 1985;Jakarta Pusat;08/10/2022
SEL-01987;Toko Seller Sukses 1986;Medan;22/02/2022
SEL-01988;Toko Seller Sukses 1987;Surabaya;11/06/2023
SEL-01989;Toko Seller Sukses 1988;Jakarta Pusat;24/07/2022
SEL-01990;Toko Seller Sukses 1989;Yogyakarta;27/01/2023
SEL-01991;Toko Seller Sukses 1990;Yogyakarta;24/08/2021
SEL-01992;Toko Seller Sukses 1991;Cimahi;18/05/2022
SEL-01993;Toko Seller Sukses 1992;Yogyakarta;02/09/2021
SEL-01994;Toko Seller Sukses 1993;Jakarta Pusat;20/08/2021
SEL-01995;Toko Seller Sukses 1994;Makassar;19/09/2022
SEL-01996;Toko Seller Sukses 1995;Surabaya;10/03/2022
SEL-01997;Toko Seller Sukses 1996;Jakarta Selatan;02/04/2022
SEL-01998;Toko Seller Sukses 1997;Yogyakarta;20/11/2021
SEL-01999;Toko Seller Sukses 1998;Sidoarjo;01/12/2021
SEL-02000;Toko Seller Sukses 1999;Sidoarjo;11/11/2021
SEL-02001;Toko Seller Sukses 2000;Cimahi;01/07/2021
SEL-02002;Toko Seller Sukses 2001;Cimahi;01/04/2023
SEL-02003;Toko Seller Sukses 2002;Bandung;09/03/2023
SEL-02004;Toko Seller Sukses 2003;Cimahi;27/03/2023
SEL-02005;Toko Seller Sukses 2004;Sidoarjo;03/10/2022
SEL-02006;Toko Seller Sukses 2005;Yogyakarta;19/12/2021
SEL-02007;Toko Seller Sukses 2006;Jakarta Pusat;22/03/2023
SEL-02008;Toko Seller Sukses 2007;Makassar;26/06/2023
SEL-02009;Toko Seller Sukses 2008;Cimahi;29/01/2022
SEL-02010;Toko Seller Sukses 2009;Bandung;20/03/2022
SEL-02011;Toko Seller Sukses 2010;Bandung;17/03/2022
SEL-02012;Toko Seller Sukses 2011;Makassar;28/05/2023
SEL-02013;Toko Seller Sukses 2012;Jakarta Selatan;26/03/2022
SEL-02014;Toko Seller Sukses 2013;Jakarta Pusat;03/12/2021
SEL-02015;Toko Seller Sukses 2014;Makassar;12/07/2022
SEL-02016;Toko Seller Sukses 2015;Bandung;01/07/2022
SEL-02017;Toko Seller Sukses 2016;Makassar;17/08/2021
SEL-02018;Toko Seller Sukses 2017;Jakarta Selatan;08/05/2023
SEL-02019;Toko Seller Sukses 2018;Yogyakarta;13/05/2021
SEL-02020;Toko Seller Sukses 2019;Yogyakarta;07/05/2022
SEL-02021;Toko Seller Sukses 2020;Jakarta Pusat;22/08/2021
SEL-02022;Toko Seller Sukses 2021;Medan;19/01/2022
SEL-02023;Toko Seller Sukses 2022;Yogyakarta;15/05/2022
SEL-02024;Toko Seller Sukses 2023;Medan;13/10/2022
SEL-02025;Toko Seller Sukses 2024;Medan;17/11/2021
SEL-02026;Toko Seller Sukses 2025;Surabaya;18/03/2023
SEL-02027;Toko Seller Sukses 2026;Jakarta Selatan;24/01/2022
SEL-02028;Toko Seller Sukses 2027;Makassar;01/08/2021
SEL-02029;Toko Seller Sukses 2028;Yogyakarta;18/06/2021
SEL-02030;Toko Seller Sukses 2029;Cimahi;21/03/2023
SEL-02031;Toko Seller Sukses 2030;Jakarta Pusat;23/03/2022
SEL-02032;Toko Seller Sukses 2031;Makassar;02/07/2023
SEL-02033;Toko Seller Sukses 2032;Cimahi;20/10/2022
SEL-02034;Toko Seller Sukses 2033;Jakarta Pusat;30/06/2021
SEL-02035;Toko Seller Sukses 2034;Makassar;25/07/2021
SEL-02036;Toko Seller Sukses 2035;Cimahi;30/12/2022
SEL-02037;Toko Seller Sukses 2036;Cimahi;20/01/2022
SEL-02038;Toko Seller Sukses 2037;Yogyakarta;06/04/2022
SEL-02039;Toko Seller Sukses 2038;Jakarta Pusat;16/08/2022
SEL-02040;Toko Seller Sukses 2039;Makassar;30/03/2022
SEL-02041;Toko Seller Sukses 2040;Cimahi;02/05/2021
SEL-02042;Toko Seller Sukses 2041;Yogyakarta;26/04/2022
SEL-02043;Toko Seller Sukses 2042;Bandung;02/05/2022
SEL-02044;Toko Seller Sukses 2043;Cimahi;09/09/2021
SEL-02045;Toko Seller Sukses 2044;Medan;10/05/2023
SEL-02046;Toko Seller Sukses 2045;Makassar;13/07/2022
SEL-02047;Toko Seller Sukses 2046;Medan;29/11/2022
SEL-02048;Toko Seller Sukses 2047;Sidoarjo;16/07/2022
SEL-02049;Toko Seller Sukses 2048;Makassar;15/09/2022
SEL-02050;Toko Seller Sukses 2049;Bandung;08/08/2021
SEL-02051;Toko Seller Sukses 2050;Makassar;30/01/2023
SEL-02052;Toko Seller Sukses 2051;Makassar;19/05/2021
SEL-02053;Toko Seller Sukses 2052;Makassar;19/02/2023
SEL-02054;Toko Seller Sukses 2053;Sidoarjo;02/06/2022
SEL-02055;Toko Seller Sukses 2054;Jakarta Pusat;10/02/2023
SEL-02056;Toko Seller Sukses 2055;Surabaya;29/03/2022
SEL-02057;Toko Seller Sukses 2056;Jakarta Pusat;02/11/2022
SEL-02058;Toko Seller Sukses 2057;Makassar;21/08/2021
SEL-02059;Toko Seller Sukses 2058;Surabaya;13/12/2022
SEL-02060;Toko Seller Sukses 2059;Bandung;23/11/2022
SEL-02061;Toko Seller Sukses 2060;Cimahi;08/05/2023
SEL-02062;Toko Seller Sukses 2061;Yogyakarta;22/08/2022
SEL-02063;Toko Seller Sukses 2062;Yogyakarta;31/08/2021
SEL-02064;Toko Seller Sukses 2063;Makassar;01/10/2021
SEL-02065;Toko Seller Sukses 2064;Surabaya;11/04/2022
SEL-02066;Toko Seller Sukses 2065;Cimahi;15/10/2022
SEL-02067;Toko Seller Sukses 2066;Makassar;03/11/2021
SEL-02068;Toko Seller Sukses 2067;Cimahi;10/01/2022
SEL-02069;Toko Seller Sukses 2068;Jakarta Selatan;11/06/2022
SEL-02070;Toko Seller Sukses 2069;Jakarta Selatan;24/05/2023
SEL-02071;Toko Seller Sukses 2070;Medan;18/05/2021
SEL-02072;Toko Seller Sukses 2071;Jakarta Pusat;19/04/2023
SEL-02073;Toko Seller Sukses 2072;Medan;23/06/2021
SEL-02074;Toko Seller Sukses 2073;Medan;03/05/2021
SEL-02075;Toko Seller Sukses 2074;Yogyakarta;16/08/2022
SEL-02076;Toko Seller Sukses 2075;Surabaya;15/03/2022
SEL-02077;Toko Seller Sukses 2076;Surabaya;22/01/2022
SEL-02078;Toko Seller Sukses 2077;Bandung;11/04/2022
SEL-02079;Toko Seller Sukses 2078;Jakarta Pusat;21/09/2021
SEL-02080;Toko Seller Sukses 2079;Cimahi;07/07/2022
SEL-02081;Toko Seller Sukses 2080;Jakarta Pusat;04/06/2023
SEL-02082;Toko Seller Sukses 2081;Jakarta Pusat;23/04/2023
SEL-02083;Toko Seller Sukses 2082;Jakarta Pusat;01/10/2021
SEL-02084;Toko Seller Sukses 2083;Surabaya;21/06/2022
SEL-02085;Toko Seller Sukses 2084;Medan;16/04/2022
SEL-02086;Toko Seller Sukses 2085;Bandung;23/06/2022
SEL-02087;Toko Seller Sukses 2086;Surabaya;14/09/2021
SEL-02088;Toko Seller Sukses 2087;Jakarta Selatan;01/01/2023
SEL-02089;Toko Seller Sukses 2088;Yogyakarta;01/03/2023
SEL-02090;Toko Seller Sukses 2089;Surabaya;11/01/2022
SEL-02091;Toko Seller Sukses 2090;Surabaya;09/06/2022
SEL-02092;Toko Seller Sukses 2091;Medan;11/01/2022
SEL-02093;Toko Seller Sukses 2092;Jakarta Pusat;11/09/2022
SEL-02094;Toko Seller Sukses 2093;Cimahi;23/09/2022
SEL-02095;Toko Seller Sukses 2094;Makassar;20/12/2022
SEL-02096;Toko Seller Sukses 2095;Jakarta Selatan;08/03/2023
SEL-02097;Toko Seller Sukses 2096;Yogyakarta;27/04/2022
SEL-02098;Toko Seller Sukses 2097;Surabaya;28/06/2023
SEL-02099;Toko Seller Sukses 2098;Medan;22/07/2021
SEL-02100;Toko Seller Sukses 2099;Sidoarjo;16/09/2021
SEL-02101;Toko Seller Sukses 2100;Cimahi;18/01/2023
SEL-02102;Toko Seller Sukses 2101;Medan;12/02/2023
SEL-02103;Toko Seller Sukses 2102;Surabaya;15/09/2021
SEL-02104;Toko Seller Sukses 2103;Bandung;08/05/2021
SEL-02105;Toko Seller Sukses 2104;Yogyakarta;04/04/2022
SEL-02106;Toko Seller Sukses 2105;Makassar;22/01/2023
SEL-02107;Toko Seller Sukses 2106;Yogyakarta;20/07/2022
SEL-02108;Toko Seller Sukses 2107;Jakarta Selatan;12/08/2022
SEL-02109;Toko Seller Sukses 2108;Jakarta Pusat;26/02/2023
SEL-02110;Toko Seller Sukses 2109;Makassar;02/06/2022
SEL-02111;Toko Seller Sukses 2110;Cimahi;01/12/2022
SEL-02112;Toko Seller Sukses 2111;Jakarta Selatan;27/05/2022
SEL-02113;Toko Seller Sukses 2112;Medan;09/11/2022
SEL-02114;Toko Seller Sukses 2113;Cimahi;25/08/2022
SEL-02115;Toko Seller Sukses 2114;Surabaya;23/04/2022
SEL-02116;Toko Seller Sukses 2115;Surabaya;06/03/2023
SEL-02117;Toko Seller Sukses 2116;Jakarta Pusat;22/08/2022
SEL-02118;Toko Seller Sukses 2117;Jakarta Selatan;24/08/2022
SEL-02119;Toko Seller Sukses 2118;Jakarta Selatan;04/06/2023
SEL-02120;Toko Seller Sukses 2119;Bandung;14/12/2021
SEL-02121;Toko Seller Sukses 2120;Cimahi;17/02/2022
SEL-02122;Toko Seller Sukses 2121;Bandung;02/02/2023
SEL-02123;Toko Seller Sukses 2122;Surabaya;07/07/2022
SEL-02124;Toko Seller Sukses 2123;Cimahi;01/03/2023
SEL-02125;Toko Seller Sukses 2124;Jakarta Pusat;28/02/2022
SEL-02126;Toko Seller Sukses 2125;Bandung;01/06/2021
SEL-02127;Toko Seller Sukses 2126;Bandung;06/09/2022
SEL-02128;Toko Seller Sukses 2127;Surabaya;08/03/2023
SEL-02129;Toko Seller Sukses 2128;Jakarta Selatan;22/05/2023
SEL-02130;Toko Seller Sukses 2129;Medan;13/06/2021
SEL-02131;Toko Seller Sukses 2130;Cimahi;14/06/2021
SEL-02132;Toko Seller Sukses 2131;Yogyakarta;14/07/2021
SEL-02133;Toko Seller Sukses 2132;Bandung;23/03/2023
SEL-02134;Toko Seller Sukses 2133;Bandung;25/06/2023
SEL-02135;Toko Seller Sukses 2134;Yogyakarta;03/01/2022
SEL-02136;Toko Seller Sukses 2135;Sidoarjo;04/05/2023
SEL-02137;Toko Seller Sukses 2136;Jakarta Pusat;11/12/2022
SEL-02138;Toko Seller Sukses 2137;Makassar;05/09/2022
SEL-02139;Toko Seller Sukses 2138;Sidoarjo;28/02/2023
SEL-02140;Toko Seller Sukses 2139;Yogyakarta;06/05/2021
SEL-02141;Toko Seller Sukses 2140;Medan;03/04/2022
SEL-02142;Toko Seller Sukses 2141;Cimahi;04/02/2022
SEL-02143;Toko Seller Sukses 2142;Medan;16/05/2023
SEL-02144;Toko Seller Sukses 2143;Jakarta Pusat;11/08/2022
SEL-02145;Toko Seller Sukses 2144;Bandung;03/05/2021
SEL-02146;Toko Seller Sukses 2145;Medan;07/08/2022
SEL-02147;Toko Seller Sukses 2146;Yogyakarta;09/01/2022
SEL-02148;Toko Seller Sukses 2147;Yogyakarta;08/11/2022
SEL-02149;Toko Seller Sukses 2148;Medan;03/07/2021
SEL-02150;Toko Seller Sukses 2149;Bandung;15/12/2021
SEL-02151;Toko Seller Sukses 2150;Jakarta Pusat;30/07/2021
SEL-02152;Toko Seller Sukses 2151;Surabaya;09/02/2022
SEL-02153;Toko Seller Sukses 2152;Medan;26/06/2023
SEL-02154;Toko Seller Sukses 2153;Bandung;22/09/2022
SEL-02155;Toko Seller Sukses 2154;Medan;06/05/2023
SEL-02156;Toko Seller Sukses 2155;Sidoarjo;09/03/2023
SEL-02157;Toko Seller Sukses 2156;Surabaya;10/05/2023
SEL-02158;Toko Seller Sukses 2157;Medan;11/06/2021
SEL-02159;Toko Seller Sukses 2158;Surabaya;31/03/2022
SEL-02160;Toko Seller Sukses 2159;Sidoarjo;24/01/2022
SEL-02161;Toko Seller Sukses 2160;Jakarta Selatan;18/04/2023
SEL-02162;Toko Seller Sukses 2161;Yogyakarta;06/04/2022
SEL-02163;Toko Seller Sukses 2162;Jakarta Pusat;08/10/2022
SEL-02164;Toko Seller Sukses 2163;Medan;27/01/2022
SEL-02165;Toko Seller Sukses 2164;Bandung;27/03/2022
SEL-02166;Toko Seller Sukses 2165;Bandung;02/09/2022
SEL-02167;Toko Seller Sukses 2166;Cimahi;05/09/2021
SEL-02168;Toko Seller Sukses 2167;Jakarta Pusat;18/05/2021
SEL-02169;Toko Seller Sukses 2168;Sidoarjo;02/05/2021
SEL-02170;Toko Seller Sukses 2169;Jakarta Selatan;03/02/2023
SEL-02171;Toko Seller Sukses 2170;Bandung;18/09/2021
SEL-02172;Toko Seller Sukses 2171;Sidoarjo;01/08/2021
SEL-02173;Toko Seller Sukses 2172;Cimahi;05/02/2022
SEL-02174;Toko Seller Sukses 2173;Yogyakarta;03/02/2023
SEL-02175;Toko Seller Sukses 2174;Jakarta Selatan;09/02/2022
SEL-02176;Toko Seller Sukses 2175;Yogyakarta;23/06/2021
SEL-02177;Toko Seller Sukses 2176;Cimahi;26/05/2022
SEL-02178;Toko Seller Sukses 2177;Makassar;01/07/2023
SEL-02179;Toko Seller Sukses 2178;Jakarta Selatan;26/02/2022
SEL-02180;Toko Seller Sukses 2179;Cimahi;01/07/2023
SEL-02181;Toko Seller Sukses 2180;Jakarta Pusat;08/06/2022
SEL-02182;Toko Seller Sukses 2181;Jakarta Selatan;11/07/2021
SEL-02183;Toko Seller Sukses 2182;Medan;10/02/2022
SEL-02184;Toko Seller Sukses 2183;Jakarta Pusat;17/07/2021
SEL-02185;Toko Seller Sukses 2184;Jakarta Pusat;20/10/2021
SEL-02186;Toko Seller Sukses 2185;Bandung;30/06/2021
SEL-02187;Toko Seller Sukses 2186;Sidoarjo;09/06/2023
SEL-02188;Toko Seller Sukses 2187;Jakarta Pusat;12/11/2022
SEL-02189;Toko Seller Sukses 2188;Medan;03/10/2021
SEL-02190;Toko Seller Sukses 2189;Makassar;08/04/2023
SEL-02191;Toko Seller Sukses 2190;Medan;26/09/2022
SEL-02192;Toko Seller Sukses 2191;Cimahi;11/07/2021
SEL-02193;Toko Seller Sukses 2192;Jakarta Pusat;15/06/2021
SEL-02194;Toko Seller Sukses 2193;Surabaya;21/04/2022
SEL-02195;Toko Seller Sukses 2194;Makassar;05/07/2022
SEL-02196;Toko Seller Sukses 2195;Sidoarjo;29/03/2022
SEL-02197;Toko Seller Sukses 2196;Jakarta Selatan;21/03/2022
SEL-02198;Toko Seller Sukses 2197;Jakarta Selatan;04/02/2022
SEL-02199;Toko Seller Sukses 2198;Jakarta Pusat;17/06/2021
SEL-02200;Toko Seller Sukses 2199;Surabaya;05/08/2022
SEL-02201;Toko Seller Sukses 2200;Jakarta Pusat;03/08/2021
SEL-02202;Toko Seller Sukses 2201;Surabaya;18/10/2022
SEL-02203;Toko Seller Sukses 2202;Jakarta Pusat;29/11/2021
SEL-02204;Toko Seller Sukses 2203;Jakarta Selatan;23/10/2022
SEL-02205;Toko Seller Sukses 2204;Bandung;23/09/2022
SEL-02206;Toko Seller Sukses 2205;Cimahi;09/06/2023
SEL-02207;Toko Seller Sukses 2206;Yogyakarta;19/08/2022
SEL-02208;Toko Seller Sukses 2207;Jakarta Selatan;04/03/2022
SEL-02209;Toko Seller Sukses 2208;Bandung;04/02/2022
SEL-02210;Toko Seller Sukses 2209;Makassar;18/12/2021
SEL-02211;Toko Seller Sukses 2210;Medan;12/04/2022
SEL-02212;Toko Seller Sukses 2211;Medan;03/02/2022
SEL-02213;Toko Seller Sukses 2212;Yogyakarta;19/03/2022
SEL-02214;Toko Seller Sukses 2213;Bandung;10/09/2022
SEL-02215;Toko Seller Sukses 2214;Bandung;13/03/2022
SEL-02216;Toko Seller Sukses 2215;Sidoarjo;17/08/2022
SEL-02217;Toko Seller Sukses 2216;Cimahi;07/11/2022
SEL-02218;Toko Seller Sukses 2217;Makassar;24/04/2023
SEL-02219;Toko Seller Sukses 2218;Makassar;11/06/2021
SEL-02220;Toko Seller Sukses 2219;Bandung;20/01/2023
SEL-02221;Toko Seller Sukses 2220;Yogyakarta;08/06/2022
SEL-02222;Toko Seller Sukses 2221;Makassar;07/01/2022
SEL-02223;Toko Seller Sukses 2222;Surabaya;21/01/2023
SEL-02224;Toko Seller Sukses 2223;Yogyakarta;18/02/2023
SEL-02225;Toko Seller Sukses 2224;Surabaya;02/10/2021
SEL-02226;Toko Seller Sukses 2225;Bandung;06/02/2023
SEL-02227;Toko Seller Sukses 2226;Sidoarjo;28/01/2022
SEL-02228;Toko Seller Sukses 2227;Surabaya;06/10/2021
SEL-02229;Toko Seller Sukses 2228;Cimahi;20/02/2023
SEL-02230;Toko Seller Sukses 2229;Yogyakarta;07/04/2022
SEL-02231;Toko Seller Sukses 2230;Medan;27/11/2021
SEL-02232;Toko Seller Sukses 2231;Yogyakarta;25/03/2023
SEL-02233;Toko Seller Sukses 2232;Medan;24/09/2021
SEL-02234;Toko Seller Sukses 2233;Jakarta Selatan;04/04/2023
SEL-02235;Toko Seller Sukses 2234;Medan;11/02/2023
SEL-02236;Toko Seller Sukses 2235;Bandung;15/10/2022
SEL-02237;Toko Seller Sukses 2236;Medan;27/04/2023
SEL-02238;Toko Seller Sukses 2237;Surabaya;19/04/2022
SEL-02239;Toko Seller Sukses 2238;Jakarta Selatan;04/11/2022
SEL-02240;Toko Seller Sukses 2239;Bandung;24/05/2023
SEL-02241;Toko Seller Sukses 2240;Jakarta Selatan;12/01/2023
SEL-02242;Toko Seller Sukses 2241;Cimahi;02/04/2022
SEL-02243;Toko Seller Sukses 2242;Makassar;23/04/2023
SEL-02244;Toko Seller Sukses 2243;Makassar;12/12/2022
SEL-02245;Toko Seller Sukses 2244;Makassar;22/01/2022
SEL-02246;Toko Seller Sukses 2245;Yogyakarta;15/09/2022
SEL-02247;Toko Seller Sukses 2246;Makassar;10/11/2022
SEL-02248;Toko Seller Sukses 2247;Bandung;03/05/2022
SEL-02249;Toko Seller Sukses 2248;Sidoarjo;20/09/2021
SEL-02250;Toko Seller Sukses 2249;Jakarta Selatan;22/05/2022
SEL-02251;Toko Seller Sukses 2250;Jakarta Selatan;30/07/2022
SEL-02252;Toko Seller Sukses 2251;Cimahi;05/02/2022
SEL-02253;Toko Seller Sukses 2252;Bandung;22/07/2021
SEL-02254;Toko Seller Sukses 2253;Bandung;08/10/2021
SEL-02255;Toko Seller Sukses 2254;Jakarta Pusat;26/10/2022
SEL-02256;Toko Seller Sukses 2255;Yogyakarta;04/10/2021
SEL-02257;Toko Seller Sukses 2256;Bandung;18/11/2022
SEL-02258;Toko Seller Sukses 2257;Surabaya;26/08/2021
SEL-02259;Toko Seller Sukses 2258;Bandung;28/10/2022
SEL-02260;Toko Seller Sukses 2259;Sidoarjo;20/09/2021
SEL-02261;Toko Seller Sukses 2260;Sidoarjo;16/12/2022
SEL-02262;Toko Seller Sukses 2261;Makassar;13/12/2022
SEL-02263;Toko Seller Sukses 2262;Surabaya;29/07/2022
SEL-02264;Toko Seller Sukses 2263;Jakarta Selatan;22/12/2021
SEL-02265;Toko Seller Sukses 2264;Sidoarjo;20/06/2023
SEL-02266;Toko Seller Sukses 2265;Sidoarjo;18/06/2023
SEL-02267;Toko Seller Sukses 2266;Jakarta Selatan;04/05/2021
SEL-02268;Toko Seller Sukses 2267;Surabaya;25/08/2021
SEL-02269;Toko Seller Sukses 2268;Jakarta Selatan;22/08/2022
SEL-02270;Toko Seller Sukses 2269;Surabaya;24/06/2022
SEL-02271;Toko Seller Sukses 2270;Cimahi;06/01/2022
SEL-02272;Toko Seller Sukses 2271;Sidoarjo;12/08/2022
SEL-02273;Toko Seller Sukses 2272;Jakarta Pusat;12/08/2022
SEL-02274;Toko Seller Sukses 2273;Medan;02/06/2021
SEL-02275;Toko Seller Sukses 2274;Bandung;04/09/2021
SEL-02276;Toko Seller Sukses 2275;Makassar;23/04/2023
SEL-02277;Toko Seller Sukses 2276;Yogyakarta;28/08/2022
SEL-02278;Toko Seller Sukses 2277;Makassar;20/09/2021
SEL-02279;Toko Seller Sukses 2278;Sidoarjo;31/08/2022
SEL-02280;Toko Seller Sukses 2279;Yogyakarta;09/10/2021
SEL-02281;Toko Seller Sukses 2280;Jakarta Pusat;14/07/2022
SEL-02282;Toko Seller Sukses 2281;Medan;20/07/2021
SEL-02283;Toko Seller Sukses 2282;Surabaya;13/05/2022
SEL-02284;Toko Seller Sukses 2283;Cimahi;25/06/2023
SEL-02285;Toko Seller Sukses 2284;Medan;20/03/2023
SEL-02286;Toko Seller Sukses 2285;Jakarta Selatan;17/10/2021
SEL-02287;Toko Seller Sukses 2286;Yogyakarta;21/08/2021
SEL-02288;Toko Seller Sukses 2287;Jakarta Selatan;23/12/2021
SEL-02289;Toko Seller Sukses 2288;Sidoarjo;16/11/2021
SEL-02290;Toko Seller Sukses 2289;Jakarta Pusat;13/01/2022
SEL-02291;Toko Seller Sukses 2290;Sidoarjo;25/05/2022
SEL-02292;Toko Seller Sukses 2291;Jakarta Selatan;20/04/2022
SEL-02293;Toko Seller Sukses 2292;Makassar;02/05/2021
SEL-02294;Toko Seller Sukses 2293;Cimahi;17/08/2022
SEL-02295;Toko Seller Sukses 2294;Cimahi;26/03/2022
SEL-02296;Toko Seller Sukses 2295;Medan;20/05/2021
SEL-02297;Toko Seller Sukses 2296;Makassar;10/11/2022
SEL-02298;Toko Seller Sukses 2297;Jakarta Selatan;04/09/2021
SEL-02299;Toko Seller Sukses 2298;Medan;30/11/2022
SEL-02300;Toko Seller Sukses 2299;Medan;25/08/2021
SEL-02301;Toko Seller Sukses 2300;Surabaya;10/01/2023
SEL-02302;Toko Seller Sukses 2301;Yogyakarta;15/07/2021
SEL-02303;Toko Seller Sukses 2302;Jakarta Pusat;20/02/2022
SEL-02304;Toko Seller Sukses 2303;Surabaya;10/10/2022
SEL-02305;Toko Seller Sukses 2304;Makassar;24/02/2022
SEL-02306;Toko Seller Sukses 2305;Cimahi;20/02/2022
SEL-02307;Toko Seller Sukses 2306;Jakarta Selatan;27/06/2023
SEL-02308;Toko Seller Sukses 2307;Surabaya;27/12/2021
SEL-02309;Toko Seller Sukses 2308;Makassar;21/04/2023
SEL-02310;Toko Seller Sukses 2309;Bandung;23/02/2022
SEL-02311;Toko Seller Sukses 2310;Jakarta Pusat;22/11/2021
SEL-02312;Toko Seller Sukses 2311;Medan;31/05/2021
SEL-02313;Toko Seller Sukses 2312;Jakarta Pusat;04/07/2023
SEL-02314;Toko Seller Sukses 2313;Bandung;14/01/2022
SEL-02315;Toko Seller Sukses 2314;Medan;20/07/2022
SEL-02316;Toko Seller Sukses 2315;Makassar;15/01/2023
SEL-02317;Toko Seller Sukses 2316;Jakarta Pusat;17/09/2021
SEL-02318;Toko Seller Sukses 2317;Sidoarjo;15/04/2023
SEL-02319;Toko Seller Sukses 2318;Makassar;10/01/2023
SEL-02320;Toko Seller Sukses 2319;Bandung;17/05/2023
SEL-02321;Toko Seller Sukses 2320;Sidoarjo;29/05/2022
SEL-02322;Toko Seller Sukses 2321;Makassar;01/04/2023
SEL-02323;Toko Seller Sukses 2322;Cimahi;17/06/2022
SEL-02324;Toko Seller Sukses 2323;Cimahi;19/08/2022
SEL-02325;Toko Seller Sukses 2324;Jakarta Pusat;28/06/2023
SEL-02326;Toko Seller Sukses 2325;Makassar;06/03/2022
SEL-02327;Toko Seller Sukses 2326;Medan;26/01/2022
SEL-02328;Toko Seller Sukses 2327;Bandung;23/10/2022
SEL-02329;Toko Seller Sukses 2328;Makassar;07/04/2022
SEL-02330;Toko Seller Sukses 2329;Bandung;10/03/2022
SEL-02331;Toko Seller Sukses 2330;Cimahi;09/04/2022
SEL-02332;Toko Seller Sukses 2331;Makassar;30/06/2023
SEL-02333;Toko Seller Sukses 2332;Yogyakarta;16/03/2023
SEL-02334;Toko Seller Sukses 2333;Sidoarjo;21/03/2022
SEL-02335;Toko Seller Sukses 2334;Yogyakarta;31/05/2023
SEL-02336;Toko Seller Sukses 2335;Sidoarjo;16/08/2022
SEL-02337;Toko Seller Sukses 2336;Medan;07/07/2022
SEL-02338;Toko Seller Sukses 2337;Jakarta Pusat;06/01/2023
SEL-02339;Toko Seller Sukses 2338;Yogyakarta;07/12/2022
SEL-02340;Toko Seller Sukses 2339;Jakarta Pusat;09/02/2022
SEL-02341;Toko Seller Sukses 2340;Cimahi;10/05/2023
SEL-02342;Toko Seller Sukses 2341;Bandung;13/04/2022
SEL-02343;Toko Seller Sukses 2342;Yogyakarta;20/09/2021
SEL-02344;Toko Seller Sukses 2343;Surabaya;06/03/2022
SEL-02345;Toko Seller Sukses 2344;Yogyakarta;17/06/2023
SEL-02346;Toko Seller Sukses 2345;Medan;14/11/2021
SEL-02347;Toko Seller Sukses 2346;Jakarta Selatan;04/07/2022
SEL-02348;Toko Seller Sukses 2347;Bandung;19/11/2021
SEL-02349;Toko Seller Sukses 2348;Makassar;20/10/2022
SEL-02350;Toko Seller Sukses 2349;Makassar;01/09/2021
SEL-02351;Toko Seller Sukses 2350;Medan;31/03/2022
SEL-02352;Toko Seller Sukses 2351;Jakarta Selatan;25/02/2023
SEL-02353;Toko Seller Sukses 2352;Jakarta Selatan;03/05/2021
SEL-02354;Toko Seller Sukses 2353;Yogyakarta;26/04/2022
SEL-02355;Toko Seller Sukses 2354;Makassar;10/06/2023
SEL-02356;Toko Seller Sukses 2355;Cimahi;07/02/2022
SEL-02357;Toko Seller Sukses 2356;Jakarta Pusat;27/03/2022
SEL-02358;Toko Seller Sukses 2357;Sidoarjo;03/04/2023
SEL-02359;Toko Seller Sukses 2358;Bandung;28/03/2023
SEL-02360;Toko Seller Sukses 2359;Cimahi;16/11/2021
SEL-02361;Toko Seller Sukses 2360;Medan;08/07/2021
SEL-02362;Toko Seller Sukses 2361;Sidoarjo;29/07/2021
SEL-02363;Toko Seller Sukses 2362;Yogyakarta;27/09/2021
SEL-02364;Toko Seller Sukses 2363;Jakarta Selatan;02/04/2023
SEL-02365;Toko Seller Sukses 2364;Medan;26/02/2023
SEL-02366;Toko Seller Sukses 2365;Bandung;18/05/2021
SEL-02367;Toko Seller Sukses 2366;Medan;13/11/2021
SEL-02368;Toko Seller Sukses 2367;Cimahi;29/09/2022
SEL-02369;Toko Seller Sukses 2368;Jakarta Pusat;19/05/2023
SEL-02370;Toko Seller Sukses 2369;Yogyakarta;02/04/2023
SEL-02371;Toko Seller Sukses 2370;Sidoarjo;17/02/2022
SEL-02372;Toko Seller Sukses 2371;Medan;16/12/2022
SEL-02373;Toko Seller Sukses 2372;Jakarta Selatan;25/10/2021
SEL-02374;Toko Seller Sukses 2373;Medan;16/03/2022
SEL-02375;Toko Seller Sukses 2374;Jakarta Selatan;24/08/2022
SEL-02376;Toko Seller Sukses 2375;Yogyakarta;31/03/2023
SEL-02377;Toko Seller Sukses 2376;Cimahi;14/06/2023
SEL-02378;Toko Seller Sukses 2377;Cimahi;11/11/2022
SEL-02379;Toko Seller Sukses 2378;Bandung;30/03/2022
SEL-02380;Toko Seller Sukses 2379;Makassar;23/06/2022
SEL-02381;Toko Seller Sukses 2380;Jakarta Selatan;19/11/2021
SEL-02382;Toko Seller Sukses 2381;Makassar;09/11/2022
SEL-02383;Toko Seller Sukses 2382;Jakarta Pusat;02/10/2021
SEL-02384;Toko Seller Sukses 2383;Jakarta Pusat;03/04/2022
SEL-02385;Toko Seller Sukses 2384;Bandung;18/08/2022
SEL-02386;Toko Seller Sukses 2385;Cimahi;16/11/2021
SEL-02387;Toko Seller Sukses 2386;Medan;08/11/2021
SEL-02388;Toko Seller Sukses 2387;Surabaya;17/03/2022
SEL-02389;Toko Seller Sukses 2388;Sidoarjo;06/07/2021
SEL-02390;Toko Seller Sukses 2389;Surabaya;08/05/2021
SEL-02391;Toko Seller Sukses 2390;Bandung;03/08/2021
SEL-02392;Toko Seller Sukses 2391;Medan;06/05/2023
SEL-02393;Toko Seller Sukses 2392;Cimahi;18/03/2023
SEL-02394;Toko Seller Sukses 2393;Surabaya;08/07/2021
SEL-02395;Toko Seller Sukses 2394;Cimahi;10/05/2023
SEL-02396;Toko Seller Sukses 2395;Bandung;17/05/2022
SEL-02397;Toko Seller Sukses 2396;Bandung;06/11/2022
SEL-02398;Toko Seller Sukses 2397;Jakarta Pusat;17/09/2021
SEL-02399;Toko Seller Sukses 2398;Sidoarjo;05/05/2023
SEL-02400;Toko Seller Sukses 2399;Jakarta Selatan;19/04/2022
SEL-02401;Toko Seller Sukses 2400;Jakarta Pusat;27/01/2023
SEL-02402;Toko Seller Sukses 2401;Cimahi;03/05/2022
SEL-02403;Toko Seller Sukses 2402;Bandung;10/05/2021
SEL-02404;Toko Seller Sukses 2403;Surabaya;20/05/2023
SEL-02405;Toko Seller Sukses 2404;Makassar;07/12/2022
SEL-02406;Toko Seller Sukses 2405;Jakarta Pusat;01/06/2023
SEL-02407;Toko Seller Sukses 2406;Bandung;25/08/2021
SEL-02408;Toko Seller Sukses 2407;Sidoarjo;04/06/2021
SEL-02409;Toko Seller Sukses 2408;Medan;25/08/2022
SEL-02410;Toko Seller Sukses 2409;Jakarta Selatan;06/09/2022
SEL-02411;Toko Seller Sukses 2410;Sidoarjo;01/12/2021
SEL-02412;Toko Seller Sukses 2411;Sidoarjo;27/06/2021
SEL-02413;Toko Seller Sukses 2412;Sidoarjo;24/07/2021
SEL-02414;Toko Seller Sukses 2413;Yogyakarta;07/09/2022
SEL-02415;Toko Seller Sukses 2414;Jakarta Pusat;13/06/2022
SEL-02416;Toko Seller Sukses 2415;Bandung;23/06/2022
SEL-02417;Toko Seller Sukses 2416;Yogyakarta;08/03/2022
SEL-02418;Toko Seller Sukses 2417;Surabaya;28/08/2022
SEL-02419;Toko Seller Sukses 2418;Jakarta Pusat;10/12/2022
SEL-02420;Toko Seller Sukses 2419;Yogyakarta;26/02/2023
SEL-02421;Toko Seller Sukses 2420;Cimahi;30/04/2023
SEL-02422;Toko Seller Sukses 2421;Bandung;07/04/2022
SEL-02423;Toko Seller Sukses 2422;Bandung;04/12/2021
SEL-02424;Toko Seller Sukses 2423;Surabaya;13/04/2023
SEL-02425;Toko Seller Sukses 2424;Jakarta Pusat;08/06/2022
SEL-02426;Toko Seller Sukses 2425;Surabaya;12/06/2021
SEL-02427;Toko Seller Sukses 2426;Surabaya;17/05/2022
SEL-02428;Toko Seller Sukses 2427;Medan;04/01/2023
SEL-02429;Toko Seller Sukses 2428;Cimahi;04/08/2022
SEL-02430;Toko Seller Sukses 2429;Jakarta Pusat;10/01/2023
SEL-02431;Toko Seller Sukses 2430;Cimahi;17/08/2021
SEL-02432;Toko Seller Sukses 2431;Yogyakarta;07/02/2022
SEL-02433;Toko Seller Sukses 2432;Medan;08/02/2023
SEL-02434;Toko Seller Sukses 2433;Bandung;01/10/2022
SEL-02435;Toko Seller Sukses 2434;Sidoarjo;04/05/2022
SEL-02436;Toko Seller Sukses 2435;Sidoarjo;18/05/2023
SEL-02437;Toko Seller Sukses 2436;Jakarta Selatan;18/12/2022
SEL-02438;Toko Seller Sukses 2437;Surabaya;01/03/2022
SEL-02439;Toko Seller Sukses 2438;Jakarta Pusat;29/05/2023
SEL-02440;Toko Seller Sukses 2439;Yogyakarta;08/07/2021
SEL-02441;Toko Seller Sukses 2440;Surabaya;25/07/2021
SEL-02442;Toko Seller Sukses 2441;Yogyakarta;12/05/2021
SEL-02443;Toko Seller Sukses 2442;Makassar;19/08/2021
SEL-02444;Toko Seller Sukses 2443;Cimahi;27/05/2022
SEL-02445;Toko Seller Sukses 2444;Jakarta Pusat;27/01/2023
SEL-02446;Toko Seller Sukses 2445;Surabaya;15/06/2023
SEL-02447;Toko Seller Sukses 2446;Medan;10/09/2021
SEL-02448;Toko Seller Sukses 2447;Makassar;23/09/2022
SEL-02449;Toko Seller Sukses 2448;Bandung;30/03/2022
SEL-02450;Toko Seller Sukses 2449;Yogyakarta;20/07/2021
SEL-02451;Toko Seller Sukses 2450;Medan;25/11/2022
SEL-02452;Toko Seller Sukses 2451;Surabaya;12/10/2022
SEL-02453;Toko Seller Sukses 2452;Bandung;29/04/2023
SEL-02454;Toko Seller Sukses 2453;Surabaya;01/10/2022
SEL-02455;Toko Seller Sukses 2454;Jakarta Selatan;06/07/2023
SEL-02456;Toko Seller Sukses 2455;Cimahi;21/04/2022
SEL-02457;Toko Seller Sukses 2456;Makassar;16/11/2021
SEL-02458;Toko Seller Sukses 2457;Jakarta Selatan;17/11/2022
SEL-02459;Toko Seller Sukses 2458;Makassar;05/05/2023
SEL-02460;Toko Seller Sukses 2459;Yogyakarta;26/01/2022
SEL-02461;Toko Seller Sukses 2460;Medan;10/05/2022
SEL-02462;Toko Seller Sukses 2461;Sidoarjo;03/03/2023
SEL-02463;Toko Seller Sukses 2462;Makassar;25/01/2022
SEL-02464;Toko Seller Sukses 2463;Bandung;22/08/2022
SEL-02465;Toko Seller Sukses 2464;Yogyakarta;10/12/2021
SEL-02466;Toko Seller Sukses 2465;Cimahi;21/01/2023
SEL-02467;Toko Seller Sukses 2466;Bandung;24/03/2023
SEL-02468;Toko Seller Sukses 2467;Makassar;20/10/2021
SEL-02469;Toko Seller Sukses 2468;Cimahi;02/09/2022
SEL-02470;Toko Seller Sukses 2469;Medan;29/04/2023
SEL-02471;Toko Seller Sukses 2470;Jakarta Pusat;13/12/2021
SEL-02472;Toko Seller Sukses 2471;Jakarta Selatan;22/05/2023
SEL-02473;Toko Seller Sukses 2472;Medan;27/02/2022
SEL-02474;Toko Seller Sukses 2473;Jakarta Pusat;19/11/2021
SEL-02475;Toko Seller Sukses 2474;Surabaya;22/10/2022
SEL-02476;Toko Seller Sukses 2475;Medan;25/03/2023
SEL-02477;Toko Seller Sukses 2476;Bandung;24/01/2022
SEL-02478;Toko Seller Sukses 2477;Medan;13/08/2021
SEL-02479;Toko Seller Sukses 2478;Cimahi;17/08/2021
SEL-02480;Toko Seller Sukses 2479;Bandung;02/08/2022
SEL-02481;Toko Seller Sukses 2480;Medan;05/03/2022
SEL-02482;Toko Seller Sukses 2481;Yogyakarta;07/04/2022
SEL-02483;Toko Seller Sukses 2482;Bandung;11/05/2021
SEL-02484;Toko Seller Sukses 2483;Surabaya;04/03/2022
SEL-02485;Toko Seller Sukses 2484;Yogyakarta;23/01/2023
SEL-02486;Toko Seller Sukses 2485;Yogyakarta;29/07/2021
SEL-02487;Toko Seller Sukses 2486;Sidoarjo;04/12/2021
SEL-02488;Toko Seller Sukses 2487;Yogyakarta;14/11/2021
SEL-02489;Toko Seller Sukses 2488;Cimahi;28/08/2021
SEL-02490;Toko Seller Sukses 2489;Medan;23/01/2022
SEL-02491;Toko Seller Sukses 2490;Jakarta Pusat;12/09/2022
SEL-02492;Toko Seller Sukses 2491;Surabaya;15/12/2022
SEL-02493;Toko Seller Sukses 2492;Sidoarjo;14/02/2022
SEL-02494;Toko Seller Sukses 2493;Bandung;12/06/2023
SEL-02495;Toko Seller Sukses 2494;Makassar;20/11/2022
SEL-02496;Toko Seller Sukses 2495;Surabaya;26/06/2023
SEL-02497;Toko Seller Sukses 2496;Jakarta Selatan;01/05/2021
SEL-02498;Toko Seller Sukses 2497;Cimahi;26/09/2022
SEL-02499;Toko Seller Sukses 2498;Jakarta Selatan;16/01/2022
SEL-02500;Toko Seller Sukses 2499;Jakarta Pusat;30/10/2021
SEL-02501;Toko Seller Sukses 2500;Jakarta Pusat;08/12/2021
SEL-02502;Toko Seller Sukses 2501;Cimahi;04/11/2021
SEL-02503;Toko Seller Sukses 2502;Jakarta Pusat;30/12/2022
SEL-02504;Toko Seller Sukses 2503;Medan;30/06/2021
SEL-02505;Toko Seller Sukses 2504;Surabaya;09/10/2021
SEL-02506;Toko Seller Sukses 2505;Cimahi;04/01/2022
SEL-02507;Toko Seller Sukses 2506;Makassar;14/06/2022
SEL-02508;Toko Seller Sukses 2507;Surabaya;25/06/2021
SEL-02509;Toko Seller Sukses 2508;Makassar;11/08/2022
SEL-02510;Toko Seller Sukses 2509;Sidoarjo;20/11/2022
SEL-02511;Toko Seller Sukses 2510;Jakarta Pusat;19/04/2022
SEL-02512;Toko Seller Sukses 2511;Bandung;28/01/2023
SEL-02513;Toko Seller Sukses 2512;Jakarta Selatan;05/05/2021
SEL-02514;Toko Seller Sukses 2513;Sidoarjo;27/06/2022
SEL-02515;Toko Seller Sukses 2514;Jakarta Selatan;06/12/2021
SEL-02516;Toko Seller Sukses 2515;Bandung;17/03/2022
SEL-02517;Toko Seller Sukses 2516;Jakarta Selatan;24/01/2023
SEL-02518;Toko Seller Sukses 2517;Yogyakarta;14/03/2022
SEL-02519;Toko Seller Sukses 2518;Cimahi;09/09/2021
SEL-02520;Toko Seller Sukses 2519;Yogyakarta;26/06/2022
SEL-02521;Toko Seller Sukses 2520;Bandung;31/10/2022
SEL-02522;Toko Seller Sukses 2521;Surabaya;01/10/2021
SEL-02523;Toko Seller Sukses 2522;Jakarta Selatan;18/05/2022
SEL-02524;Toko Seller Sukses 2523;Jakarta Selatan;26/12/2022
SEL-02525;Toko Seller Sukses 2524;Jakarta Selatan;25/11/2021
SEL-02526;Toko Seller Sukses 2525;Medan;09/06/2022
SEL-02527;Toko Seller Sukses 2526;Jakarta Pusat;11/04/2022
SEL-02528;Toko Seller Sukses 2527;Cimahi;25/06/2023
SEL-02529;Toko Seller Sukses 2528;Makassar;03/11/2021
SEL-02530;Toko Seller Sukses 2529;Sidoarjo;07/09/2021
SEL-02531;Toko Seller Sukses 2530;Sidoarjo;27/05/2021
SEL-02532;Toko Seller Sukses 2531;Jakarta Pusat;11/06/2021
SEL-02533;Toko Seller Sukses 2532;Surabaya;31/05/2023
SEL-02534;Toko Seller Sukses 2533;Sidoarjo;03/04/2023
SEL-02535;Toko Seller Sukses 2534;Makassar;20/02/2022
SEL-02536;Toko Seller Sukses 2535;Cimahi;26/03/2023
SEL-02537;Toko Seller Sukses 2536;Bandung;24/07/2021
SEL-02538;Toko Seller Sukses 2537;Makassar;21/05/2022
SEL-02539;Toko Seller Sukses 2538;Makassar;22/09/2022
SEL-02540;Toko Seller Sukses 2539;Bandung;14/10/2021
SEL-02541;Toko Seller Sukses 2540;Bandung;30/10/2022
SEL-02542;Toko Seller Sukses 2541;Bandung;02/09/2022
SEL-02543;Toko Seller Sukses 2542;Cimahi;03/05/2023
SEL-02544;Toko Seller Sukses 2543;Jakarta Pusat;18/04/2022
SEL-02545;Toko Seller Sukses 2544;Jakarta Pusat;16/06/2023
SEL-02546;Toko Seller Sukses 2545;Surabaya;13/08/2021
SEL-02547;Toko Seller Sukses 2546;Makassar;13/01/2022
SEL-02548;Toko Seller Sukses 2547;Sidoarjo;19/04/2023
SEL-02549;Toko Seller Sukses 2548;Makassar;18/07/2021
SEL-02550;Toko Seller Sukses 2549;Jakarta Pusat;12/05/2022
SEL-02551;Toko Seller Sukses 2550;Cimahi;10/03/2023
SEL-02552;Toko Seller Sukses 2551;Cimahi;10/08/2022
SEL-02553;Toko Seller Sukses 2552;Makassar;03/05/2023
SEL-02554;Toko Seller Sukses 2553;Makassar;19/06/2022
SEL-02555;Toko Seller Sukses 2554;Sidoarjo;20/11/2021
SEL-02556;Toko Seller Sukses 2555;Sidoarjo;21/11/2022
SEL-02557;Toko Seller Sukses 2556;Jakarta Selatan;08/07/2022
SEL-02558;Toko Seller Sukses 2557;Cimahi;03/10/2022
SEL-02559;Toko Seller Sukses 2558;Cimahi;09/11/2022
SEL-02560;Toko Seller Sukses 2559;Makassar;09/09/2022
SEL-02561;Toko Seller Sukses 2560;Yogyakarta;08/01/2022
SEL-02562;Toko Seller Sukses 2561;Surabaya;26/02/2022
SEL-02563;Toko Seller Sukses 2562;Jakarta Selatan;10/08/2022
SEL-02564;Toko Seller Sukses 2563;Jakarta Pusat;06/05/2021
SEL-02565;Toko Seller Sukses 2564;Bandung;20/08/2021
SEL-02566;Toko Seller Sukses 2565;Bandung;01/02/2023
SEL-02567;Toko Seller Sukses 2566;Jakarta Selatan;01/08/2022
SEL-02568;Toko Seller Sukses 2567;Cimahi;12/05/2021
SEL-02569;Toko Seller Sukses 2568;Yogyakarta;01/11/2022
SEL-02570;Toko Seller Sukses 2569;Cimahi;07/06/2021
SEL-02571;Toko Seller Sukses 2570;Surabaya;13/02/2022
SEL-02572;Toko Seller Sukses 2571;Yogyakarta;30/03/2023
SEL-02573;Toko Seller Sukses 2572;Jakarta Pusat;30/03/2023
SEL-02574;Toko Seller Sukses 2573;Medan;16/04/2022
SEL-02575;Toko Seller Sukses 2574;Sidoarjo;22/02/2023
SEL-02576;Toko Seller Sukses 2575;Medan;16/01/2023
SEL-02577;Toko Seller Sukses 2576;Cimahi;18/05/2023
SEL-02578;Toko Seller Sukses 2577;Makassar;26/08/2022
SEL-02579;Toko Seller Sukses 2578;Sidoarjo;08/01/2023
SEL-02580;Toko Seller Sukses 2579;Bandung;26/02/2023
SEL-02581;Toko Seller Sukses 2580;Cimahi;02/11/2022
SEL-02582;Toko Seller Sukses 2581;Yogyakarta;03/09/2022
SEL-02583;Toko Seller Sukses 2582;Cimahi;08/01/2022
SEL-02584;Toko Seller Sukses 2583;Jakarta Selatan;06/01/2022
SEL-02585;Toko Seller Sukses 2584;Jakarta Selatan;01/06/2023
SEL-02586;Toko Seller Sukses 2585;Jakarta Selatan;01/02/2023
SEL-02587;Toko Seller Sukses 2586;Cimahi;16/12/2022
SEL-02588;Toko Seller Sukses 2587;Sidoarjo;17/07/2021
SEL-02589;Toko Seller Sukses 2588;Makassar;15/06/2021
SEL-02590;Toko Seller Sukses 2589;Jakarta Selatan;22/03/2023
SEL-02591;Toko Seller Sukses 2590;Medan;29/06/2022
SEL-02592;Toko Seller Sukses 2591;Yogyakarta;27/06/2021
SEL-02593;Toko Seller Sukses 2592;Jakarta Selatan;03/02/2023
SEL-02594;Toko Seller Sukses 2593;Surabaya;05/09/2021
SEL-02595;Toko Seller Sukses 2594;Jakarta Pusat;14/11/2022
SEL-02596;Toko Seller Sukses 2595;Jakarta Pusat;23/12/2022
SEL-02597;Toko Seller Sukses 2596;Sidoarjo;20/11/2021
SEL-02598;Toko Seller Sukses 2597;Jakarta Selatan;01/10/2021
SEL-02599;Toko Seller Sukses 2598;Medan;13/08/2022
SEL-02600;Toko Seller Sukses 2599;Surabaya;07/05/2021
SEL-02601;Toko Seller Sukses 2600;Bandung;07/11/2021
SEL-02602;Toko Seller Sukses 2601;Cimahi;15/04/2023
SEL-02603;Toko Seller Sukses 2602;Jakarta Selatan;07/12/2021
SEL-02604;Toko Seller Sukses 2603;Surabaya;23/11/2021
SEL-02605;Toko Seller Sukses 2604;Bandung;04/05/2023
SEL-02606;Toko Seller Sukses 2605;Bandung;18/11/2022
SEL-02607;Toko Seller Sukses 2606;Cimahi;31/07/2021
SEL-02608;Toko Seller Sukses 2607;Sidoarjo;12/11/2022
SEL-02609;Toko Seller Sukses 2608;Bandung;16/10/2021
SEL-02610;Toko Seller Sukses 2609;Medan;25/08/2021
SEL-02611;Toko Seller Sukses 2610;Sidoarjo;18/03/2023
SEL-02612;Toko Seller Sukses 2611;Bandung;11/01/2023
SEL-02613;Toko Seller Sukses 2612;Cimahi;18/07/2021
SEL-02614;Toko Seller Sukses 2613;Bandung;28/08/2022
SEL-02615;Toko Seller Sukses 2614;Medan;04/02/2022
SEL-02616;Toko Seller Sukses 2615;Jakarta Pusat;21/08/2021
SEL-02617;Toko Seller Sukses 2616;Bandung;18/06/2021
SEL-02618;Toko Seller Sukses 2617;Jakarta Selatan;18/04/2023
SEL-02619;Toko Seller Sukses 2618;Cimahi;01/04/2022
SEL-02620;Toko Seller Sukses 2619;Jakarta Pusat;28/08/2022
SEL-02621;Toko Seller Sukses 2620;Surabaya;07/02/2023
SEL-02622;Toko Seller Sukses 2621;Sidoarjo;02/04/2022
SEL-02623;Toko Seller Sukses 2622;Jakarta Pusat;19/04/2022
SEL-02624;Toko Seller Sukses 2623;Cimahi;17/09/2021
SEL-02625;Toko Seller Sukses 2624;Medan;10/05/2022
SEL-02626;Toko Seller Sukses 2625;Jakarta Pusat;28/05/2023
SEL-02627;Toko Seller Sukses 2626;Surabaya;09/04/2023
SEL-02628;Toko Seller Sukses 2627;Sidoarjo;17/08/2021
SEL-02629;Toko Seller Sukses 2628;Medan;12/12/2021
SEL-02630;Toko Seller Sukses 2629;Makassar;14/11/2021
SEL-02631;Toko Seller Sukses 2630;Sidoarjo;01/04/2022
SEL-02632;Toko Seller Sukses 2631;Jakarta Selatan;15/02/2023
SEL-02633;Toko Seller Sukses 2632;Sidoarjo;09/01/2023
SEL-02634;Toko Seller Sukses 2633;Bandung;23/09/2021
SEL-02635;Toko Seller Sukses 2634;Medan;22/05/2021
SEL-02636;Toko Seller Sukses 2635;Medan;18/02/2022
SEL-02637;Toko Seller Sukses 2636;Jakarta Pusat;22/03/2022
SEL-02638;Toko Seller Sukses 2637;Bandung;16/01/2023
SEL-02639;Toko Seller Sukses 2638;Sidoarjo;22/02/2023
SEL-02640;Toko Seller Sukses 2639;Jakarta Pusat;06/10/2021
SEL-02641;Toko Seller Sukses 2640;Makassar;19/06/2021
SEL-02642;Toko Seller Sukses 2641;Sidoarjo;03/10/2022
SEL-02643;Toko Seller Sukses 2642;Makassar;26/05/2023
SEL-02644;Toko Seller Sukses 2643;Sidoarjo;16/12/2021
SEL-02645;Toko Seller Sukses 2644;Surabaya;12/10/2021
SEL-02646;Toko Seller Sukses 2645;Jakarta Selatan;25/11/2022
SEL-02647;Toko Seller Sukses 2646;Sidoarjo;23/03/2022
SEL-02648;Toko Seller Sukses 2647;Medan;17/05/2021
SEL-02649;Toko Seller Sukses 2648;Cimahi;01/03/2022
SEL-02650;Toko Seller Sukses 2649;Makassar;02/01/2023
SEL-02651;Toko Seller Sukses 2650;Jakarta Pusat;27/04/2022
SEL-02652;Toko Seller Sukses 2651;Jakarta Selatan;27/01/2022
SEL-02653;Toko Seller Sukses 2652;Sidoarjo;28/06/2021
SEL-02654;Toko Seller Sukses 2653;Makassar;29/11/2022
SEL-02655;Toko Seller Sukses 2654;Medan;26/03/2023
SEL-02656;Toko Seller Sukses 2655;Surabaya;16/05/2021
SEL-02657;Toko Seller Sukses 2656;Jakarta Pusat;03/03/2023
SEL-02658;Toko Seller Sukses 2657;Jakarta Pusat;19/10/2022
SEL-02659;Toko Seller Sukses 2658;Yogyakarta;21/01/2023
SEL-02660;Toko Seller Sukses 2659;Medan;24/05/2023
SEL-02661;Toko Seller Sukses 2660;Surabaya;15/05/2021
SEL-02662;Toko Seller Sukses 2661;Makassar;08/03/2022
SEL-02663;Toko Seller Sukses 2662;Sidoarjo;07/05/2023
SEL-02664;Toko Seller Sukses 2663;Sidoarjo;24/11/2021
SEL-02665;Toko Seller Sukses 2664;Jakarta Selatan;15/05/2021
SEL-02666;Toko Seller Sukses 2665;Makassar;26/06/2023
SEL-02667;Toko Seller Sukses 2666;Sidoarjo;17/02/2023
SEL-02668;Toko Seller Sukses 2667;Jakarta Pusat;14/05/2023
SEL-02669;Toko Seller Sukses 2668;Medan;11/01/2022
SEL-02670;Toko Seller Sukses 2669;Surabaya;01/05/2023
SEL-02671;Toko Seller Sukses 2670;Bandung;24/06/2023
SEL-02672;Toko Seller Sukses 2671;Cimahi;23/06/2023
SEL-02673;Toko Seller Sukses 2672;Makassar;25/06/2023
SEL-02674;Toko Seller Sukses 2673;Makassar;30/10/2021
SEL-02675;Toko Seller Sukses 2674;Cimahi;06/03/2022
SEL-02676;Toko Seller Sukses 2675;Jakarta Pusat;14/11/2022
SEL-02677;Toko Seller Sukses 2676;Jakarta Selatan;18/05/2021
SEL-02678;Toko Seller Sukses 2677;Sidoarjo;07/10/2021
SEL-02679;Toko Seller Sukses 2678;Bandung;18/01/2022
SEL-02680;Toko Seller Sukses 2679;Sidoarjo;01/09/2021
SEL-02681;Toko Seller Sukses 2680;Makassar;22/09/2022
SEL-02682;Toko Seller Sukses 2681;Yogyakarta;15/12/2021
SEL-02683;Toko Seller Sukses 2682;Makassar;05/06/2022
SEL-02684;Toko Seller Sukses 2683;Yogyakarta;04/12/2022
SEL-02685;Toko Seller Sukses 2684;Jakarta Selatan;12/04/2022
SEL-02686;Toko Seller Sukses 2685;Sidoarjo;08/10/2021
SEL-02687;Toko Seller Sukses 2686;Jakarta Pusat;26/12/2022
SEL-02688;Toko Seller Sukses 2687;Jakarta Selatan;04/09/2022
SEL-02689;Toko Seller Sukses 2688;Medan;29/07/2021
SEL-02690;Toko Seller Sukses 2689;Makassar;27/03/2022
SEL-02691;Toko Seller Sukses 2690;Surabaya;18/06/2022
SEL-02692;Toko Seller Sukses 2691;Jakarta Selatan;17/04/2022
SEL-02693;Toko Seller Sukses 2692;Bandung;03/10/2021
SEL-02694;Toko Seller Sukses 2693;Surabaya;05/07/2022
SEL-02695;Toko Seller Sukses 2694;Medan;08/04/2023
SEL-02696;Toko Seller Sukses 2695;Yogyakarta;15/12/2022
SEL-02697;Toko Seller Sukses 2696;Yogyakarta;16/08/2021
SEL-02698;Toko Seller Sukses 2697;Jakarta Selatan;14/09/2022
SEL-02699;Toko Seller Sukses 2698;Makassar;03/06/2021
SEL-02700;Toko Seller Sukses 2699;Cimahi;19/09/2022
SEL-02701;Toko Seller Sukses 2700;Bandung;10/04/2023
SEL-02702;Toko Seller Sukses 2701;Medan;30/10/2021
SEL-02703;Toko Seller Sukses 2702;Bandung;29/01/2022
SEL-02704;Toko Seller Sukses 2703;Bandung;29/01/2022
SEL-02705;Toko Seller Sukses 2704;Yogyakarta;22/10/2021
SEL-02706;Toko Seller Sukses 2705;Sidoarjo;05/05/2023
SEL-02707;Toko Seller Sukses 2706;Bandung;16/05/2021
SEL-02708;Toko Seller Sukses 2707;Bandung;13/08/2022
SEL-02709;Toko Seller Sukses 2708;Jakarta Pusat;04/12/2022
SEL-02710;Toko Seller Sukses 2709;Surabaya;05/01/2022
SEL-02711;Toko Seller Sukses 2710;Cimahi;28/04/2023
SEL-02712;Toko Seller Sukses 2711;Bandung;24/04/2022
SEL-02713;Toko Seller Sukses 2712;Bandung;03/01/2023
SEL-02714;Toko Seller Sukses 2713;Surabaya;20/07/2021
SEL-02715;Toko Seller Sukses 2714;Jakarta Pusat;02/01/2022
SEL-02716;Toko Seller Sukses 2715;Sidoarjo;10/08/2022
SEL-02717;Toko Seller Sukses 2716;Jakarta Selatan;04/07/2022
SEL-02718;Toko Seller Sukses 2717;Cimahi;01/07/2021
SEL-02719;Toko Seller Sukses 2718;Bandung;02/09/2021
SEL-02720;Toko Seller Sukses 2719;Cimahi;17/03/2023
SEL-02721;Toko Seller Sukses 2720;Medan;11/02/2022
SEL-02722;Toko Seller Sukses 2721;Cimahi;21/03/2022
SEL-02723;Toko Seller Sukses 2722;Makassar;12/10/2022
SEL-02724;Toko Seller Sukses 2723;Surabaya;14/12/2021
SEL-02725;Toko Seller Sukses 2724;Cimahi;20/03/2022
SEL-02726;Toko Seller Sukses 2725;Sidoarjo;22/12/2021
SEL-02727;Toko Seller Sukses 2726;Makassar;24/06/2023
SEL-02728;Toko Seller Sukses 2727;Yogyakarta;06/03/2023
SEL-02729;Toko Seller Sukses 2728;Cimahi;25/08/2022
SEL-02730;Toko Seller Sukses 2729;Jakarta Selatan;23/08/2022
SEL-02731;Toko Seller Sukses 2730;Jakarta Selatan;06/03/2022
SEL-02732;Toko Seller Sukses 2731;Surabaya;13/06/2021
SEL-02733;Toko Seller Sukses 2732;Medan;08/07/2022
SEL-02734;Toko Seller Sukses 2733;Jakarta Selatan;31/07/2022
SEL-02735;Toko Seller Sukses 2734;Medan;09/04/2022
SEL-02736;Toko Seller Sukses 2735;Jakarta Pusat;18/03/2023
SEL-02737;Toko Seller Sukses 2736;Surabaya;07/07/2023
SEL-02738;Toko Seller Sukses 2737;Surabaya;02/03/2022
SEL-02739;Toko Seller Sukses 2738;Jakarta Selatan;17/05/2021
SEL-02740;Toko Seller Sukses 2739;Cimahi;24/12/2021
SEL-02741;Toko Seller Sukses 2740;Yogyakarta;12/07/2022
SEL-02742;Toko Seller Sukses 2741;Medan;26/04/2023
SEL-02743;Toko Seller Sukses 2742;Jakarta Selatan;30/05/2023
SEL-02744;Toko Seller Sukses 2743;Jakarta Pusat;23/02/2023
SEL-02745;Toko Seller Sukses 2744;Surabaya;24/04/2022
SEL-02746;Toko Seller Sukses 2745;Yogyakarta;28/06/2023
SEL-02747;Toko Seller Sukses 2746;Makassar;29/08/2022
SEL-02748;Toko Seller Sukses 2747;Jakarta Pusat;04/04/2022
SEL-02749;Toko Seller Sukses 2748;Cimahi;24/02/2022
SEL-02750;Toko Seller Sukses 2749;Yogyakarta;05/06/2021
SEL-02751;Toko Seller Sukses 2750;Bandung;26/12/2021
SEL-02752;Toko Seller Sukses 2751;Surabaya;08/07/2023
SEL-02753;Toko Seller Sukses 2752;Jakarta Pusat;19/08/2022
SEL-02754;Toko Seller Sukses 2753;Surabaya;30/12/2022
SEL-02755;Toko Seller Sukses 2754;Medan;30/04/2022
SEL-02756;Toko Seller Sukses 2755;Jakarta Selatan;18/07/2021
SEL-02757;Toko Seller Sukses 2756;Bandung;27/09/2021
SEL-02758;Toko Seller Sukses 2757;Yogyakarta;12/03/2022
SEL-02759;Toko Seller Sukses 2758;Medan;28/11/2021
SEL-02760;Toko Seller Sukses 2759;Cimahi;31/10/2022
SEL-02761;Toko Seller Sukses 2760;Sidoarjo;29/09/2021
SEL-02762;Toko Seller Sukses 2761;Sidoarjo;04/06/2021
SEL-02763;Toko Seller Sukses 2762;Jakarta Selatan;17/05/2021
SEL-02764;Toko Seller Sukses 2763;Surabaya;12/12/2022
SEL-02765;Toko Seller Sukses 2764;Cimahi;04/12/2021
SEL-02766;Toko Seller Sukses 2765;Bandung;10/07/2022
SEL-02767;Toko Seller Sukses 2766;Cimahi;08/12/2022
SEL-02768;Toko Seller Sukses 2767;Bandung;05/04/2022
SEL-02769;Toko Seller Sukses 2768;Jakarta Pusat;14/08/2021
SEL-02770;Toko Seller Sukses 2769;Jakarta Selatan;11/02/2022
SEL-02771;Toko Seller Sukses 2770;Cimahi;31/03/2022
SEL-02772;Toko Seller Sukses 2771;Cimahi;20/07/2021
SEL-02773;Toko Seller Sukses 2772;Medan;17/10/2021
SEL-02774;Toko Seller Sukses 2773;Sidoarjo;11/05/2023
SEL-02775;Toko Seller Sukses 2774;Surabaya;27/07/2022
SEL-02776;Toko Seller Sukses 2775;Yogyakarta;25/08/2022
SEL-02777;Toko Seller Sukses 2776;Sidoarjo;09/04/2023
SEL-02778;Toko Seller Sukses 2777;Cimahi;12/01/2023
SEL-02779;Toko Seller Sukses 2778;Makassar;06/05/2022
SEL-02780;Toko Seller Sukses 2779;Cimahi;27/06/2022
SEL-02781;Toko Seller Sukses 2780;Cimahi;03/06/2022
SEL-02782;Toko Seller Sukses 2781;Jakarta Pusat;10/09/2022
SEL-02783;Toko Seller Sukses 2782;Bandung;12/12/2022
SEL-02784;Toko Seller Sukses 2783;Medan;20/08/2021
SEL-02785;Toko Seller Sukses 2784;Bandung;26/12/2021
SEL-02786;Toko Seller Sukses 2785;Yogyakarta;11/01/2022
SEL-02787;Toko Seller Sukses 2786;Cimahi;24/04/2023
SEL-02788;Toko Seller Sukses 2787;Yogyakarta;13/09/2022
SEL-02789;Toko Seller Sukses 2788;Medan;08/12/2022
SEL-02790;Toko Seller Sukses 2789;Jakarta Pusat;10/06/2023
SEL-02791;Toko Seller Sukses 2790;Sidoarjo;02/07/2021
SEL-02792;Toko Seller Sukses 2791;Jakarta Selatan;17/01/2022
SEL-02793;Toko Seller Sukses 2792;Makassar;19/11/2021
SEL-02794;Toko Seller Sukses 2793;Bandung;08/05/2021
SEL-02795;Toko Seller Sukses 2794;Makassar;02/03/2022
SEL-02796;Toko Seller Sukses 2795;Surabaya;13/10/2021
SEL-02797;Toko Seller Sukses 2796;Medan;23/02/2022
SEL-02798;Toko Seller Sukses 2797;Sidoarjo;18/02/2022
SEL-02799;Toko Seller Sukses 2798;Cimahi;06/08/2022
SEL-02800;Toko Seller Sukses 2799;Medan;25/09/2022
SEL-02801;Toko Seller Sukses 2800;Bandung;30/12/2022
SEL-02802;Toko Seller Sukses 2801;Bandung;21/09/2022
SEL-02803;Toko Seller Sukses 2802;Makassar;30/04/2023
SEL-02804;Toko Seller Sukses 2803;Medan;16/04/2022
SEL-02805;Toko Seller Sukses 2804;Jakarta Selatan;24/12/2022
SEL-02806;Toko Seller Sukses 2805;Sidoarjo;08/08/2021
SEL-02807;Toko Seller Sukses 2806;Yogyakarta;22/09/2021
SEL-02808;Toko Seller Sukses 2807;Makassar;16/12/2021
SEL-02809;Toko Seller Sukses 2808;Makassar;09/03/2023
SEL-02810;Toko Seller Sukses 2809;Sidoarjo;01/01/2023
SEL-02811;Toko Seller Sukses 2810;Cimahi;22/06/2022
SEL-02812;Toko Seller Sukses 2811;Makassar;26/08/2022
SEL-02813;Toko Seller Sukses 2812;Medan;24/09/2021
SEL-02814;Toko Seller Sukses 2813;Sidoarjo;26/08/2022
SEL-02815;Toko Seller Sukses 2814;Jakarta Selatan;11/10/2022
SEL-02816;Toko Seller Sukses 2815;Jakarta Selatan;12/02/2023
SEL-02817;Toko Seller Sukses 2816;Medan;14/12/2022
SEL-02818;Toko Seller Sukses 2817;Medan;08/01/2022
SEL-02819;Toko Seller Sukses 2818;Medan;30/07/2021
SEL-02820;Toko Seller Sukses 2819;Jakarta Selatan;21/12/2021
SEL-02821;Toko Seller Sukses 2820;Sidoarjo;09/09/2021
SEL-02822;Toko Seller Sukses 2821;Yogyakarta;26/09/2022
SEL-02823;Toko Seller Sukses 2822;Makassar;04/06/2023
SEL-02824;Toko Seller Sukses 2823;Sidoarjo;09/03/2022
SEL-02825;Toko Seller Sukses 2824;Makassar;11/11/2021
SEL-02826;Toko Seller Sukses 2825;Cimahi;22/10/2022
SEL-02827;Toko Seller Sukses 2826;Bandung;01/05/2023
SEL-02828;Toko Seller Sukses 2827;Surabaya;05/02/2023
SEL-02829;Toko Seller Sukses 2828;Jakarta Pusat;07/02/2023
SEL-02830;Toko Seller Sukses 2829;Surabaya;29/12/2022
SEL-02831;Toko Seller Sukses 2830;Bandung;02/06/2023
SEL-02832;Toko Seller Sukses 2831;Medan;15/09/2021
SEL-02833;Toko Seller Sukses 2832;Makassar;09/11/2021
SEL-02834;Toko Seller Sukses 2833;Cimahi;21/06/2021
SEL-02835;Toko Seller Sukses 2834;Makassar;13/02/2022
SEL-02836;Toko Seller Sukses 2835;Medan;24/06/2023
SEL-02837;Toko Seller Sukses 2836;Bandung;12/06/2021
SEL-02838;Toko Seller Sukses 2837;Yogyakarta;03/04/2022
SEL-02839;Toko Seller Sukses 2838;Makassar;11/10/2021
SEL-02840;Toko Seller Sukses 2839;Medan;31/10/2021
SEL-02841;Toko Seller Sukses 2840;Medan;30/01/2022
SEL-02842;Toko Seller Sukses 2841;Medan;14/10/2022
SEL-02843;Toko Seller Sukses 2842;Yogyakarta;13/07/2021
SEL-02844;Toko Seller Sukses 2843;Medan;09/02/2022
SEL-02845;Toko Seller Sukses 2844;Sidoarjo;27/05/2023
SEL-02846;Toko Seller Sukses 2845;Makassar;26/01/2022
SEL-02847;Toko Seller Sukses 2846;Bandung;11/06/2021
SEL-02848;Toko Seller Sukses 2847;Medan;01/01/2022
SEL-02849;Toko Seller Sukses 2848;Jakarta Pusat;29/12/2021
SEL-02850;Toko Seller Sukses 2849;Sidoarjo;10/02/2022
SEL-02851;Toko Seller Sukses 2850;Cimahi;27/04/2022
SEL-02852;Toko Seller Sukses 2851;Medan;13/05/2021
SEL-02853;Toko Seller Sukses 2852;Bandung;03/05/2021
SEL-02854;Toko Seller Sukses 2853;Surabaya;10/01/2022
SEL-02855;Toko Seller Sukses 2854;Makassar;30/08/2022
SEL-02856;Toko Seller Sukses 2855;Medan;20/10/2022
SEL-02857;Toko Seller Sukses 2856;Makassar;26/07/2021
SEL-02858;Toko Seller Sukses 2857;Yogyakarta;03/12/2021
SEL-02859;Toko Seller Sukses 2858;Jakarta Selatan;22/01/2022
SEL-02860;Toko Seller Sukses 2859;Sidoarjo;27/06/2023
SEL-02861;Toko Seller Sukses 2860;Sidoarjo;17/08/2021
SEL-02862;Toko Seller Sukses 2861;Makassar;01/11/2021
SEL-02863;Toko Seller Sukses 2862;Yogyakarta;15/11/2022
SEL-02864;Toko Seller Sukses 2863;Makassar;18/01/2022
SEL-02865;Toko Seller Sukses 2864;Yogyakarta;18/08/2021
SEL-02866;Toko Seller Sukses 2865;Jakarta Pusat;10/01/2023
SEL-02867;Toko Seller Sukses 2866;Jakarta Pusat;02/03/2023
SEL-02868;Toko Seller Sukses 2867;Jakarta Pusat;31/12/2021
SEL-02869;Toko Seller Sukses 2868;Medan;16/03/2022
SEL-02870;Toko Seller Sukses 2869;Medan;05/10/2022
SEL-02871;Toko Seller Sukses 2870;Bandung;11/06/2022
SEL-02872;Toko Seller Sukses 2871;Surabaya;08/05/2021
SEL-02873;Toko Seller Sukses 2872;Yogyakarta;24/05/2021
SEL-02874;Toko Seller Sukses 2873;Yogyakarta;05/05/2022
SEL-02875;Toko Seller Sukses 2874;Jakarta Selatan;28/10/2021
SEL-02876;Toko Seller Sukses 2875;Bandung;22/11/2021
SEL-02877;Toko Seller Sukses 2876;Sidoarjo;31/01/2023
SEL-02878;Toko Seller Sukses 2877;Cimahi;22/03/2023
SEL-02879;Toko Seller Sukses 2878;Cimahi;18/07/2022
SEL-02880;Toko Seller Sukses 2879;Yogyakarta;16/05/2023
SEL-02881;Toko Seller Sukses 2880;Yogyakarta;11/10/2022
SEL-02882;Toko Seller Sukses 2881;Bandung;18/03/2023
SEL-02883;Toko Seller Sukses 2882;Makassar;05/11/2021
SEL-02884;Toko Seller Sukses 2883;Sidoarjo;16/06/2021
SEL-02885;Toko Seller Sukses 2884;Jakarta Selatan;22/02/2022
SEL-02886;Toko Seller Sukses 2885;Bandung;01/09/2022
SEL-02887;Toko Seller Sukses 2886;Sidoarjo;21/06/2023
SEL-02888;Toko Seller Sukses 2887;Bandung;24/08/2021
SEL-02889;Toko Seller Sukses 2888;Sidoarjo;14/07/2021
SEL-02890;Toko Seller Sukses 2889;Surabaya;17/11/2021
SEL-02891;Toko Seller Sukses 2890;Surabaya;30/04/2022
SEL-02892;Toko Seller Sukses 2891;Surabaya;20/03/2022
SEL-02893;Toko Seller Sukses 2892;Makassar;26/10/2022
SEL-02894;Toko Seller Sukses 2893;Bandung;24/05/2021
SEL-02895;Toko Seller Sukses 2894;Medan;20/12/2021
SEL-02896;Toko Seller Sukses 2895;Sidoarjo;30/07/2022
SEL-02897;Toko Seller Sukses 2896;Jakarta Pusat;23/07/2021
SEL-02898;Toko Seller Sukses 2897;Makassar;29/08/2022
SEL-02899;Toko Seller Sukses 2898;Bandung;14/08/2022
SEL-02900;Toko Seller Sukses 2899;Makassar;05/12/2022
SEL-02901;Toko Seller Sukses 2900;Jakarta Selatan;16/01/2022
SEL-02902;Toko Seller Sukses 2901;Medan;02/10/2022
SEL-02903;Toko Seller Sukses 2902;Sidoarjo;10/09/2021
SEL-02904;Toko Seller Sukses 2903;Cimahi;16/08/2022
SEL-02905;Toko Seller Sukses 2904;Cimahi;07/11/2021
SEL-02906;Toko Seller Sukses 2905;Surabaya;16/02/2023
SEL-02907;Toko Seller Sukses 2906;Cimahi;10/02/2023
SEL-02908;Toko Seller Sukses 2907;Jakarta Selatan;05/12/2021
SEL-02909;Toko Seller Sukses 2908;Jakarta Pusat;22/03/2023
SEL-02910;Toko Seller Sukses 2909;Jakarta Selatan;06/04/2022
SEL-02911;Toko Seller Sukses 2910;Jakarta Pusat;20/06/2023
SEL-02912;Toko Seller Sukses 2911;Sidoarjo;28/10/2021
SEL-02913;Toko Seller Sukses 2912;Medan;06/12/2021
SEL-02914;Toko Seller Sukses 2913;Jakarta Pusat;28/06/2022
SEL-02915;Toko Seller Sukses 2914;Makassar;08/07/2022
SEL-02916;Toko Seller Sukses 2915;Jakarta Selatan;14/07/2022
SEL-02917;Toko Seller Sukses 2916;Surabaya;27/01/2023
SEL-02918;Toko Seller Sukses 2917;Surabaya;13/02/2023
SEL-02919;Toko Seller Sukses 2918;Bandung;03/01/2022
SEL-02920;Toko Seller Sukses 2919;Bandung;29/09/2021
SEL-02921;Toko Seller Sukses 2920;Surabaya;25/11/2022
SEL-02922;Toko Seller Sukses 2921;Surabaya;11/05/2022
SEL-02923;Toko Seller Sukses 2922;Jakarta Selatan;13/05/2021
SEL-02924;Toko Seller Sukses 2923;Yogyakarta;01/04/2023
SEL-02925;Toko Seller Sukses 2924;Sidoarjo;18/05/2022
SEL-02926;Toko Seller Sukses 2925;Surabaya;19/07/2022
SEL-02927;Toko Seller Sukses 2926;Jakarta Selatan;19/05/2022
SEL-02928;Toko Seller Sukses 2927;Sidoarjo;12/05/2022
SEL-02929;Toko Seller Sukses 2928;Cimahi;24/10/2021
SEL-02930;Toko Seller Sukses 2929;Cimahi;17/01/2023
SEL-02931;Toko Seller Sukses 2930;Bandung;11/05/2023
SEL-02932;Toko Seller Sukses 2931;Bandung;06/07/2021
SEL-02933;Toko Seller Sukses 2932;Surabaya;26/07/2021
SEL-02934;Toko Seller Sukses 2933;Bandung;29/07/2022
SEL-02935;Toko Seller Sukses 2934;Bandung;01/02/2023
SEL-02936;Toko Seller Sukses 2935;Jakarta Pusat;13/06/2021
SEL-02937;Toko Seller Sukses 2936;Yogyakarta;18/01/2022
SEL-02938;Toko Seller Sukses 2937;Yogyakarta;28/05/2023
SEL-02939;Toko Seller Sukses 2938;Jakarta Selatan;04/05/2023
SEL-02940;Toko Seller Sukses 2939;Sidoarjo;26/04/2023
SEL-02941;Toko Seller Sukses 2940;Surabaya;25/06/2022
SEL-02942;Toko Seller Sukses 2941;Surabaya;27/11/2022
SEL-02943;Toko Seller Sukses 2942;Makassar;09/11/2022
SEL-02944;Toko Seller Sukses 2943;Cimahi;24/05/2022
SEL-02945;Toko Seller Sukses 2944;Jakarta Pusat;30/11/2022
SEL-02946;Toko Seller Sukses 2945;Yogyakarta;13/09/2021
SEL-02947;Toko Seller Sukses 2946;Bandung;04/10/2022
SEL-02948;Toko Seller Sukses 2947;Jakarta Selatan;08/06/2022
SEL-02949;Toko Seller Sukses 2948;Jakarta Selatan;18/01/2022
SEL-02950;Toko Seller Sukses 2949;Jakarta Pusat;16/07/2021
SEL-02951;Toko Seller Sukses 2950;Yogyakarta;30/06/2023
SEL-02952;Toko Seller Sukses 2951;Makassar;14/08/2021
SEL-02953;Toko Seller Sukses 2952;Bandung;04/03/2023
SEL-02954;Toko Seller Sukses 2953;Yogyakarta;11/06/2023
SEL-02955;Toko Seller Sukses 2954;Jakarta Pusat;15/06/2021
SEL-02956;Toko Seller Sukses 2955;Yogyakarta;21/04/2022
SEL-02957;Toko Seller Sukses 2956;Yogyakarta;06/08/2022
SEL-02958;Toko Seller Sukses 2957;Yogyakarta;18/01/2023
SEL-02959;Toko Seller Sukses 2958;Jakarta Pusat;16/09/2021
SEL-02960;Toko Seller Sukses 2959;Cimahi;22/03/2023
SEL-02961;Toko Seller Sukses 2960;Sidoarjo;26/06/2021
SEL-02962;Toko Seller Sukses 2961;Surabaya;10/02/2022
SEL-02963;Toko Seller Sukses 2962;Sidoarjo;03/04/2023
SEL-02964;Toko Seller Sukses 2963;Surabaya;08/09/2021
SEL-02965;Toko Seller Sukses 2964;Surabaya;20/06/2023
SEL-02966;Toko Seller Sukses 2965;Bandung;01/07/2023
SEL-02967;Toko Seller Sukses 2966;Bandung;11/09/2021
SEL-02968;Toko Seller Sukses 2967;Cimahi;25/08/2021
SEL-02969;Toko Seller Sukses 2968;Jakarta Pusat;12/10/2022
SEL-02970;Toko Seller Sukses 2969;Bandung;03/06/2021
SEL-02971;Toko Seller Sukses 2970;Cimahi;07/04/2023
SEL-02972;Toko Seller Sukses 2971;Jakarta Pusat;03/03/2022
SEL-02973;Toko Seller Sukses 2972;Medan;12/01/2023
SEL-02974;Toko Seller Sukses 2973;Yogyakarta;11/03/2023
SEL-02975;Toko Seller Sukses 2974;Medan;28/10/2021
SEL-02976;Toko Seller Sukses 2975;Jakarta Selatan;18/05/2022
SEL-02977;Toko Seller Sukses 2976;Medan;20/10/2021
SEL-02978;Toko Seller Sukses 2977;Bandung;18/09/2021
SEL-02979;Toko Seller Sukses 2978;Surabaya;14/08/2022
SEL-02980;Toko Seller Sukses 2979;Yogyakarta;28/06/2022
SEL-02981;Toko Seller Sukses 2980;Cimahi;12/05/2021
SEL-02982;Toko Seller Sukses 2981;Jakarta Selatan;30/06/2023
SEL-02983;Toko Seller Sukses 2982;Jakarta Pusat;03/03/2022
SEL-02984;Toko Seller Sukses 2983;Medan;31/12/2022
SEL-02985;Toko Seller Sukses 2984;Sidoarjo;14/10/2021
SEL-02986;Toko Seller Sukses 2985;Bandung;10/02/2022
SEL-02987;Toko Seller Sukses 2986;Medan;25/09/2022
SEL-02988;Toko Seller Sukses 2987;Bandung;18/05/2021
SEL-02989;Toko Seller Sukses 2988;Jakarta Selatan;16/02/2022
SEL-02990;Toko Seller Sukses 2989;Jakarta Pusat;17/05/2021
SEL-02991;Toko Seller Sukses 2990;Cimahi;25/04/2023
SEL-02992;Toko Seller Sukses 2991;Medan;08/12/2022
SEL-02993;Toko Seller Sukses 2992;Cimahi;15/06/2023
SEL-02994;Toko Seller Sukses 2993;Sidoarjo;13/06/2023
SEL-02995;Toko Seller Sukses 2994;Jakarta Pusat;23/06/2022
SEL-02996;Toko Seller Sukses 2995;Yogyakarta;03/12/2021
SEL-02997;Toko Seller Sukses 2996;Yogyakarta;24/12/2022
SEL-02998;Toko Seller Sukses 2997;Medan;22/10/2022
SEL-02999;Toko Seller Sukses 2998;Yogyakarta;05/03/2023
SEL-03000;Toko Seller Sukses 2999;Medan;22/10/2022
SEL-03001;Toko Seller Sukses 3000;Surabaya;14/02/2023
SEL-03002;Toko Seller Sukses 3001;Jakarta Pusat;09/06/2023
SEL-03003;Toko Seller Sukses 3002;Makassar;19/11/2022
SEL-03004;Toko Seller Sukses 3003;Yogyakarta;01/02/2023
SEL-03005;Toko Seller Sukses 3004;Yogyakarta;28/11/2022
SEL-03006;Toko Seller Sukses 3005;Makassar;23/09/2021
SEL-03007;Toko Seller Sukses 3006;Sidoarjo;01/12/2022
SEL-03008;Toko Seller Sukses 3007;Sidoarjo;28/05/2022
SEL-03009;Toko Seller Sukses 3008;Cimahi;27/12/2022
SEL-03010;Toko Seller Sukses 3009;Medan;10/02/2022
SEL-03011;Toko Seller Sukses 3010;Bandung;25/01/2022
SEL-03012;Toko Seller Sukses 3011;Cimahi;02/12/2021
SEL-03013;Toko Seller Sukses 3012;Jakarta Pusat;23/10/2022
SEL-03014;Toko Seller Sukses 3013;Sidoarjo;10/02/2023
SEL-03015;Toko Seller Sukses 3014;Surabaya;20/02/2022
SEL-03016;Toko Seller Sukses 3015;Cimahi;26/10/2022
SEL-03017;Toko Seller Sukses 3016;Sidoarjo;10/06/2023
SEL-03018;Toko Seller Sukses 3017;Makassar;30/04/2023
SEL-03019;Toko Seller Sukses 3018;Surabaya;20/06/2022
SEL-03020;Toko Seller Sukses 3019;Makassar;02/05/2023
SEL-03021;Toko Seller Sukses 3020;Yogyakarta;10/01/2023
SEL-03022;Toko Seller Sukses 3021;Bandung;11/06/2021
SEL-03023;Toko Seller Sukses 3022;Makassar;29/04/2022
SEL-03024;Toko Seller Sukses 3023;Yogyakarta;22/07/2022
SEL-03025;Toko Seller Sukses 3024;Cimahi;24/04/2023
SEL-03026;Toko Seller Sukses 3025;Jakarta Pusat;06/06/2023
SEL-03027;Toko Seller Sukses 3026;Sidoarjo;23/10/2021
SEL-03028;Toko Seller Sukses 3027;Cimahi;17/05/2021
SEL-03029;Toko Seller Sukses 3028;Sidoarjo;05/04/2023
SEL-03030;Toko Seller Sukses 3029;Yogyakarta;08/08/2021
SEL-03031;Toko Seller Sukses 3030;Cimahi;18/06/2022
SEL-03032;Toko Seller Sukses 3031;Sidoarjo;06/01/2022
SEL-03033;Toko Seller Sukses 3032;Sidoarjo;16/06/2022
SEL-03034;Toko Seller Sukses 3033;Jakarta Selatan;15/12/2022
SEL-03035;Toko Seller Sukses 3034;Medan;31/08/2022
SEL-03036;Toko Seller Sukses 3035;Makassar;24/05/2023
SEL-03037;Toko Seller Sukses 3036;Medan;09/05/2021
SEL-03038;Toko Seller Sukses 3037;Jakarta Selatan;15/12/2022
SEL-03039;Toko Seller Sukses 3038;Sidoarjo;22/11/2022
SEL-03040;Toko Seller Sukses 3039;Yogyakarta;06/12/2022
SEL-03041;Toko Seller Sukses 3040;Jakarta Pusat;01/01/2023
SEL-03042;Toko Seller Sukses 3041;Jakarta Selatan;17/03/2023
SEL-03043;Toko Seller Sukses 3042;Bandung;08/04/2023
SEL-03044;Toko Seller Sukses 3043;Makassar;04/09/2022
SEL-03045;Toko Seller Sukses 3044;Yogyakarta;09/07/2021
SEL-03046;Toko Seller Sukses 3045;Makassar;09/04/2023
SEL-03047;Toko Seller Sukses 3046;Bandung;17/01/2023
SEL-03048;Toko Seller Sukses 3047;Makassar;25/10/2021
SEL-03049;Toko Seller Sukses 3048;Sidoarjo;23/12/2021
SEL-03050;Toko Seller Sukses 3049;Yogyakarta;28/08/2021
SEL-03051;Toko Seller Sukses 3050;Cimahi;01/07/2022
SEL-03052;Toko Seller Sukses 3051;Cimahi;24/11/2022
SEL-03053;Toko Seller Sukses 3052;Jakarta Pusat;28/06/2023
SEL-03054;Toko Seller Sukses 3053;Surabaya;29/12/2021
SEL-03055;Toko Seller Sukses 3054;Medan;02/05/2023
SEL-03056;Toko Seller Sukses 3055;Sidoarjo;22/02/2022
SEL-03057;Toko Seller Sukses 3056;Sidoarjo;18/04/2023
SEL-03058;Toko Seller Sukses 3057;Cimahi;24/07/2022
SEL-03059;Toko Seller Sukses 3058;Sidoarjo;19/04/2022
SEL-03060;Toko Seller Sukses 3059;Makassar;25/09/2021
SEL-03061;Toko Seller Sukses 3060;Sidoarjo;22/10/2021
SEL-03062;Toko Seller Sukses 3061;Jakarta Selatan;08/03/2022
SEL-03063;Toko Seller Sukses 3062;Jakarta Pusat;26/12/2022
SEL-03064;Toko Seller Sukses 3063;Bandung;27/04/2022
SEL-03065;Toko Seller Sukses 3064;Medan;25/04/2022
SEL-03066;Toko Seller Sukses 3065;Bandung;14/02/2023
SEL-03067;Toko Seller Sukses 3066;Jakarta Selatan;02/05/2022
SEL-03068;Toko Seller Sukses 3067;Surabaya;03/10/2021
SEL-03069;Toko Seller Sukses 3068;Jakarta Selatan;21/04/2022
SEL-03070;Toko Seller Sukses 3069;Jakarta Selatan;03/09/2022
SEL-03071;Toko Seller Sukses 3070;Jakarta Pusat;10/02/2022
SEL-03072;Toko Seller Sukses 3071;Jakarta Selatan;04/04/2022
SEL-03073;Toko Seller Sukses 3072;Sidoarjo;05/09/2022
SEL-03074;Toko Seller Sukses 3073;Sidoarjo;31/05/2023
SEL-03075;Toko Seller Sukses 3074;Surabaya;14/04/2022
SEL-03076;Toko Seller Sukses 3075;Jakarta Selatan;06/05/2021
SEL-03077;Toko Seller Sukses 3076;Makassar;27/06/2023
SEL-03078;Toko Seller Sukses 3077;Jakarta Selatan;17/01/2023
SEL-03079;Toko Seller Sukses 3078;Cimahi;19/05/2023
SEL-03080;Toko Seller Sukses 3079;Surabaya;05/05/2022
SEL-03081;Toko Seller Sukses 3080;Medan;06/05/2021
SEL-03082;Toko Seller Sukses 3081;Jakarta Selatan;06/06/2023
SEL-03083;Toko Seller Sukses 3082;Jakarta Selatan;01/10/2021
SEL-03084;Toko Seller Sukses 3083;Surabaya;17/11/2022
SEL-03085;Toko Seller Sukses 3084;Jakarta Pusat;10/10/2022
SEL-03086;Toko Seller Sukses 3085;Jakarta Selatan;10/08/2021
SEL-03087;Toko Seller Sukses 3086;Medan;06/06/2023
SEL-03088;Toko Seller Sukses 3087;Jakarta Selatan;25/05/2023
SEL-03089;Toko Seller Sukses 3088;Makassar;19/07/2021
SEL-03090;Toko Seller Sukses 3089;Jakarta Selatan;29/03/2023
SEL-03091;Toko Seller Sukses 3090;Jakarta Pusat;01/05/2021
SEL-03092;Toko Seller Sukses 3091;Medan;29/12/2021
SEL-03093;Toko Seller Sukses 3092;Cimahi;02/10/2022
SEL-03094;Toko Seller Sukses 3093;Sidoarjo;16/04/2022
SEL-03095;Toko Seller Sukses 3094;Surabaya;20/10/2022
SEL-03096;Toko Seller Sukses 3095;Bandung;12/03/2023
SEL-03097;Toko Seller Sukses 3096;Sidoarjo;17/01/2022
SEL-03098;Toko Seller Sukses 3097;Bandung;04/09/2021
SEL-03099;Toko Seller Sukses 3098;Cimahi;13/02/2022
SEL-03100;Toko Seller Sukses 3099;Makassar;22/09/2021
SEL-03101;Toko Seller Sukses 3100;Surabaya;09/03/2023
SEL-03102;Toko Seller Sukses 3101;Medan;22/05/2021
SEL-03103;Toko Seller Sukses 3102;Jakarta Selatan;02/04/2022
SEL-03104;Toko Seller Sukses 3103;Sidoarjo;24/09/2021
SEL-03105;Toko Seller Sukses 3104;Cimahi;03/10/2022
SEL-03106;Toko Seller Sukses 3105;Sidoarjo;10/01/2022
SEL-03107;Toko Seller Sukses 3106;Jakarta Pusat;11/04/2023
SEL-03108;Toko Seller Sukses 3107;Jakarta Pusat;25/01/2022
SEL-03109;Toko Seller Sukses 3108;Yogyakarta;06/06/2021
SEL-03110;Toko Seller Sukses 3109;Surabaya;25/05/2021
SEL-03111;Toko Seller Sukses 3110;Sidoarjo;16/03/2023
SEL-03112;Toko Seller Sukses 3111;Bandung;31/10/2021
SEL-03113;Toko Seller Sukses 3112;Makassar;30/11/2022
SEL-03114;Toko Seller Sukses 3113;Makassar;19/03/2023
SEL-03115;Toko Seller Sukses 3114;Bandung;07/11/2021
SEL-03116;Toko Seller Sukses 3115;Yogyakarta;01/12/2022
SEL-03117;Toko Seller Sukses 3116;Bandung;05/06/2022
SEL-03118;Toko Seller Sukses 3117;Sidoarjo;14/10/2022
SEL-03119;Toko Seller Sukses 3118;Sidoarjo;01/11/2022
SEL-03120;Toko Seller Sukses 3119;Yogyakarta;09/06/2023
SEL-03121;Toko Seller Sukses 3120;Jakarta Pusat;14/06/2023
SEL-03122;Toko Seller Sukses 3121;Jakarta Selatan;16/04/2023
SEL-03123;Toko Seller Sukses 3122;Cimahi;28/08/2022
SEL-03124;Toko Seller Sukses 3123;Makassar;28/07/2021
SEL-03125;Toko Seller Sukses 3124;Surabaya;01/03/2022
SEL-03126;Toko Seller Sukses 3125;Surabaya;12/08/2021
SEL-03127;Toko Seller Sukses 3126;Bandung;14/06/2021
SEL-03128;Toko Seller Sukses 3127;Yogyakarta;16/06/2022
SEL-03129;Toko Seller Sukses 3128;Jakarta Pusat;16/08/2021
SEL-03130;Toko Seller Sukses 3129;Yogyakarta;21/06/2021
SEL-03131;Toko Seller Sukses 3130;Medan;17/07/2021
SEL-03132;Toko Seller Sukses 3131;Sidoarjo;23/01/2023
SEL-03133;Toko Seller Sukses 3132;Cimahi;18/11/2022
SEL-03134;Toko Seller Sukses 3133;Cimahi;24/04/2022
SEL-03135;Toko Seller Sukses 3134;Yogyakarta;06/08/2022
SEL-03136;Toko Seller Sukses 3135;Jakarta Selatan;09/01/2023
SEL-03137;Toko Seller Sukses 3136;Surabaya;07/12/2022
SEL-03138;Toko Seller Sukses 3137;Medan;07/04/2023
SEL-03139;Toko Seller Sukses 3138;Yogyakarta;26/01/2023
SEL-03140;Toko Seller Sukses 3139;Jakarta Selatan;29/04/2022
SEL-03141;Toko Seller Sukses 3140;Surabaya;12/06/2023
SEL-03142;Toko Seller Sukses 3141;Yogyakarta;19/06/2023
SEL-03143;Toko Seller Sukses 3142;Medan;29/09/2021
SEL-03144;Toko Seller Sukses 3143;Medan;12/07/2021
SEL-03145;Toko Seller Sukses 3144;Surabaya;08/09/2021
SEL-03146;Toko Seller Sukses 3145;Surabaya;05/05/2022
SEL-03147;Toko Seller Sukses 3146;Jakarta Selatan;30/09/2022
SEL-03148;Toko Seller Sukses 3147;Yogyakarta;02/12/2021
SEL-03149;Toko Seller Sukses 3148;Jakarta Pusat;26/12/2021
SEL-03150;Toko Seller Sukses 3149;Bandung;12/01/2022
SEL-03151;Toko Seller Sukses 3150;Makassar;24/02/2023
SEL-03152;Toko Seller Sukses 3151;Bandung;02/01/2022
SEL-03153;Toko Seller Sukses 3152;Bandung;05/02/2023
SEL-03154;Toko Seller Sukses 3153;Jakarta Pusat;24/12/2022
SEL-03155;Toko Seller Sukses 3154;Surabaya;12/02/2022
SEL-03156;Toko Seller Sukses 3155;Makassar;21/05/2021
SEL-03157;Toko Seller Sukses 3156;Cimahi;08/01/2022
SEL-03158;Toko Seller Sukses 3157;Makassar;29/08/2021
SEL-03159;Toko Seller Sukses 3158;Yogyakarta;30/07/2022
SEL-03160;Toko Seller Sukses 3159;Cimahi;03/12/2021
SEL-03161;Toko Seller Sukses 3160;Bandung;22/02/2023
SEL-03162;Toko Seller Sukses 3161;Medan;07/05/2022
SEL-03163;Toko Seller Sukses 3162;Jakarta Selatan;13/06/2023
SEL-03164;Toko Seller Sukses 3163;Surabaya;18/10/2021
SEL-03165;Toko Seller Sukses 3164;Jakarta Selatan;26/06/2023
SEL-03166;Toko Seller Sukses 3165;Sidoarjo;21/11/2022
SEL-03167;Toko Seller Sukses 3166;Makassar;18/10/2021
SEL-03168;Toko Seller Sukses 3167;Makassar;16/05/2022
SEL-03169;Toko Seller Sukses 3168;Medan;13/10/2021
SEL-03170;Toko Seller Sukses 3169;Yogyakarta;07/09/2022
SEL-03171;Toko Seller Sukses 3170;Sidoarjo;14/03/2023
SEL-03172;Toko Seller Sukses 3171;Jakarta Selatan;03/06/2022
SEL-03173;Toko Seller Sukses 3172;Makassar;29/08/2022
SEL-03174;Toko Seller Sukses 3173;Jakarta Selatan;23/06/2021
SEL-03175;Toko Seller Sukses 3174;Yogyakarta;06/03/2022
SEL-03176;Toko Seller Sukses 3175;Sidoarjo;20/12/2022
SEL-03177;Toko Seller Sukses 3176;Bandung;06/08/2022
SEL-03178;Toko Seller Sukses 3177;Yogyakarta;24/11/2021
SEL-03179;Toko Seller Sukses 3178;Makassar;30/05/2021
SEL-03180;Toko Seller Sukses 3179;Medan;23/03/2022
SEL-03181;Toko Seller Sukses 3180;Jakarta Selatan;26/10/2022
SEL-03182;Toko Seller Sukses 3181;Cimahi;10/07/2021
SEL-03183;Toko Seller Sukses 3182;Cimahi;06/11/2021
SEL-03184;Toko Seller Sukses 3183;Jakarta Pusat;02/08/2021
SEL-03185;Toko Seller Sukses 3184;Cimahi;06/09/2022
SEL-03186;Toko Seller Sukses 3185;Sidoarjo;06/04/2023
SEL-03187;Toko Seller Sukses 3186;Makassar;19/09/2022
SEL-03188;Toko Seller Sukses 3187;Surabaya;05/11/2022
SEL-03189;Toko Seller Sukses 3188;Surabaya;03/07/2022
SEL-03190;Toko Seller Sukses 3189;Surabaya;16/01/2023
SEL-03191;Toko Seller Sukses 3190;Medan;10/08/2022
SEL-03192;Toko Seller Sukses 3191;Makassar;08/11/2022
SEL-03193;Toko Seller Sukses 3192;Sidoarjo;13/08/2021
SEL-03194;Toko Seller Sukses 3193;Medan;07/08/2022
SEL-03195;Toko Seller Sukses 3194;Sidoarjo;08/12/2022
SEL-03196;Toko Seller Sukses 3195;Sidoarjo;06/02/2022
SEL-03197;Toko Seller Sukses 3196;Sidoarjo;25/04/2023
SEL-03198;Toko Seller Sukses 3197;Makassar;31/03/2023
SEL-03199;Toko Seller Sukses 3198;Surabaya;23/08/2022
SEL-03200;Toko Seller Sukses 3199;Sidoarjo;21/02/2022
SEL-03201;Toko Seller Sukses 3200;Jakarta Pusat;08/09/2021
SEL-03202;Toko Seller Sukses 3201;Cimahi;16/01/2023
SEL-03203;Toko Seller Sukses 3202;Surabaya;08/06/2023
SEL-03204;Toko Seller Sukses 3203;Jakarta Pusat;04/05/2023
SEL-03205;Toko Seller Sukses 3204;Sidoarjo;02/01/2023
SEL-03206;Toko Seller Sukses 3205;Sidoarjo;05/01/2023
SEL-03207;Toko Seller Sukses 3206;Jakarta Pusat;01/12/2021
SEL-03208;Toko Seller Sukses 3207;Jakarta Selatan;02/09/2022
SEL-03209;Toko Seller Sukses 3208;Yogyakarta;03/01/2022
SEL-03210;Toko Seller Sukses 3209;Yogyakarta;26/11/2022
SEL-03211;Toko Seller Sukses 3210;Sidoarjo;21/08/2021
SEL-03212;Toko Seller Sukses 3211;Yogyakarta;07/11/2022
SEL-03213;Toko Seller Sukses 3212;Sidoarjo;22/02/2022
SEL-03214;Toko Seller Sukses 3213;Jakarta Selatan;21/09/2022
SEL-03215;Toko Seller Sukses 3214;Makassar;13/06/2021
SEL-03216;Toko Seller Sukses 3215;Jakarta Selatan;19/02/2023
SEL-03217;Toko Seller Sukses 3216;Surabaya;20/11/2022
SEL-03218;Toko Seller Sukses 3217;Cimahi;09/06/2023
SEL-03219;Toko Seller Sukses 3218;Bandung;01/12/2021
SEL-03220;Toko Seller Sukses 3219;Sidoarjo;12/01/2023
SEL-03221;Toko Seller Sukses 3220;Jakarta Pusat;25/08/2021
SEL-03222;Toko Seller Sukses 3221;Cimahi;03/11/2021
SEL-03223;Toko Seller Sukses 3222;Sidoarjo;08/12/2021
SEL-03224;Toko Seller Sukses 3223;Medan;29/11/2021
SEL-03225;Toko Seller Sukses 3224;Medan;28/06/2023
SEL-03226;Toko Seller Sukses 3225;Bandung;24/06/2023
SEL-03227;Toko Seller Sukses 3226;Jakarta Selatan;28/05/2021
SEL-03228;Toko Seller Sukses 3227;Sidoarjo;04/09/2021
SEL-03229;Toko Seller Sukses 3228;Cimahi;06/05/2023
SEL-03230;Toko Seller Sukses 3229;Medan;12/08/2021
SEL-03231;Toko Seller Sukses 3230;Sidoarjo;12/05/2021
SEL-03232;Toko Seller Sukses 3231;Yogyakarta;18/10/2022
SEL-03233;Toko Seller Sukses 3232;Jakarta Pusat;13/11/2021
SEL-03234;Toko Seller Sukses 3233;Medan;16/08/2021
SEL-03235;Toko Seller Sukses 3234;Sidoarjo;22/08/2022
SEL-03236;Toko Seller Sukses 3235;Surabaya;05/02/2022
SEL-03237;Toko Seller Sukses 3236;Jakarta Pusat;22/05/2022
SEL-03238;Toko Seller Sukses 3237;Sidoarjo;21/03/2022
SEL-03239;Toko Seller Sukses 3238;Bandung;19/05/2022
SEL-03240;Toko Seller Sukses 3239;Makassar;07/12/2022
SEL-03241;Toko Seller Sukses 3240;Yogyakarta;30/05/2022
SEL-03242;Toko Seller Sukses 3241;Makassar;09/06/2021
SEL-03243;Toko Seller Sukses 3242;Yogyakarta;14/03/2022
SEL-03244;Toko Seller Sukses 3243;Makassar;09/02/2023
SEL-03245;Toko Seller Sukses 3244;Bandung;18/06/2023
SEL-03246;Toko Seller Sukses 3245;Yogyakarta;02/09/2022
SEL-03247;Toko Seller Sukses 3246;Sidoarjo;24/08/2021
SEL-03248;Toko Seller Sukses 3247;Bandung;11/11/2022
SEL-03249;Toko Seller Sukses 3248;Makassar;03/02/2023
SEL-03250;Toko Seller Sukses 3249;Medan;05/09/2021
SEL-03251;Toko Seller Sukses 3250;Jakarta Selatan;29/04/2023
SEL-03252;Toko Seller Sukses 3251;Jakarta Pusat;10/01/2023
SEL-03253;Toko Seller Sukses 3252;Surabaya;17/05/2022
SEL-03254;Toko Seller Sukses 3253;Bandung;16/02/2022
SEL-03255;Toko Seller Sukses 3254;Jakarta Selatan;24/02/2022
SEL-03256;Toko Seller Sukses 3255;Jakarta Pusat;14/11/2021
SEL-03257;Toko Seller Sukses 3256;Jakarta Selatan;06/05/2022
SEL-03258;Toko Seller Sukses 3257;Medan;28/05/2022
SEL-03259;Toko Seller Sukses 3258;Jakarta Pusat;29/09/2022
SEL-03260;Toko Seller Sukses 3259;Surabaya;16/04/2022
SEL-03261;Toko Seller Sukses 3260;Makassar;31/10/2022
SEL-03262;Toko Seller Sukses 3261;Surabaya;17/10/2021
SEL-03263;Toko Seller Sukses 3262;Yogyakarta;02/05/2021
SEL-03264;Toko Seller Sukses 3263;Jakarta Selatan;05/12/2022
SEL-03265;Toko Seller Sukses 3264;Cimahi;04/12/2022
SEL-03266;Toko Seller Sukses 3265;Jakarta Pusat;06/12/2021
SEL-03267;Toko Seller Sukses 3266;Jakarta Selatan;05/01/2022
SEL-03268;Toko Seller Sukses 3267;Bandung;19/05/2022
SEL-03269;Toko Seller Sukses 3268;Yogyakarta;01/06/2022
SEL-03270;Toko Seller Sukses 3269;Sidoarjo;28/04/2023
SEL-03271;Toko Seller Sukses 3270;Jakarta Pusat;13/10/2021
SEL-03272;Toko Seller Sukses 3271;Bandung;01/12/2021
SEL-03273;Toko Seller Sukses 3272;Surabaya;03/11/2022
SEL-03274;Toko Seller Sukses 3273;Jakarta Selatan;06/07/2023
SEL-03275;Toko Seller Sukses 3274;Medan;17/03/2022
SEL-03276;Toko Seller Sukses 3275;Makassar;14/08/2021
SEL-03277;Toko Seller Sukses 3276;Sidoarjo;08/08/2022
SEL-03278;Toko Seller Sukses 3277;Makassar;03/06/2021
SEL-03279;Toko Seller Sukses 3278;Jakarta Pusat;14/10/2021
SEL-03280;Toko Seller Sukses 3279;Cimahi;19/11/2022
SEL-03281;Toko Seller Sukses 3280;Bandung;14/07/2021
SEL-03282;Toko Seller Sukses 3281;Surabaya;07/12/2021
SEL-03283;Toko Seller Sukses 3282;Makassar;30/09/2022
SEL-03284;Toko Seller Sukses 3283;Bandung;08/02/2022
SEL-03285;Toko Seller Sukses 3284;Surabaya;14/01/2022
SEL-03286;Toko Seller Sukses 3285;Sidoarjo;15/04/2022
SEL-03287;Toko Seller Sukses 3286;Surabaya;26/08/2021
SEL-03288;Toko Seller Sukses 3287;Bandung;11/11/2022
SEL-03289;Toko Seller Sukses 3288;Surabaya;17/06/2022
SEL-03290;Toko Seller Sukses 3289;Jakarta Pusat;10/06/2023
SEL-03291;Toko Seller Sukses 3290;Sidoarjo;08/12/2022
SEL-03292;Toko Seller Sukses 3291;Bandung;13/04/2022
SEL-03293;Toko Seller Sukses 3292;Cimahi;21/08/2022
SEL-03294;Toko Seller Sukses 3293;Bandung;12/11/2021
SEL-03295;Toko Seller Sukses 3294;Bandung;10/01/2023
SEL-03296;Toko Seller Sukses 3295;Bandung;06/07/2022
SEL-03297;Toko Seller Sukses 3296;Jakarta Pusat;08/08/2022
SEL-03298;Toko Seller Sukses 3297;Jakarta Pusat;09/10/2022
SEL-03299;Toko Seller Sukses 3298;Bandung;10/05/2021
SEL-03300;Toko Seller Sukses 3299;Surabaya;30/10/2022
SEL-03301;Toko Seller Sukses 3300;Yogyakarta;15/01/2022
SEL-03302;Toko Seller Sukses 3301;Medan;16/04/2022
SEL-03303;Toko Seller Sukses 3302;Medan;04/06/2023
SEL-03304;Toko Seller Sukses 3303;Cimahi;19/02/2022
SEL-03305;Toko Seller Sukses 3304;Cimahi;30/12/2022
SEL-03306;Toko Seller Sukses 3305;Bandung;24/01/2022
SEL-03307;Toko Seller Sukses 3306;Surabaya;24/07/2022
SEL-03308;Toko Seller Sukses 3307;Jakarta Selatan;10/01/2023
SEL-03309;Toko Seller Sukses 3308;Jakarta Pusat;04/03/2023
SEL-03310;Toko Seller Sukses 3309;Sidoarjo;25/05/2022
SEL-03311;Toko Seller Sukses 3310;Makassar;05/12/2022
SEL-03312;Toko Seller Sukses 3311;Surabaya;28/08/2021
SEL-03313;Toko Seller Sukses 3312;Makassar;27/10/2022
SEL-03314;Toko Seller Sukses 3313;Jakarta Pusat;24/06/2022
SEL-03315;Toko Seller Sukses 3314;Jakarta Selatan;25/04/2022
SEL-03316;Toko Seller Sukses 3315;Surabaya;16/07/2021
SEL-03317;Toko Seller Sukses 3316;Makassar;02/06/2022
SEL-03318;Toko Seller Sukses 3317;Medan;18/01/2022
SEL-03319;Toko Seller Sukses 3318;Jakarta Selatan;27/12/2021
SEL-03320;Toko Seller Sukses 3319;Medan;15/01/2022
SEL-03321;Toko Seller Sukses 3320;Makassar;24/09/2022
SEL-03322;Toko Seller Sukses 3321;Jakarta Selatan;20/03/2023
SEL-03323;Toko Seller Sukses 3322;Cimahi;08/03/2023
SEL-03324;Toko Seller Sukses 3323;Bandung;15/12/2022
SEL-03325;Toko Seller Sukses 3324;Bandung;19/01/2023
SEL-03326;Toko Seller Sukses 3325;Jakarta Pusat;02/07/2022
SEL-03327;Toko Seller Sukses 3326;Surabaya;19/09/2022
SEL-03328;Toko Seller Sukses 3327;Makassar;08/11/2022
SEL-03329;Toko Seller Sukses 3328;Jakarta Selatan;27/01/2022
SEL-03330;Toko Seller Sukses 3329;Bandung;10/03/2023
SEL-03331;Toko Seller Sukses 3330;Sidoarjo;19/08/2021
SEL-03332;Toko Seller Sukses 3331;Jakarta Selatan;03/05/2021
SEL-03333;Toko Seller Sukses 3332;Medan;15/04/2022
SEL-03334;Toko Seller Sukses 3333;Jakarta Selatan;08/02/2023
SEL-03335;Toko Seller Sukses 3334;Makassar;25/05/2021
SEL-03336;Toko Seller Sukses 3335;Surabaya;15/05/2022
SEL-03337;Toko Seller Sukses 3336;Sidoarjo;20/05/2021
SEL-03338;Toko Seller Sukses 3337;Surabaya;25/03/2022
SEL-03339;Toko Seller Sukses 3338;Jakarta Pusat;30/04/2022
SEL-03340;Toko Seller Sukses 3339;Makassar;17/08/2021
SEL-03341;Toko Seller Sukses 3340;Medan;20/11/2022
SEL-03342;Toko Seller Sukses 3341;Jakarta Pusat;17/05/2021
SEL-03343;Toko Seller Sukses 3342;Cimahi;08/08/2022
SEL-03344;Toko Seller Sukses 3343;Yogyakarta;16/07/2022
SEL-03345;Toko Seller Sukses 3344;Bandung;07/07/2023
SEL-03346;Toko Seller Sukses 3345;Cimahi;28/02/2022
SEL-03347;Toko Seller Sukses 3346;Bandung;26/09/2021
SEL-03348;Toko Seller Sukses 3347;Yogyakarta;23/10/2021
SEL-03349;Toko Seller Sukses 3348;Makassar;05/04/2022
SEL-03350;Toko Seller Sukses 3349;Jakarta Pusat;10/10/2022
SEL-03351;Toko Seller Sukses 3350;Sidoarjo;13/01/2022
SEL-03352;Toko Seller Sukses 3351;Jakarta Pusat;27/02/2022
SEL-03353;Toko Seller Sukses 3352;Medan;13/06/2023
SEL-03354;Toko Seller Sukses 3353;Jakarta Selatan;26/08/2022
SEL-03355;Toko Seller Sukses 3354;Sidoarjo;12/06/2023
SEL-03356;Toko Seller Sukses 3355;Medan;22/06/2023
SEL-03357;Toko Seller Sukses 3356;Bandung;26/07/2021
SEL-03358;Toko Seller Sukses 3357;Sidoarjo;05/12/2021
SEL-03359;Toko Seller Sukses 3358;Medan;23/09/2022
SEL-03360;Toko Seller Sukses 3359;Sidoarjo;10/07/2022
SEL-03361;Toko Seller Sukses 3360;Yogyakarta;20/01/2023
SEL-03362;Toko Seller Sukses 3361;Sidoarjo;24/08/2022
SEL-03363;Toko Seller Sukses 3362;Surabaya;08/01/2022
SEL-03364;Toko Seller Sukses 3363;Jakarta Selatan;17/08/2021
SEL-03365;Toko Seller Sukses 3364;Jakarta Selatan;05/07/2021
SEL-03366;Toko Seller Sukses 3365;Cimahi;05/10/2022
SEL-03367;Toko Seller Sukses 3366;Surabaya;03/06/2023
SEL-03368;Toko Seller Sukses 3367;Medan;12/09/2021
SEL-03369;Toko Seller Sukses 3368;Makassar;26/09/2022
SEL-03370;Toko Seller Sukses 3369;Sidoarjo;03/05/2023
SEL-03371;Toko Seller Sukses 3370;Jakarta Selatan;15/01/2022
SEL-03372;Toko Seller Sukses 3371;Cimahi;18/06/2023
SEL-03373;Toko Seller Sukses 3372;Medan;05/09/2021
SEL-03374;Toko Seller Sukses 3373;Makassar;13/01/2022
SEL-03375;Toko Seller Sukses 3374;Bandung;05/02/2022
SEL-03376;Toko Seller Sukses 3375;Makassar;06/08/2021
SEL-03377;Toko Seller Sukses 3376;Sidoarjo;20/03/2022
SEL-03378;Toko Seller Sukses 3377;Jakarta Selatan;08/07/2022
SEL-03379;Toko Seller Sukses 3378;Jakarta Selatan;03/06/2022
SEL-03380;Toko Seller Sukses 3379;Bandung;22/08/2022
SEL-03381;Toko Seller Sukses 3380;Yogyakarta;21/06/2022
SEL-03382;Toko Seller Sukses 3381;Sidoarjo;14/05/2023
SEL-03383;Toko Seller Sukses 3382;Makassar;24/09/2022
SEL-03384;Toko Seller Sukses 3383;Makassar;04/01/2023
SEL-03385;Toko Seller Sukses 3384;Jakarta Pusat;01/05/2022
SEL-03386;Toko Seller Sukses 3385;Surabaya;06/10/2021
SEL-03387;Toko Seller Sukses 3386;Cimahi;20/10/2022
SEL-03388;Toko Seller Sukses 3387;Makassar;05/10/2021
SEL-03389;Toko Seller Sukses 3388;Sidoarjo;05/05/2023
SEL-03390;Toko Seller Sukses 3389;Bandung;22/09/2022
SEL-03391;Toko Seller Sukses 3390;Jakarta Selatan;03/09/2021
SEL-03392;Toko Seller Sukses 3391;Cimahi;24/02/2022
SEL-03393;Toko Seller Sukses 3392;Medan;20/09/2022
SEL-03394;Toko Seller Sukses 3393;Makassar;25/09/2022
SEL-03395;Toko Seller Sukses 3394;Jakarta Pusat;05/05/2022
SEL-03396;Toko Seller Sukses 3395;Sidoarjo;11/12/2021
SEL-03397;Toko Seller Sukses 3396;Bandung;24/01/2023
SEL-03398;Toko Seller Sukses 3397;Yogyakarta;24/06/2021
SEL-03399;Toko Seller Sukses 3398;Surabaya;08/07/2022
SEL-03400;Toko Seller Sukses 3399;Surabaya;06/09/2021
SEL-03401;Toko Seller Sukses 3400;Bandung;17/12/2022
SEL-03402;Toko Seller Sukses 3401;Jakarta Selatan;31/12/2021
SEL-03403;Toko Seller Sukses 3402;Jakarta Pusat;15/05/2023
SEL-03404;Toko Seller Sukses 3403;Cimahi;12/05/2022
SEL-03405;Toko Seller Sukses 3404;Sidoarjo;20/05/2023
SEL-03406;Toko Seller Sukses 3405;Jakarta Pusat;28/03/2023
SEL-03407;Toko Seller Sukses 3406;Bandung;03/12/2022
SEL-03408;Toko Seller Sukses 3407;Jakarta Pusat;31/10/2022
SEL-03409;Toko Seller Sukses 3408;Yogyakarta;21/03/2022
SEL-03410;Toko Seller Sukses 3409;Makassar;25/06/2023
SEL-03411;Toko Seller Sukses 3410;Surabaya;21/10/2021
SEL-03412;Toko Seller Sukses 3411;Jakarta Selatan;23/02/2023
SEL-03413;Toko Seller Sukses 3412;Makassar;25/10/2021
SEL-03414;Toko Seller Sukses 3413;Makassar;22/10/2021
SEL-03415;Toko Seller Sukses 3414;Yogyakarta;03/02/2022
SEL-03416;Toko Seller Sukses 3415;Sidoarjo;09/11/2022
SEL-03417;Toko Seller Sukses 3416;Jakarta Selatan;26/04/2022
SEL-03418;Toko Seller Sukses 3417;Cimahi;01/07/2023
SEL-03419;Toko Seller Sukses 3418;Sidoarjo;10/07/2021
SEL-03420;Toko Seller Sukses 3419;Medan;08/03/2023
SEL-03421;Toko Seller Sukses 3420;Cimahi;28/07/2022
SEL-03422;Toko Seller Sukses 3421;Cimahi;02/06/2022
SEL-03423;Toko Seller Sukses 3422;Sidoarjo;25/09/2021
SEL-03424;Toko Seller Sukses 3423;Sidoarjo;02/10/2022
SEL-03425;Toko Seller Sukses 3424;Bandung;29/07/2021
SEL-03426;Toko Seller Sukses 3425;Jakarta Pusat;28/11/2021
SEL-03427;Toko Seller Sukses 3426;Medan;09/03/2022
SEL-03428;Toko Seller Sukses 3427;Yogyakarta;25/10/2022
SEL-03429;Toko Seller Sukses 3428;Jakarta Pusat;22/04/2022
SEL-03430;Toko Seller Sukses 3429;Makassar;04/06/2023
SEL-03431;Toko Seller Sukses 3430;Jakarta Pusat;14/03/2022
SEL-03432;Toko Seller Sukses 3431;Bandung;19/04/2023
SEL-03433;Toko Seller Sukses 3432;Sidoarjo;28/07/2021
SEL-03434;Toko Seller Sukses 3433;Jakarta Selatan;04/09/2022
SEL-03435;Toko Seller Sukses 3434;Cimahi;26/06/2022
SEL-03436;Toko Seller Sukses 3435;Cimahi;30/09/2022
SEL-03437;Toko Seller Sukses 3436;Cimahi;31/08/2022
SEL-03438;Toko Seller Sukses 3437;Sidoarjo;17/11/2021
SEL-03439;Toko Seller Sukses 3438;Jakarta Pusat;17/12/2021
SEL-03440;Toko Seller Sukses 3439;Jakarta Pusat;07/06/2023
SEL-03441;Toko Seller Sukses 3440;Yogyakarta;28/07/2021
SEL-03442;Toko Seller Sukses 3441;Medan;20/02/2023
SEL-03443;Toko Seller Sukses 3442;Makassar;31/03/2022
SEL-03444;Toko Seller Sukses 3443;Jakarta Pusat;18/10/2021
SEL-03445;Toko Seller Sukses 3444;Bandung;09/10/2022
SEL-03446;Toko Seller Sukses 3445;Yogyakarta;07/11/2021
SEL-03447;Toko Seller Sukses 3446;Yogyakarta;29/11/2022
SEL-03448;Toko Seller Sukses 3447;Sidoarjo;26/05/2021
SEL-03449;Toko Seller Sukses 3448;Yogyakarta;26/04/2023
SEL-03450;Toko Seller Sukses 3449;Sidoarjo;28/08/2022
SEL-03451;Toko Seller Sukses 3450;Yogyakarta;20/09/2021
SEL-03452;Toko Seller Sukses 3451;Yogyakarta;20/12/2022
SEL-03453;Toko Seller Sukses 3452;Sidoarjo;31/01/2022
SEL-03454;Toko Seller Sukses 3453;Cimahi;13/04/2022
SEL-03455;Toko Seller Sukses 3454;Surabaya;17/05/2023
SEL-03456;Toko Seller Sukses 3455;Medan;18/05/2021
SEL-03457;Toko Seller Sukses 3456;Surabaya;31/12/2021
SEL-03458;Toko Seller Sukses 3457;Medan;16/07/2021
SEL-03459;Toko Seller Sukses 3458;Jakarta Selatan;11/07/2022
SEL-03460;Toko Seller Sukses 3459;Surabaya;22/06/2021
SEL-03461;Toko Seller Sukses 3460;Jakarta Pusat;23/10/2022
SEL-03462;Toko Seller Sukses 3461;Sidoarjo;16/09/2021
SEL-03463;Toko Seller Sukses 3462;Jakarta Selatan;06/10/2021
SEL-03464;Toko Seller Sukses 3463;Jakarta Selatan;10/06/2021
SEL-03465;Toko Seller Sukses 3464;Jakarta Pusat;03/05/2023
SEL-03466;Toko Seller Sukses 3465;Jakarta Selatan;17/06/2022
SEL-03467;Toko Seller Sukses 3466;Makassar;08/03/2022
SEL-03468;Toko Seller Sukses 3467;Surabaya;13/06/2023
SEL-03469;Toko Seller Sukses 3468;Medan;10/11/2021
SEL-03470;Toko Seller Sukses 3469;Makassar;06/07/2022
SEL-03471;Toko Seller Sukses 3470;Bandung;07/04/2022
SEL-03472;Toko Seller Sukses 3471;Makassar;09/02/2023
SEL-03473;Toko Seller Sukses 3472;Sidoarjo;12/03/2023
SEL-03474;Toko Seller Sukses 3473;Yogyakarta;29/10/2021
SEL-03475;Toko Seller Sukses 3474;Medan;25/05/2023
SEL-03476;Toko Seller Sukses 3475;Makassar;04/05/2023
SEL-03477;Toko Seller Sukses 3476;Cimahi;20/02/2022
SEL-03478;Toko Seller Sukses 3477;Medan;21/10/2022
SEL-03479;Toko Seller Sukses 3478;Makassar;12/12/2022
SEL-03480;Toko Seller Sukses 3479;Cimahi;01/05/2023
SEL-03481;Toko Seller Sukses 3480;Yogyakarta;21/04/2023
SEL-03482;Toko Seller Sukses 3481;Cimahi;14/05/2021
SEL-03483;Toko Seller Sukses 3482;Medan;09/07/2021
SEL-03484;Toko Seller Sukses 3483;Yogyakarta;25/05/2023
SEL-03485;Toko Seller Sukses 3484;Cimahi;04/04/2023
SEL-03486;Toko Seller Sukses 3485;Makassar;28/08/2022
SEL-03487;Toko Seller Sukses 3486;Surabaya;16/05/2023
SEL-03488;Toko Seller Sukses 3487;Jakarta Pusat;08/08/2021
SEL-03489;Toko Seller Sukses 3488;Sidoarjo;19/08/2021
SEL-03490;Toko Seller Sukses 3489;Bandung;30/04/2022
SEL-03491;Toko Seller Sukses 3490;Cimahi;15/02/2022
SEL-03492;Toko Seller Sukses 3491;Cimahi;01/06/2022
SEL-03493;Toko Seller Sukses 3492;Sidoarjo;15/01/2022
SEL-03494;Toko Seller Sukses 3493;Makassar;08/05/2022
SEL-03495;Toko Seller Sukses 3494;Medan;15/02/2023
SEL-03496;Toko Seller Sukses 3495;Jakarta Pusat;19/02/2023
SEL-03497;Toko Seller Sukses 3496;Sidoarjo;28/04/2023
SEL-03498;Toko Seller Sukses 3497;Jakarta Selatan;05/06/2021
SEL-03499;Toko Seller Sukses 3498;Bandung;21/03/2023
SEL-03500;Toko Seller Sukses 3499;Jakarta Selatan;05/06/2022
SEL-03501;Toko Seller Sukses 3500;Yogyakarta;20/03/2023
SEL-03502;Toko Seller Sukses 3501;Surabaya;27/08/2022
SEL-03503;Toko Seller Sukses 3502;Medan;07/09/2022
SEL-03504;Toko Seller Sukses 3503;Sidoarjo;06/07/2021
SEL-03505;Toko Seller Sukses 3504;Medan;07/11/2022
SEL-03506;Toko Seller Sukses 3505;Bandung;19/05/2023
SEL-03507;Toko Seller Sukses 3506;Jakarta Selatan;26/09/2021
SEL-03508;Toko Seller Sukses 3507;Surabaya;27/06/2021
SEL-03509;Toko Seller Sukses 3508;Sidoarjo;04/04/2022
SEL-03510;Toko Seller Sukses 3509;Jakarta Pusat;29/03/2022
SEL-03511;Toko Seller Sukses 3510;Cimahi;13/09/2022
SEL-03512;Toko Seller Sukses 3511;Surabaya;18/02/2023
SEL-03513;Toko Seller Sukses 3512;Sidoarjo;06/11/2021
SEL-03514;Toko Seller Sukses 3513;Yogyakarta;05/06/2021
SEL-03515;Toko Seller Sukses 3514;Jakarta Pusat;22/04/2023
SEL-03516;Toko Seller Sukses 3515;Cimahi;18/03/2023
SEL-03517;Toko Seller Sukses 3516;Yogyakarta;21/07/2022
SEL-03518;Toko Seller Sukses 3517;Makassar;01/01/2022
SEL-03519;Toko Seller Sukses 3518;Cimahi;30/05/2022
SEL-03520;Toko Seller Sukses 3519;Yogyakarta;09/08/2022
SEL-03521;Toko Seller Sukses 3520;Jakarta Pusat;13/01/2023
SEL-03522;Toko Seller Sukses 3521;Sidoarjo;19/09/2021
SEL-03523;Toko Seller Sukses 3522;Medan;23/06/2023
SEL-03524;Toko Seller Sukses 3523;Jakarta Pusat;19/08/2022
SEL-03525;Toko Seller Sukses 3524;Makassar;10/08/2021
SEL-03526;Toko Seller Sukses 3525;Bandung;27/09/2021
SEL-03527;Toko Seller Sukses 3526;Jakarta Selatan;13/03/2022
SEL-03528;Toko Seller Sukses 3527;Jakarta Pusat;13/10/2021
SEL-03529;Toko Seller Sukses 3528;Bandung;23/04/2022
SEL-03530;Toko Seller Sukses 3529;Makassar;19/05/2021
SEL-03531;Toko Seller Sukses 3530;Yogyakarta;31/03/2022
SEL-03532;Toko Seller Sukses 3531;Surabaya;31/01/2023
SEL-03533;Toko Seller Sukses 3532;Bandung;06/12/2021
SEL-03534;Toko Seller Sukses 3533;Jakarta Pusat;05/08/2021
SEL-03535;Toko Seller Sukses 3534;Jakarta Selatan;08/12/2022
SEL-03536;Toko Seller Sukses 3535;Jakarta Pusat;24/10/2022
SEL-03537;Toko Seller Sukses 3536;Jakarta Selatan;30/06/2023
SEL-03538;Toko Seller Sukses 3537;Sidoarjo;20/11/2021
SEL-03539;Toko Seller Sukses 3538;Surabaya;12/10/2022
SEL-03540;Toko Seller Sukses 3539;Makassar;21/02/2022
SEL-03541;Toko Seller Sukses 3540;Cimahi;11/01/2023
SEL-03542;Toko Seller Sukses 3541;Yogyakarta;01/07/2023
SEL-03543;Toko Seller Sukses 3542;Bandung;05/04/2022
SEL-03544;Toko Seller Sukses 3543;Cimahi;25/06/2023
SEL-03545;Toko Seller Sukses 3544;Medan;01/06/2023
SEL-03546;Toko Seller Sukses 3545;Jakarta Pusat;20/01/2023
SEL-03547;Toko Seller Sukses 3546;Medan;10/03/2023
SEL-03548;Toko Seller Sukses 3547;Cimahi;13/04/2022
SEL-03549;Toko Seller Sukses 3548;Bandung;08/05/2023
SEL-03550;Toko Seller Sukses 3549;Surabaya;05/02/2022
SEL-03551;Toko Seller Sukses 3550;Bandung;18/12/2021
SEL-03552;Toko Seller Sukses 3551;Jakarta Selatan;22/11/2021
SEL-03553;Toko Seller Sukses 3552;Surabaya;05/12/2022
SEL-03554;Toko Seller Sukses 3553;Cimahi;15/07/2021
SEL-03555;Toko Seller Sukses 3554;Makassar;15/01/2022
SEL-03556;Toko Seller Sukses 3555;Makassar;04/04/2023
SEL-03557;Toko Seller Sukses 3556;Sidoarjo;29/03/2022
SEL-03558;Toko Seller Sukses 3557;Jakarta Selatan;17/11/2022
SEL-03559;Toko Seller Sukses 3558;Medan;17/04/2023
SEL-03560;Toko Seller Sukses 3559;Jakarta Pusat;13/04/2022
SEL-03561;Toko Seller Sukses 3560;Jakarta Selatan;11/06/2022
SEL-03562;Toko Seller Sukses 3561;Jakarta Pusat;08/02/2022
SEL-03563;Toko Seller Sukses 3562;Cimahi;28/08/2021
SEL-03564;Toko Seller Sukses 3563;Jakarta Pusat;21/06/2022
SEL-03565;Toko Seller Sukses 3564;Sidoarjo;29/12/2022
SEL-03566;Toko Seller Sukses 3565;Medan;06/06/2023
SEL-03567;Toko Seller Sukses 3566;Yogyakarta;05/05/2021
SEL-03568;Toko Seller Sukses 3567;Jakarta Selatan;07/11/2022
SEL-03569;Toko Seller Sukses 3568;Makassar;15/05/2022
SEL-03570;Toko Seller Sukses 3569;Makassar;22/08/2021
SEL-03571;Toko Seller Sukses 3570;Jakarta Selatan;15/09/2021
SEL-03572;Toko Seller Sukses 3571;Medan;19/04/2022
SEL-03573;Toko Seller Sukses 3572;Sidoarjo;24/01/2022
SEL-03574;Toko Seller Sukses 3573;Yogyakarta;04/02/2022
SEL-03575;Toko Seller Sukses 3574;Yogyakarta;27/06/2021
SEL-03576;Toko Seller Sukses 3575;Medan;14/08/2022
SEL-03577;Toko Seller Sukses 3576;Cimahi;26/07/2022
SEL-03578;Toko Seller Sukses 3577;Jakarta Selatan;23/07/2021
SEL-03579;Toko Seller Sukses 3578;Cimahi;17/08/2021
SEL-03580;Toko Seller Sukses 3579;Cimahi;25/05/2022
SEL-03581;Toko Seller Sukses 3580;Cimahi;16/04/2022
SEL-03582;Toko Seller Sukses 3581;Cimahi;28/06/2023
SEL-03583;Toko Seller Sukses 3582;Jakarta Pusat;26/06/2023
SEL-03584;Toko Seller Sukses 3583;Makassar;28/10/2021
SEL-03585;Toko Seller Sukses 3584;Cimahi;07/05/2022
SEL-03586;Toko Seller Sukses 3585;Surabaya;22/06/2023
SEL-03587;Toko Seller Sukses 3586;Bandung;29/06/2022
SEL-03588;Toko Seller Sukses 3587;Medan;11/06/2022
SEL-03589;Toko Seller Sukses 3588;Makassar;02/02/2022
SEL-03590;Toko Seller Sukses 3589;Medan;18/10/2021
SEL-03591;Toko Seller Sukses 3590;Makassar;11/02/2022
SEL-03592;Toko Seller Sukses 3591;Jakarta Pusat;17/08/2022
SEL-03593;Toko Seller Sukses 3592;Yogyakarta;08/08/2022
SEL-03594;Toko Seller Sukses 3593;Sidoarjo;29/04/2022
SEL-03595;Toko Seller Sukses 3594;Makassar;12/01/2022
SEL-03596;Toko Seller Sukses 3595;Medan;28/09/2021
SEL-03597;Toko Seller Sukses 3596;Medan;10/09/2021
SEL-03598;Toko Seller Sukses 3597;Medan;06/05/2022
SEL-03599;Toko Seller Sukses 3598;Cimahi;13/03/2022
SEL-03600;Toko Seller Sukses 3599;Medan;27/03/2023
SEL-03601;Toko Seller Sukses 3600;Bandung;28/02/2022
SEL-03602;Toko Seller Sukses 3601;Yogyakarta;19/06/2023
SEL-03603;Toko Seller Sukses 3602;Cimahi;11/05/2022
SEL-03604;Toko Seller Sukses 3603;Yogyakarta;06/10/2021
SEL-03605;Toko Seller Sukses 3604;Cimahi;19/09/2021
SEL-03606;Toko Seller Sukses 3605;Cimahi;16/05/2021
SEL-03607;Toko Seller Sukses 3606;Medan;15/04/2023
SEL-03608;Toko Seller Sukses 3607;Jakarta Selatan;19/07/2021
SEL-03609;Toko Seller Sukses 3608;Medan;01/09/2022
SEL-03610;Toko Seller Sukses 3609;Jakarta Selatan;22/12/2022
SEL-03611;Toko Seller Sukses 3610;Surabaya;09/07/2021
SEL-03612;Toko Seller Sukses 3611;Medan;17/02/2022
SEL-03613;Toko Seller Sukses 3612;Yogyakarta;25/01/2023
SEL-03614;Toko Seller Sukses 3613;Sidoarjo;27/02/2022
SEL-03615;Toko Seller Sukses 3614;Jakarta Selatan;14/01/2022
SEL-03616;Toko Seller Sukses 3615;Makassar;09/07/2022
SEL-03617;Toko Seller Sukses 3616;Medan;15/04/2023
SEL-03618;Toko Seller Sukses 3617;Surabaya;27/07/2022
SEL-03619;Toko Seller Sukses 3618;Bandung;19/09/2022
SEL-03620;Toko Seller Sukses 3619;Surabaya;22/04/2023
SEL-03621;Toko Seller Sukses 3620;Surabaya;18/09/2022
SEL-03622;Toko Seller Sukses 3621;Jakarta Pusat;20/01/2022
SEL-03623;Toko Seller Sukses 3622;Jakarta Pusat;30/06/2023
SEL-03624;Toko Seller Sukses 3623;Cimahi;08/07/2023
SEL-03625;Toko Seller Sukses 3624;Yogyakarta;05/12/2021
SEL-03626;Toko Seller Sukses 3625;Yogyakarta;17/06/2022
SEL-03627;Toko Seller Sukses 3626;Medan;15/10/2021
SEL-03628;Toko Seller Sukses 3627;Yogyakarta;29/05/2022
SEL-03629;Toko Seller Sukses 3628;Sidoarjo;05/05/2022
SEL-03630;Toko Seller Sukses 3629;Cimahi;07/05/2022
SEL-03631;Toko Seller Sukses 3630;Yogyakarta;12/05/2021
SEL-03632;Toko Seller Sukses 3631;Yogyakarta;20/11/2021
SEL-03633;Toko Seller Sukses 3632;Jakarta Selatan;05/05/2021
SEL-03634;Toko Seller Sukses 3633;Sidoarjo;12/12/2022
SEL-03635;Toko Seller Sukses 3634;Surabaya;04/01/2023
SEL-03636;Toko Seller Sukses 3635;Surabaya;03/11/2021
SEL-03637;Toko Seller Sukses 3636;Medan;05/11/2021
SEL-03638;Toko Seller Sukses 3637;Cimahi;19/03/2022
SEL-03639;Toko Seller Sukses 3638;Surabaya;09/05/2022
SEL-03640;Toko Seller Sukses 3639;Bandung;16/05/2023
SEL-03641;Toko Seller Sukses 3640;Yogyakarta;24/10/2021
SEL-03642;Toko Seller Sukses 3641;Cimahi;05/08/2021
SEL-03643;Toko Seller Sukses 3642;Medan;20/10/2022
SEL-03644;Toko Seller Sukses 3643;Sidoarjo;07/03/2022
SEL-03645;Toko Seller Sukses 3644;Cimahi;09/08/2022
SEL-03646;Toko Seller Sukses 3645;Makassar;11/11/2021
SEL-03647;Toko Seller Sukses 3646;Yogyakarta;14/12/2022
SEL-03648;Toko Seller Sukses 3647;Medan;19/03/2023
SEL-03649;Toko Seller Sukses 3648;Cimahi;11/10/2021
SEL-03650;Toko Seller Sukses 3649;Surabaya;07/06/2023
SEL-03651;Toko Seller Sukses 3650;Jakarta Selatan;09/01/2022
SEL-03652;Toko Seller Sukses 3651;Yogyakarta;03/06/2021
SEL-03653;Toko Seller Sukses 3652;Medan;16/10/2021
SEL-03654;Toko Seller Sukses 3653;Makassar;02/11/2021
SEL-03655;Toko Seller Sukses 3654;Surabaya;30/04/2023
SEL-03656;Toko Seller Sukses 3655;Surabaya;02/12/2022
SEL-03657;Toko Seller Sukses 3656;Jakarta Selatan;13/09/2022
SEL-03658;Toko Seller Sukses 3657;Makassar;27/08/2022
SEL-03659;Toko Seller Sukses 3658;Bandung;10/05/2021
SEL-03660;Toko Seller Sukses 3659;Jakarta Selatan;08/09/2022
SEL-03661;Toko Seller Sukses 3660;Medan;26/11/2022
SEL-03662;Toko Seller Sukses 3661;Sidoarjo;14/07/2022
SEL-03663;Toko Seller Sukses 3662;Bandung;30/09/2022
SEL-03664;Toko Seller Sukses 3663;Surabaya;20/09/2022
SEL-03665;Toko Seller Sukses 3664;Bandung;08/09/2022
SEL-03666;Toko Seller Sukses 3665;Sidoarjo;28/06/2023
SEL-03667;Toko Seller Sukses 3666;Yogyakarta;21/09/2021
SEL-03668;Toko Seller Sukses 3667;Makassar;21/03/2022
SEL-03669;Toko Seller Sukses 3668;Cimahi;20/02/2023
SEL-03670;Toko Seller Sukses 3669;Sidoarjo;20/03/2022
SEL-03671;Toko Seller Sukses 3670;Bandung;08/09/2022
SEL-03672;Toko Seller Sukses 3671;Bandung;03/02/2023
SEL-03673;Toko Seller Sukses 3672;Surabaya;13/05/2023
SEL-03674;Toko Seller Sukses 3673;Jakarta Selatan;02/04/2022
SEL-03675;Toko Seller Sukses 3674;Jakarta Selatan;06/05/2022
SEL-03676;Toko Seller Sukses 3675;Medan;05/03/2023
SEL-03677;Toko Seller Sukses 3676;Yogyakarta;13/07/2021
SEL-03678;Toko Seller Sukses 3677;Yogyakarta;31/10/2022
SEL-03679;Toko Seller Sukses 3678;Jakarta Selatan;25/06/2021
SEL-03680;Toko Seller Sukses 3679;Bandung;04/05/2021
SEL-03681;Toko Seller Sukses 3680;Makassar;23/06/2023
SEL-03682;Toko Seller Sukses 3681;Sidoarjo;12/04/2022
SEL-03683;Toko Seller Sukses 3682;Cimahi;07/05/2021
SEL-03684;Toko Seller Sukses 3683;Jakarta Selatan;24/10/2022
SEL-03685;Toko Seller Sukses 3684;Makassar;26/06/2023
SEL-03686;Toko Seller Sukses 3685;Yogyakarta;07/07/2022
SEL-03687;Toko Seller Sukses 3686;Jakarta Pusat;15/03/2022
SEL-03688;Toko Seller Sukses 3687;Sidoarjo;22/08/2022
SEL-03689;Toko Seller Sukses 3688;Yogyakarta;29/06/2021
SEL-03690;Toko Seller Sukses 3689;Jakarta Selatan;24/06/2021
SEL-03691;Toko Seller Sukses 3690;Surabaya;08/07/2023
SEL-03692;Toko Seller Sukses 3691;Bandung;26/06/2021
SEL-03693;Toko Seller Sukses 3692;Jakarta Pusat;29/11/2022
SEL-03694;Toko Seller Sukses 3693;Medan;14/03/2023
SEL-03695;Toko Seller Sukses 3694;Medan;05/10/2022
SEL-03696;Toko Seller Sukses 3695;Jakarta Selatan;22/07/2021
SEL-03697;Toko Seller Sukses 3696;Bandung;01/12/2022
SEL-03698;Toko Seller Sukses 3697;Sidoarjo;27/11/2021
SEL-03699;Toko Seller Sukses 3698;Makassar;26/04/2023
SEL-03700;Toko Seller Sukses 3699;Sidoarjo;07/12/2022
SEL-03701;Toko Seller Sukses 3700;Yogyakarta;10/09/2021
SEL-03702;Toko Seller Sukses 3701;Bandung;07/05/2021
SEL-03703;Toko Seller Sukses 3702;Yogyakarta;08/02/2023
SEL-03704;Toko Seller Sukses 3703;Jakarta Selatan;04/08/2022
SEL-03705;Toko Seller Sukses 3704;Sidoarjo;16/06/2021
SEL-03706;Toko Seller Sukses 3705;Yogyakarta;16/03/2022
SEL-03707;Toko Seller Sukses 3706;Bandung;25/05/2022
SEL-03708;Toko Seller Sukses 3707;Bandung;11/05/2021
SEL-03709;Toko Seller Sukses 3708;Bandung;27/09/2021
SEL-03710;Toko Seller Sukses 3709;Jakarta Pusat;15/01/2023
SEL-03711;Toko Seller Sukses 3710;Yogyakarta;25/11/2022
SEL-03712;Toko Seller Sukses 3711;Cimahi;23/10/2021
SEL-03713;Toko Seller Sukses 3712;Jakarta Selatan;22/04/2023
SEL-03714;Toko Seller Sukses 3713;Jakarta Pusat;06/02/2023
SEL-03715;Toko Seller Sukses 3714;Medan;07/03/2022
SEL-03716;Toko Seller Sukses 3715;Medan;21/05/2021
SEL-03717;Toko Seller Sukses 3716;Medan;26/07/2021
SEL-03718;Toko Seller Sukses 3717;Yogyakarta;26/11/2022
SEL-03719;Toko Seller Sukses 3718;Sidoarjo;06/11/2022
SEL-03720;Toko Seller Sukses 3719;Surabaya;04/03/2023
SEL-03721;Toko Seller Sukses 3720;Cimahi;11/06/2022
SEL-03722;Toko Seller Sukses 3721;Sidoarjo;18/09/2022
SEL-03723;Toko Seller Sukses 3722;Cimahi;14/04/2022
SEL-03724;Toko Seller Sukses 3723;Sidoarjo;19/05/2021
SEL-03725;Toko Seller Sukses 3724;Jakarta Pusat;16/06/2022
SEL-03726;Toko Seller Sukses 3725;Makassar;06/06/2023
SEL-03727;Toko Seller Sukses 3726;Yogyakarta;27/04/2022
SEL-03728;Toko Seller Sukses 3727;Sidoarjo;08/08/2021
SEL-03729;Toko Seller Sukses 3728;Makassar;24/10/2022
SEL-03730;Toko Seller Sukses 3729;Medan;28/08/2021
SEL-03731;Toko Seller Sukses 3730;Bandung;30/04/2023
SEL-03732;Toko Seller Sukses 3731;Makassar;06/04/2023
SEL-03733;Toko Seller Sukses 3732;Yogyakarta;18/12/2021
SEL-03734;Toko Seller Sukses 3733;Bandung;28/03/2023
SEL-03735;Toko Seller Sukses 3734;Bandung;09/05/2023
SEL-03736;Toko Seller Sukses 3735;Jakarta Selatan;09/07/2023
SEL-03737;Toko Seller Sukses 3736;Sidoarjo;28/11/2022
SEL-03738;Toko Seller Sukses 3737;Jakarta Pusat;30/11/2022
SEL-03739;Toko Seller Sukses 3738;Jakarta Pusat;21/05/2022
SEL-03740;Toko Seller Sukses 3739;Medan;12/07/2022
SEL-03741;Toko Seller Sukses 3740;Surabaya;17/06/2022
SEL-03742;Toko Seller Sukses 3741;Sidoarjo;10/09/2021
SEL-03743;Toko Seller Sukses 3742;Surabaya;06/04/2022
SEL-03744;Toko Seller Sukses 3743;Yogyakarta;16/06/2023
SEL-03745;Toko Seller Sukses 3744;Cimahi;20/08/2022
SEL-03746;Toko Seller Sukses 3745;Jakarta Selatan;08/05/2023
SEL-03747;Toko Seller Sukses 3746;Sidoarjo;17/01/2023
SEL-03748;Toko Seller Sukses 3747;Surabaya;04/04/2023
SEL-03749;Toko Seller Sukses 3748;Cimahi;20/12/2022
SEL-03750;Toko Seller Sukses 3749;Medan;03/05/2021
SEL-03751;Toko Seller Sukses 3750;Jakarta Pusat;18/01/2023
SEL-03752;Toko Seller Sukses 3751;Sidoarjo;30/01/2023
SEL-03753;Toko Seller Sukses 3752;Makassar;05/11/2022
SEL-03754;Toko Seller Sukses 3753;Surabaya;09/02/2023
SEL-03755;Toko Seller Sukses 3754;Sidoarjo;27/04/2023
SEL-03756;Toko Seller Sukses 3755;Bandung;12/04/2022
SEL-03757;Toko Seller Sukses 3756;Medan;04/06/2021
SEL-03758;Toko Seller Sukses 3757;Jakarta Pusat;03/07/2022
SEL-03759;Toko Seller Sukses 3758;Makassar;19/10/2021
SEL-03760;Toko Seller Sukses 3759;Bandung;08/04/2023
SEL-03761;Toko Seller Sukses 3760;Makassar;02/11/2021
SEL-03762;Toko Seller Sukses 3761;Surabaya;14/02/2022
SEL-03763;Toko Seller Sukses 3762;Jakarta Selatan;17/11/2021
SEL-03764;Toko Seller Sukses 3763;Jakarta Pusat;10/06/2021
SEL-03765;Toko Seller Sukses 3764;Yogyakarta;14/02/2022
SEL-03766;Toko Seller Sukses 3765;Yogyakarta;11/11/2021
SEL-03767;Toko Seller Sukses 3766;Yogyakarta;23/06/2023
SEL-03768;Toko Seller Sukses 3767;Surabaya;13/09/2021
SEL-03769;Toko Seller Sukses 3768;Makassar;11/06/2023
SEL-03770;Toko Seller Sukses 3769;Makassar;26/05/2021
SEL-03771;Toko Seller Sukses 3770;Yogyakarta;23/12/2021
SEL-03772;Toko Seller Sukses 3771;Bandung;18/06/2023
SEL-03773;Toko Seller Sukses 3772;Jakarta Pusat;30/08/2022
SEL-03774;Toko Seller Sukses 3773;Jakarta Pusat;07/05/2021
SEL-03775;Toko Seller Sukses 3774;Sidoarjo;25/07/2021
SEL-03776;Toko Seller Sukses 3775;Medan;06/12/2022
SEL-03777;Toko Seller Sukses 3776;Makassar;24/10/2022
SEL-03778;Toko Seller Sukses 3777;Cimahi;11/04/2023
SEL-03779;Toko Seller Sukses 3778;Yogyakarta;14/06/2023
SEL-03780;Toko Seller Sukses 3779;Makassar;24/01/2022
SEL-03781;Toko Seller Sukses 3780;Surabaya;31/03/2023
SEL-03782;Toko Seller Sukses 3781;Surabaya;16/06/2022
SEL-03783;Toko Seller Sukses 3782;Makassar;31/05/2023
SEL-03784;Toko Seller Sukses 3783;Medan;23/07/2021
SEL-03785;Toko Seller Sukses 3784;Yogyakarta;17/03/2022
SEL-03786;Toko Seller Sukses 3785;Bandung;19/04/2022
SEL-03787;Toko Seller Sukses 3786;Sidoarjo;24/11/2022
SEL-03788;Toko Seller Sukses 3787;Yogyakarta;23/02/2022
SEL-03789;Toko Seller Sukses 3788;Medan;15/10/2021
SEL-03790;Toko Seller Sukses 3789;Cimahi;13/10/2022
SEL-03791;Toko Seller Sukses 3790;Jakarta Selatan;20/01/2022
SEL-03792;Toko Seller Sukses 3791;Bandung;10/12/2022
SEL-03793;Toko Seller Sukses 3792;Makassar;19/05/2023
SEL-03794;Toko Seller Sukses 3793;Cimahi;12/06/2023
SEL-03795;Toko Seller Sukses 3794;Makassar;06/09/2022
SEL-03796;Toko Seller Sukses 3795;Jakarta Selatan;19/09/2022
SEL-03797;Toko Seller Sukses 3796;Cimahi;04/11/2022
SEL-03798;Toko Seller Sukses 3797;Yogyakarta;03/07/2022
SEL-03799;Toko Seller Sukses 3798;Sidoarjo;10/07/2021
SEL-03800;Toko Seller Sukses 3799;Makassar;14/01/2023
SEL-03801;Toko Seller Sukses 3800;Jakarta Selatan;01/01/2023
SEL-03802;Toko Seller Sukses 3801;Sidoarjo;01/05/2023
SEL-03803;Toko Seller Sukses 3802;Makassar;25/01/2023
SEL-03804;Toko Seller Sukses 3803;Surabaya;18/12/2021
SEL-03805;Toko Seller Sukses 3804;Makassar;09/12/2022
SEL-03806;Toko Seller Sukses 3805;Medan;04/05/2021
SEL-03807;Toko Seller Sukses 3806;Medan;06/05/2021
SEL-03808;Toko Seller Sukses 3807;Cimahi;24/07/2022
SEL-03809;Toko Seller Sukses 3808;Makassar;18/06/2022
SEL-03810;Toko Seller Sukses 3809;Makassar;11/04/2022
SEL-03811;Toko Seller Sukses 3810;Yogyakarta;01/03/2023
SEL-03812;Toko Seller Sukses 3811;Jakarta Selatan;30/01/2022
SEL-03813;Toko Seller Sukses 3812;Cimahi;08/02/2022
SEL-03814;Toko Seller Sukses 3813;Jakarta Pusat;21/04/2023
SEL-03815;Toko Seller Sukses 3814;Yogyakarta;31/08/2022
SEL-03816;Toko Seller Sukses 3815;Jakarta Selatan;10/07/2021
SEL-03817;Toko Seller Sukses 3816;Makassar;31/01/2022
SEL-03818;Toko Seller Sukses 3817;Makassar;28/01/2022
SEL-03819;Toko Seller Sukses 3818;Yogyakarta;16/06/2021
SEL-03820;Toko Seller Sukses 3819;Bandung;21/09/2021
SEL-03821;Toko Seller Sukses 3820;Yogyakarta;27/10/2021
SEL-03822;Toko Seller Sukses 3821;Jakarta Selatan;27/12/2022
SEL-03823;Toko Seller Sukses 3822;Jakarta Selatan;12/11/2021
SEL-03824;Toko Seller Sukses 3823;Makassar;02/12/2022
SEL-03825;Toko Seller Sukses 3824;Yogyakarta;13/10/2021
SEL-03826;Toko Seller Sukses 3825;Surabaya;18/08/2021
SEL-03827;Toko Seller Sukses 3826;Surabaya;23/10/2021
SEL-03828;Toko Seller Sukses 3827;Cimahi;27/05/2022
SEL-03829;Toko Seller Sukses 3828;Surabaya;08/08/2022
SEL-03830;Toko Seller Sukses 3829;Yogyakarta;29/12/2021
SEL-03831;Toko Seller Sukses 3830;Yogyakarta;14/11/2022
SEL-03832;Toko Seller Sukses 3831;Medan;24/03/2022
SEL-03833;Toko Seller Sukses 3832;Jakarta Pusat;03/07/2023
SEL-03834;Toko Seller Sukses 3833;Surabaya;29/05/2023
SEL-03835;Toko Seller Sukses 3834;Medan;22/12/2022
SEL-03836;Toko Seller Sukses 3835;Jakarta Pusat;01/12/2021
SEL-03837;Toko Seller Sukses 3836;Cimahi;12/12/2022
SEL-03838;Toko Seller Sukses 3837;Cimahi;10/07/2022
SEL-03839;Toko Seller Sukses 3838;Sidoarjo;22/04/2022
SEL-03840;Toko Seller Sukses 3839;Medan;26/03/2023
SEL-03841;Toko Seller Sukses 3840;Bandung;25/09/2021
SEL-03842;Toko Seller Sukses 3841;Cimahi;15/09/2021
SEL-03843;Toko Seller Sukses 3842;Medan;05/10/2021
SEL-03844;Toko Seller Sukses 3843;Sidoarjo;15/06/2021
SEL-03845;Toko Seller Sukses 3844;Sidoarjo;09/04/2023
SEL-03846;Toko Seller Sukses 3845;Sidoarjo;22/12/2021
SEL-03847;Toko Seller Sukses 3846;Sidoarjo;31/10/2021
SEL-03848;Toko Seller Sukses 3847;Cimahi;12/07/2022
SEL-03849;Toko Seller Sukses 3848;Jakarta Selatan;27/06/2021
SEL-03850;Toko Seller Sukses 3849;Cimahi;21/10/2021
SEL-03851;Toko Seller Sukses 3850;Jakarta Selatan;17/11/2022
SEL-03852;Toko Seller Sukses 3851;Sidoarjo;23/06/2023
SEL-03853;Toko Seller Sukses 3852;Jakarta Pusat;09/07/2021
SEL-03854;Toko Seller Sukses 3853;Jakarta Pusat;04/07/2023
SEL-03855;Toko Seller Sukses 3854;Yogyakarta;18/08/2022
SEL-03856;Toko Seller Sukses 3855;Bandung;19/09/2022
SEL-03857;Toko Seller Sukses 3856;Cimahi;05/07/2023
SEL-03858;Toko Seller Sukses 3857;Jakarta Selatan;11/09/2022
SEL-03859;Toko Seller Sukses 3858;Jakarta Pusat;12/09/2022
SEL-03860;Toko Seller Sukses 3859;Jakarta Selatan;17/12/2022
SEL-03861;Toko Seller Sukses 3860;Medan;04/05/2021
SEL-03862;Toko Seller Sukses 3861;Yogyakarta;06/10/2022
SEL-03863;Toko Seller Sukses 3862;Medan;28/02/2022
SEL-03864;Toko Seller Sukses 3863;Yogyakarta;19/07/2022
SEL-03865;Toko Seller Sukses 3864;Surabaya;08/11/2022
SEL-03866;Toko Seller Sukses 3865;Sidoarjo;08/06/2021
SEL-03867;Toko Seller Sukses 3866;Medan;27/08/2022
SEL-03868;Toko Seller Sukses 3867;Yogyakarta;11/11/2022
SEL-03869;Toko Seller Sukses 3868;Jakarta Selatan;14/11/2021
SEL-03870;Toko Seller Sukses 3869;Yogyakarta;29/12/2021
SEL-03871;Toko Seller Sukses 3870;Bandung;08/06/2023
SEL-03872;Toko Seller Sukses 3871;Bandung;31/12/2021
SEL-03873;Toko Seller Sukses 3872;Cimahi;06/03/2023
SEL-03874;Toko Seller Sukses 3873;Jakarta Selatan;23/06/2022
SEL-03875;Toko Seller Sukses 3874;Jakarta Selatan;05/05/2022
SEL-03876;Toko Seller Sukses 3875;Surabaya;13/02/2023
SEL-03877;Toko Seller Sukses 3876;Makassar;28/09/2022
SEL-03878;Toko Seller Sukses 3877;Medan;23/07/2022
SEL-03879;Toko Seller Sukses 3878;Cimahi;05/06/2021
SEL-03880;Toko Seller Sukses 3879;Bandung;12/03/2023
SEL-03881;Toko Seller Sukses 3880;Jakarta Selatan;26/08/2022
SEL-03882;Toko Seller Sukses 3881;Medan;17/09/2021
SEL-03883;Toko Seller Sukses 3882;Cimahi;09/06/2021
SEL-03884;Toko Seller Sukses 3883;Yogyakarta;11/05/2022
SEL-03885;Toko Seller Sukses 3884;Makassar;03/12/2022
SEL-03886;Toko Seller Sukses 3885;Yogyakarta;08/06/2022
SEL-03887;Toko Seller Sukses 3886;Sidoarjo;24/12/2022
SEL-03888;Toko Seller Sukses 3887;Jakarta Selatan;03/03/2022
SEL-03889;Toko Seller Sukses 3888;Yogyakarta;02/01/2022
SEL-03890;Toko Seller Sukses 3889;Sidoarjo;29/06/2022
SEL-03891;Toko Seller Sukses 3890;Bandung;04/05/2023
SEL-03892;Toko Seller Sukses 3891;Surabaya;26/09/2022
SEL-03893;Toko Seller Sukses 3892;Yogyakarta;18/03/2023
SEL-03894;Toko Seller Sukses 3893;Cimahi;28/10/2021
SEL-03895;Toko Seller Sukses 3894;Medan;28/03/2023
SEL-03896;Toko Seller Sukses 3895;Jakarta Pusat;04/07/2022
SEL-03897;Toko Seller Sukses 3896;Surabaya;20/08/2022
SEL-03898;Toko Seller Sukses 3897;Jakarta Selatan;01/06/2022
SEL-03899;Toko Seller Sukses 3898;Yogyakarta;12/10/2022
SEL-03900;Toko Seller Sukses 3899;Surabaya;06/07/2022
SEL-03901;Toko Seller Sukses 3900;Cimahi;18/07/2022
SEL-03902;Toko Seller Sukses 3901;Medan;02/03/2023
SEL-03903;Toko Seller Sukses 3902;Bandung;24/02/2022
SEL-03904;Toko Seller Sukses 3903;Cimahi;30/11/2022
SEL-03905;Toko Seller Sukses 3904;Sidoarjo;30/06/2023
SEL-03906;Toko Seller Sukses 3905;Jakarta Pusat;27/04/2023
SEL-03907;Toko Seller Sukses 3906;Jakarta Pusat;22/02/2022
SEL-03908;Toko Seller Sukses 3907;Yogyakarta;30/12/2022
SEL-03909;Toko Seller Sukses 3908;Medan;16/08/2022
SEL-03910;Toko Seller Sukses 3909;Yogyakarta;14/05/2022
SEL-03911;Toko Seller Sukses 3910;Yogyakarta;26/04/2023
SEL-03912;Toko Seller Sukses 3911;Cimahi;08/11/2021
SEL-03913;Toko Seller Sukses 3912;Surabaya;13/08/2022
SEL-03914;Toko Seller Sukses 3913;Bandung;24/12/2022
SEL-03915;Toko Seller Sukses 3914;Cimahi;10/05/2022
SEL-03916;Toko Seller Sukses 3915;Medan;04/04/2023
SEL-03917;Toko Seller Sukses 3916;Makassar;07/11/2021
SEL-03918;Toko Seller Sukses 3917;Yogyakarta;14/09/2021
SEL-03919;Toko Seller Sukses 3918;Makassar;15/10/2022
SEL-03920;Toko Seller Sukses 3919;Bandung;03/08/2022
SEL-03921;Toko Seller Sukses 3920;Sidoarjo;09/08/2022
SEL-03922;Toko Seller Sukses 3921;Makassar;22/05/2023
SEL-03923;Toko Seller Sukses 3922;Cimahi;08/09/2021
SEL-03924;Toko Seller Sukses 3923;Surabaya;08/09/2021
SEL-03925;Toko Seller Sukses 3924;Medan;24/01/2023
SEL-03926;Toko Seller Sukses 3925;Jakarta Pusat;11/07/2021
SEL-03927;Toko Seller Sukses 3926;Makassar;02/07/2021
SEL-03928;Toko Seller Sukses 3927;Jakarta Pusat;15/03/2023
SEL-03929;Toko Seller Sukses 3928;Jakarta Selatan;19/11/2022
SEL-03930;Toko Seller Sukses 3929;Surabaya;09/11/2022
SEL-03931;Toko Seller Sukses 3930;Jakarta Selatan;19/03/2023
SEL-03932;Toko Seller Sukses 3931;Sidoarjo;07/02/2022
SEL-03933;Toko Seller Sukses 3932;Medan;10/06/2022
SEL-03934;Toko Seller Sukses 3933;Makassar;19/07/2022
SEL-03935;Toko Seller Sukses 3934;Medan;06/06/2023
SEL-03936;Toko Seller Sukses 3935;Yogyakarta;04/05/2022
SEL-03937;Toko Seller Sukses 3936;Yogyakarta;08/12/2021
SEL-03938;Toko Seller Sukses 3937;Jakarta Selatan;04/10/2022
SEL-03939;Toko Seller Sukses 3938;Jakarta Pusat;18/01/2022
SEL-03940;Toko Seller Sukses 3939;Jakarta Selatan;30/09/2021
SEL-03941;Toko Seller Sukses 3940;Bandung;21/06/2021
SEL-03942;Toko Seller Sukses 3941;Jakarta Pusat;24/09/2021
SEL-03943;Toko Seller Sukses 3942;Cimahi;30/09/2021
SEL-03944;Toko Seller Sukses 3943;Jakarta Selatan;29/10/2021
SEL-03945;Toko Seller Sukses 3944;Yogyakarta;17/10/2022
SEL-03946;Toko Seller Sukses 3945;Sidoarjo;16/03/2023
SEL-03947;Toko Seller Sukses 3946;Yogyakarta;13/03/2022
SEL-03948;Toko Seller Sukses 3947;Yogyakarta;21/05/2023
SEL-03949;Toko Seller Sukses 3948;Medan;11/06/2023
SEL-03950;Toko Seller Sukses 3949;Yogyakarta;07/02/2022
SEL-03951;Toko Seller Sukses 3950;Cimahi;19/04/2023
SEL-03952;Toko Seller Sukses 3951;Surabaya;20/06/2022
SEL-03953;Toko Seller Sukses 3952;Jakarta Pusat;04/07/2022
SEL-03954;Toko Seller Sukses 3953;Medan;06/05/2021
SEL-03955;Toko Seller Sukses 3954;Yogyakarta;02/11/2021
SEL-03956;Toko Seller Sukses 3955;Sidoarjo;05/11/2021
SEL-03957;Toko Seller Sukses 3956;Yogyakarta;22/07/2021
SEL-03958;Toko Seller Sukses 3957;Makassar;24/01/2023
SEL-03959;Toko Seller Sukses 3958;Medan;23/10/2021
SEL-03960;Toko Seller Sukses 3959;Jakarta Selatan;12/02/2022
SEL-03961;Toko Seller Sukses 3960;Jakarta Pusat;01/02/2022
SEL-03962;Toko Seller Sukses 3961;Jakarta Pusat;30/04/2023
SEL-03963;Toko Seller Sukses 3962;Jakarta Pusat;03/05/2022
SEL-03964;Toko Seller Sukses 3963;Medan;26/04/2022
SEL-03965;Toko Seller Sukses 3964;Surabaya;03/05/2023
SEL-03966;Toko Seller Sukses 3965;Jakarta Selatan;10/06/2022
SEL-03967;Toko Seller Sukses 3966;Cimahi;28/08/2022
SEL-03968;Toko Seller Sukses 3967;Jakarta Pusat;28/07/2021
SEL-03969;Toko Seller Sukses 3968;Medan;31/10/2021
SEL-03970;Toko Seller Sukses 3969;Medan;02/09/2021
SEL-03971;Toko Seller Sukses 3970;Bandung;14/06/2023
SEL-03972;Toko Seller Sukses 3971;Cimahi;07/01/2022
SEL-03973;Toko Seller Sukses 3972;Makassar;13/10/2021
SEL-03974;Toko Seller Sukses 3973;Surabaya;19/06/2021
SEL-03975;Toko Seller Sukses 3974;Bandung;11/01/2022
SEL-03976;Toko Seller Sukses 3975;Bandung;25/09/2021
SEL-03977;Toko Seller Sukses 3976;Cimahi;21/11/2021
SEL-03978;Toko Seller Sukses 3977;Cimahi;01/12/2021
SEL-03979;Toko Seller Sukses 3978;Medan;20/03/2023
SEL-03980;Toko Seller Sukses 3979;Makassar;03/12/2022
SEL-03981;Toko Seller Sukses 3980;Bandung;29/11/2021
SEL-03982;Toko Seller Sukses 3981;Surabaya;21/05/2022
SEL-03983;Toko Seller Sukses 3982;Makassar;06/09/2022
SEL-03984;Toko Seller Sukses 3983;Sidoarjo;21/05/2023
SEL-03985;Toko Seller Sukses 3984;Surabaya;08/08/2022
SEL-03986;Toko Seller Sukses 3985;Jakarta Pusat;18/10/2022
SEL-03987;Toko Seller Sukses 3986;Sidoarjo;16/04/2022
SEL-03988;Toko Seller Sukses 3987;Makassar;14/02/2022
SEL-03989;Toko Seller Sukses 3988;Cimahi;19/01/2023
SEL-03990;Toko Seller Sukses 3989;Bandung;21/02/2023
SEL-03991;Toko Seller Sukses 3990;Cimahi;07/06/2023
SEL-03992;Toko Seller Sukses 3991;Makassar;01/12/2021
SEL-03993;Toko Seller Sukses 3992;Surabaya;12/04/2022
SEL-03994;Toko Seller Sukses 3993;Sidoarjo;16/09/2021
SEL-03995;Toko Seller Sukses 3994;Surabaya;24/04/2023
SEL-03996;Toko Seller Sukses 3995;Jakarta Selatan;17/07/2021
SEL-03997;Toko Seller Sukses 3996;Cimahi;06/05/2023
SEL-03998;Toko Seller Sukses 3997;Sidoarjo;02/08/2021
SEL-03999;Toko Seller Sukses 3998;Cimahi;26/09/2021
SEL-04000;Toko Seller Sukses 3999;Jakarta Selatan;24/06/2021
SEL-04001;Toko Seller Sukses 4000;Yogyakarta;11/05/2022
SEL-04002;Toko Seller Sukses 4001;Surabaya;09/11/2022
SEL-04003;Toko Seller Sukses 4002;Bandung;03/06/2022
SEL-04004;Toko Seller Sukses 4003;Jakarta Selatan;03/06/2021
SEL-04005;Toko Seller Sukses 4004;Sidoarjo;09/04/2022
SEL-04006;Toko Seller Sukses 4005;Sidoarjo;08/06/2021
SEL-04007;Toko Seller Sukses 4006;Sidoarjo;08/06/2022
SEL-04008;Toko Seller Sukses 4007;Bandung;08/10/2022
SEL-04009;Toko Seller Sukses 4008;Cimahi;03/08/2021
SEL-04010;Toko Seller Sukses 4009;Makassar;15/05/2022
SEL-04011;Toko Seller Sukses 4010;Jakarta Pusat;16/08/2021
SEL-04012;Toko Seller Sukses 4011;Medan;05/06/2021
SEL-04013;Toko Seller Sukses 4012;Yogyakarta;10/07/2022
SEL-04014;Toko Seller Sukses 4013;Medan;23/09/2022
SEL-04015;Toko Seller Sukses 4014;Surabaya;06/07/2021
SEL-04016;Toko Seller Sukses 4015;Cimahi;29/05/2023
SEL-04017;Toko Seller Sukses 4016;Sidoarjo;01/08/2021
SEL-04018;Toko Seller Sukses 4017;Jakarta Pusat;15/01/2022
SEL-04019;Toko Seller Sukses 4018;Cimahi;01/08/2021
SEL-04020;Toko Seller Sukses 4019;Medan;22/07/2022
SEL-04021;Toko Seller Sukses 4020;Medan;28/06/2023
SEL-04022;Toko Seller Sukses 4021;Cimahi;05/10/2022
SEL-04023;Toko Seller Sukses 4022;Sidoarjo;02/09/2022
SEL-04024;Toko Seller Sukses 4023;Cimahi;16/02/2023
SEL-04025;Toko Seller Sukses 4024;Cimahi;09/04/2022
SEL-04026;Toko Seller Sukses 4025;Cimahi;26/10/2022
SEL-04027;Toko Seller Sukses 4026;Sidoarjo;29/01/2023
SEL-04028;Toko Seller Sukses 4027;Jakarta Selatan;13/06/2021
SEL-04029;Toko Seller Sukses 4028;Jakarta Selatan;28/12/2022
SEL-04030;Toko Seller Sukses 4029;Surabaya;27/09/2021
SEL-04031;Toko Seller Sukses 4030;Cimahi;30/06/2023
SEL-04032;Toko Seller Sukses 4031;Cimahi;17/01/2023
SEL-04033;Toko Seller Sukses 4032;Bandung;11/05/2021
SEL-04034;Toko Seller Sukses 4033;Jakarta Pusat;06/12/2022
SEL-04035;Toko Seller Sukses 4034;Yogyakarta;12/07/2021
SEL-04036;Toko Seller Sukses 4035;Jakarta Pusat;20/05/2021
SEL-04037;Toko Seller Sukses 4036;Bandung;21/06/2021
SEL-04038;Toko Seller Sukses 4037;Jakarta Pusat;30/07/2022
SEL-04039;Toko Seller Sukses 4038;Cimahi;19/05/2021
SEL-04040;Toko Seller Sukses 4039;Jakarta Selatan;03/05/2023
SEL-04041;Toko Seller Sukses 4040;Bandung;30/12/2022
SEL-04042;Toko Seller Sukses 4041;Cimahi;05/07/2021
SEL-04043;Toko Seller Sukses 4042;Cimahi;19/07/2022
SEL-04044;Toko Seller Sukses 4043;Surabaya;30/08/2022
SEL-04045;Toko Seller Sukses 4044;Sidoarjo;09/12/2022
SEL-04046;Toko Seller Sukses 4045;Makassar;22/02/2022
SEL-04047;Toko Seller Sukses 4046;Medan;22/11/2021
SEL-04048;Toko Seller Sukses 4047;Surabaya;02/06/2023
SEL-04049;Toko Seller Sukses 4048;Jakarta Pusat;28/04/2023
SEL-04050;Toko Seller Sukses 4049;Cimahi;02/01/2022
SEL-04051;Toko Seller Sukses 4050;Jakarta Selatan;15/05/2021
SEL-04052;Toko Seller Sukses 4051;Bandung;08/12/2022
SEL-04053;Toko Seller Sukses 4052;Medan;07/01/2023
SEL-04054;Toko Seller Sukses 4053;Surabaya;23/03/2023
SEL-04055;Toko Seller Sukses 4054;Makassar;28/11/2021
SEL-04056;Toko Seller Sukses 4055;Surabaya;02/04/2022
SEL-04057;Toko Seller Sukses 4056;Medan;17/04/2023
SEL-04058;Toko Seller Sukses 4057;Jakarta Selatan;27/10/2022
SEL-04059;Toko Seller Sukses 4058;Medan;12/05/2022
SEL-04060;Toko Seller Sukses 4059;Makassar;06/12/2022
SEL-04061;Toko Seller Sukses 4060;Sidoarjo;27/12/2022
SEL-04062;Toko Seller Sukses 4061;Yogyakarta;03/01/2022
SEL-04063;Toko Seller Sukses 4062;Bandung;16/01/2022
SEL-04064;Toko Seller Sukses 4063;Jakarta Selatan;21/11/2022
SEL-04065;Toko Seller Sukses 4064;Jakarta Pusat;05/01/2022
SEL-04066;Toko Seller Sukses 4065;Sidoarjo;06/04/2022
SEL-04067;Toko Seller Sukses 4066;Bandung;31/12/2021
SEL-04068;Toko Seller Sukses 4067;Sidoarjo;16/06/2021
SEL-04069;Toko Seller Sukses 4068;Cimahi;14/05/2021
SEL-04070;Toko Seller Sukses 4069;Jakarta Selatan;12/05/2021
SEL-04071;Toko Seller Sukses 4070;Medan;13/06/2021
SEL-04072;Toko Seller Sukses 4071;Jakarta Pusat;02/02/2023
SEL-04073;Toko Seller Sukses 4072;Yogyakarta;06/05/2021
SEL-04074;Toko Seller Sukses 4073;Surabaya;01/11/2021
SEL-04075;Toko Seller Sukses 4074;Medan;06/08/2022
SEL-04076;Toko Seller Sukses 4075;Cimahi;06/05/2023
SEL-04077;Toko Seller Sukses 4076;Makassar;04/08/2021
SEL-04078;Toko Seller Sukses 4077;Jakarta Selatan;19/05/2023
SEL-04079;Toko Seller Sukses 4078;Makassar;16/11/2021
SEL-04080;Toko Seller Sukses 4079;Medan;28/12/2021
SEL-04081;Toko Seller Sukses 4080;Yogyakarta;21/05/2021
SEL-04082;Toko Seller Sukses 4081;Makassar;07/09/2021
SEL-04083;Toko Seller Sukses 4082;Sidoarjo;12/04/2022
SEL-04084;Toko Seller Sukses 4083;Jakarta Selatan;04/04/2022
SEL-04085;Toko Seller Sukses 4084;Surabaya;26/10/2021
SEL-04086;Toko Seller Sukses 4085;Medan;20/03/2023
SEL-04087;Toko Seller Sukses 4086;Makassar;21/01/2023
SEL-04088;Toko Seller Sukses 4087;Yogyakarta;28/12/2021
SEL-04089;Toko Seller Sukses 4088;Surabaya;05/02/2023
SEL-04090;Toko Seller Sukses 4089;Surabaya;30/05/2022
SEL-04091;Toko Seller Sukses 4090;Jakarta Pusat;02/07/2023
SEL-04092;Toko Seller Sukses 4091;Jakarta Pusat;27/10/2022
SEL-04093;Toko Seller Sukses 4092;Jakarta Pusat;29/07/2021
SEL-04094;Toko Seller Sukses 4093;Surabaya;29/07/2021
SEL-04095;Toko Seller Sukses 4094;Jakarta Selatan;19/08/2021
SEL-04096;Toko Seller Sukses 4095;Surabaya;14/10/2022
SEL-04097;Toko Seller Sukses 4096;Medan;06/10/2021
SEL-04098;Toko Seller Sukses 4097;Yogyakarta;04/10/2021
SEL-04099;Toko Seller Sukses 4098;Surabaya;29/12/2022
SEL-04100;Toko Seller Sukses 4099;Sidoarjo;25/01/2023
SEL-04101;Toko Seller Sukses 4100;Medan;11/04/2023
SEL-04102;Toko Seller Sukses 4101;Makassar;24/09/2021
SEL-04103;Toko Seller Sukses 4102;Yogyakarta;09/11/2021
SEL-04104;Toko Seller Sukses 4103;Jakarta Selatan;17/01/2022
SEL-04105;Toko Seller Sukses 4104;Jakarta Selatan;30/03/2023
SEL-04106;Toko Seller Sukses 4105;Cimahi;27/06/2022
SEL-04107;Toko Seller Sukses 4106;Cimahi;22/04/2022
SEL-04108;Toko Seller Sukses 4107;Cimahi;22/12/2021
SEL-04109;Toko Seller Sukses 4108;Bandung;30/04/2022
SEL-04110;Toko Seller Sukses 4109;Jakarta Selatan;09/07/2021
SEL-04111;Toko Seller Sukses 4110;Bandung;04/11/2022
SEL-04112;Toko Seller Sukses 4111;Bandung;17/10/2021
SEL-04113;Toko Seller Sukses 4112;Bandung;04/05/2022
SEL-04114;Toko Seller Sukses 4113;Cimahi;31/05/2023
SEL-04115;Toko Seller Sukses 4114;Yogyakarta;01/07/2021
SEL-04116;Toko Seller Sukses 4115;Sidoarjo;20/01/2022
SEL-04117;Toko Seller Sukses 4116;Cimahi;25/04/2023
SEL-04118;Toko Seller Sukses 4117;Makassar;25/10/2021
SEL-04119;Toko Seller Sukses 4118;Bandung;29/07/2022
SEL-04120;Toko Seller Sukses 4119;Yogyakarta;06/07/2021
SEL-04121;Toko Seller Sukses 4120;Jakarta Selatan;04/08/2022
SEL-04122;Toko Seller Sukses 4121;Surabaya;08/12/2022
SEL-04123;Toko Seller Sukses 4122;Jakarta Pusat;02/10/2022
SEL-04124;Toko Seller Sukses 4123;Cimahi;02/02/2022
SEL-04125;Toko Seller Sukses 4124;Makassar;09/03/2023
SEL-04126;Toko Seller Sukses 4125;Cimahi;13/04/2023
SEL-04127;Toko Seller Sukses 4126;Sidoarjo;01/06/2023
SEL-04128;Toko Seller Sukses 4127;Jakarta Pusat;26/08/2022
SEL-04129;Toko Seller Sukses 4128;Sidoarjo;26/12/2022
SEL-04130;Toko Seller Sukses 4129;Makassar;02/05/2023
SEL-04131;Toko Seller Sukses 4130;Medan;02/10/2022
SEL-04132;Toko Seller Sukses 4131;Cimahi;02/08/2021
SEL-04133;Toko Seller Sukses 4132;Jakarta Pusat;22/09/2022
SEL-04134;Toko Seller Sukses 4133;Medan;02/12/2022
SEL-04135;Toko Seller Sukses 4134;Medan;06/10/2021
SEL-04136;Toko Seller Sukses 4135;Medan;02/04/2022
SEL-04137;Toko Seller Sukses 4136;Jakarta Selatan;03/11/2022
SEL-04138;Toko Seller Sukses 4137;Makassar;08/11/2022
SEL-04139;Toko Seller Sukses 4138;Surabaya;16/09/2021
SEL-04140;Toko Seller Sukses 4139;Yogyakarta;24/02/2023
SEL-04141;Toko Seller Sukses 4140;Jakarta Pusat;20/03/2022
SEL-04142;Toko Seller Sukses 4141;Surabaya;26/12/2021
SEL-04143;Toko Seller Sukses 4142;Jakarta Selatan;24/05/2021
SEL-04144;Toko Seller Sukses 4143;Bandung;23/07/2022
SEL-04145;Toko Seller Sukses 4144;Sidoarjo;29/01/2022
SEL-04146;Toko Seller Sukses 4145;Jakarta Pusat;22/03/2022
SEL-04147;Toko Seller Sukses 4146;Medan;04/02/2022
SEL-04148;Toko Seller Sukses 4147;Sidoarjo;26/03/2022
SEL-04149;Toko Seller Sukses 4148;Makassar;16/06/2021
SEL-04150;Toko Seller Sukses 4149;Sidoarjo;12/03/2023
SEL-04151;Toko Seller Sukses 4150;Cimahi;14/02/2022
SEL-04152;Toko Seller Sukses 4151;Cimahi;15/12/2022
SEL-04153;Toko Seller Sukses 4152;Jakarta Pusat;11/06/2022
SEL-04154;Toko Seller Sukses 4153;Bandung;19/12/2022
SEL-04155;Toko Seller Sukses 4154;Jakarta Pusat;23/08/2021
SEL-04156;Toko Seller Sukses 4155;Jakarta Pusat;25/04/2023
SEL-04157;Toko Seller Sukses 4156;Makassar;20/12/2022
SEL-04158;Toko Seller Sukses 4157;Sidoarjo;24/07/2021
SEL-04159;Toko Seller Sukses 4158;Jakarta Pusat;07/04/2023
SEL-04160;Toko Seller Sukses 4159;Jakarta Selatan;12/08/2022
SEL-04161;Toko Seller Sukses 4160;Bandung;07/10/2021
SEL-04162;Toko Seller Sukses 4161;Yogyakarta;15/09/2022
SEL-04163;Toko Seller Sukses 4162;Surabaya;23/05/2022
SEL-04164;Toko Seller Sukses 4163;Cimahi;13/03/2023
SEL-04165;Toko Seller Sukses 4164;Jakarta Selatan;15/08/2021
SEL-04166;Toko Seller Sukses 4165;Yogyakarta;31/12/2022
SEL-04167;Toko Seller Sukses 4166;Medan;24/12/2021
SEL-04168;Toko Seller Sukses 4167;Jakarta Pusat;09/09/2021
SEL-04169;Toko Seller Sukses 4168;Surabaya;03/08/2021
SEL-04170;Toko Seller Sukses 4169;Jakarta Pusat;24/06/2021
SEL-04171;Toko Seller Sukses 4170;Cimahi;08/06/2022
SEL-04172;Toko Seller Sukses 4171;Bandung;20/04/2023
SEL-04173;Toko Seller Sukses 4172;Yogyakarta;01/03/2022
SEL-04174;Toko Seller Sukses 4173;Makassar;26/11/2022
SEL-04175;Toko Seller Sukses 4174;Makassar;13/09/2022
SEL-04176;Toko Seller Sukses 4175;Jakarta Pusat;15/09/2021
SEL-04177;Toko Seller Sukses 4176;Yogyakarta;19/09/2021
SEL-04178;Toko Seller Sukses 4177;Bandung;21/02/2023
SEL-04179;Toko Seller Sukses 4178;Sidoarjo;17/02/2023
SEL-04180;Toko Seller Sukses 4179;Jakarta Pusat;02/10/2021
SEL-04181;Toko Seller Sukses 4180;Sidoarjo;31/07/2022
SEL-04182;Toko Seller Sukses 4181;Yogyakarta;29/10/2021
SEL-04183;Toko Seller Sukses 4182;Makassar;06/01/2023
SEL-04184;Toko Seller Sukses 4183;Medan;24/06/2022
SEL-04185;Toko Seller Sukses 4184;Medan;03/09/2022
SEL-04186;Toko Seller Sukses 4185;Bandung;08/07/2022
SEL-04187;Toko Seller Sukses 4186;Jakarta Selatan;11/04/2022
SEL-04188;Toko Seller Sukses 4187;Makassar;11/07/2022
SEL-04189;Toko Seller Sukses 4188;Jakarta Selatan;09/06/2023
SEL-04190;Toko Seller Sukses 4189;Yogyakarta;24/09/2022
SEL-04191;Toko Seller Sukses 4190;Jakarta Selatan;28/02/2023
SEL-04192;Toko Seller Sukses 4191;Sidoarjo;27/10/2021
SEL-04193;Toko Seller Sukses 4192;Surabaya;08/02/2023
SEL-04194;Toko Seller Sukses 4193;Surabaya;24/02/2023
SEL-04195;Toko Seller Sukses 4194;Jakarta Selatan;18/06/2022
SEL-04196;Toko Seller Sukses 4195;Jakarta Pusat;12/06/2022
SEL-04197;Toko Seller Sukses 4196;Medan;29/09/2022
SEL-04198;Toko Seller Sukses 4197;Sidoarjo;03/05/2021
SEL-04199;Toko Seller Sukses 4198;Yogyakarta;17/11/2022
SEL-04200;Toko Seller Sukses 4199;Yogyakarta;14/01/2023
SEL-04201;Toko Seller Sukses 4200;Jakarta Selatan;23/10/2022
SEL-04202;Toko Seller Sukses 4201;Medan;18/12/2021
SEL-04203;Toko Seller Sukses 4202;Medan;26/07/2021
SEL-04204;Toko Seller Sukses 4203;Bandung;12/11/2022
SEL-04205;Toko Seller Sukses 4204;Yogyakarta;18/05/2022
SEL-04206;Toko Seller Sukses 4205;Jakarta Selatan;14/06/2023
SEL-04207;Toko Seller Sukses 4206;Makassar;05/01/2023
SEL-04208;Toko Seller Sukses 4207;Sidoarjo;04/06/2023
SEL-04209;Toko Seller Sukses 4208;Cimahi;24/04/2023
SEL-04210;Toko Seller Sukses 4209;Makassar;03/10/2021
SEL-04211;Toko Seller Sukses 4210;Cimahi;01/07/2022
SEL-04212;Toko Seller Sukses 4211;Bandung;10/11/2021
SEL-04213;Toko Seller Sukses 4212;Yogyakarta;17/02/2023
SEL-04214;Toko Seller Sukses 4213;Cimahi;16/04/2023
SEL-04215;Toko Seller Sukses 4214;Bandung;18/01/2023
SEL-04216;Toko Seller Sukses 4215;Jakarta Selatan;21/04/2022
SEL-04217;Toko Seller Sukses 4216;Yogyakarta;15/12/2021
SEL-04218;Toko Seller Sukses 4217;Cimahi;01/09/2022
SEL-04219;Toko Seller Sukses 4218;Medan;04/01/2022
SEL-04220;Toko Seller Sukses 4219;Cimahi;16/11/2021
SEL-04221;Toko Seller Sukses 4220;Jakarta Selatan;20/04/2022
SEL-04222;Toko Seller Sukses 4221;Medan;13/05/2023
SEL-04223;Toko Seller Sukses 4222;Jakarta Selatan;01/07/2021
SEL-04224;Toko Seller Sukses 4223;Bandung;27/10/2021
SEL-04225;Toko Seller Sukses 4224;Makassar;06/05/2021
SEL-04226;Toko Seller Sukses 4225;Cimahi;05/08/2021
SEL-04227;Toko Seller Sukses 4226;Makassar;15/09/2022
SEL-04228;Toko Seller Sukses 4227;Cimahi;02/06/2022
SEL-04229;Toko Seller Sukses 4228;Makassar;18/04/2022
SEL-04230;Toko Seller Sukses 4229;Medan;21/02/2022
SEL-04231;Toko Seller Sukses 4230;Bandung;03/12/2021
SEL-04232;Toko Seller Sukses 4231;Makassar;30/04/2023
SEL-04233;Toko Seller Sukses 4232;Surabaya;05/08/2021
SEL-04234;Toko Seller Sukses 4233;Medan;16/04/2023
SEL-04235;Toko Seller Sukses 4234;Sidoarjo;19/01/2023
SEL-04236;Toko Seller Sukses 4235;Surabaya;10/10/2021
SEL-04237;Toko Seller Sukses 4236;Jakarta Selatan;03/01/2022
SEL-04238;Toko Seller Sukses 4237;Jakarta Selatan;26/05/2021
SEL-04239;Toko Seller Sukses 4238;Bandung;14/04/2023
SEL-04240;Toko Seller Sukses 4239;Yogyakarta;19/05/2022
SEL-04241;Toko Seller Sukses 4240;Cimahi;16/02/2022
SEL-04242;Toko Seller Sukses 4241;Makassar;14/04/2022
SEL-04243;Toko Seller Sukses 4242;Jakarta Pusat;11/03/2022
SEL-04244;Toko Seller Sukses 4243;Surabaya;01/04/2023
SEL-04245;Toko Seller Sukses 4244;Sidoarjo;24/01/2023
SEL-04246;Toko Seller Sukses 4245;Surabaya;05/06/2023
SEL-04247;Toko Seller Sukses 4246;Makassar;30/01/2022
SEL-04248;Toko Seller Sukses 4247;Jakarta Pusat;20/12/2022
SEL-04249;Toko Seller Sukses 4248;Sidoarjo;07/06/2023
SEL-04250;Toko Seller Sukses 4249;Cimahi;01/05/2022
SEL-04251;Toko Seller Sukses 4250;Sidoarjo;25/04/2023
SEL-04252;Toko Seller Sukses 4251;Bandung;21/06/2021
SEL-04253;Toko Seller Sukses 4252;Jakarta Pusat;05/04/2022
SEL-04254;Toko Seller Sukses 4253;Jakarta Pusat;25/02/2023
SEL-04255;Toko Seller Sukses 4254;Makassar;18/06/2022
SEL-04256;Toko Seller Sukses 4255;Cimahi;13/10/2021
SEL-04257;Toko Seller Sukses 4256;Surabaya;14/06/2023
SEL-04258;Toko Seller Sukses 4257;Cimahi;09/05/2022
SEL-04259;Toko Seller Sukses 4258;Cimahi;06/06/2022
SEL-04260;Toko Seller Sukses 4259;Yogyakarta;08/12/2021
SEL-04261;Toko Seller Sukses 4260;Jakarta Selatan;25/05/2022
SEL-04262;Toko Seller Sukses 4261;Surabaya;07/02/2022
SEL-04263;Toko Seller Sukses 4262;Medan;07/06/2022
SEL-04264;Toko Seller Sukses 4263;Cimahi;07/06/2023
SEL-04265;Toko Seller Sukses 4264;Jakarta Selatan;09/05/2022
SEL-04266;Toko Seller Sukses 4265;Yogyakarta;25/06/2023
SEL-04267;Toko Seller Sukses 4266;Surabaya;05/07/2023
SEL-04268;Toko Seller Sukses 4267;Jakarta Pusat;16/06/2021
SEL-04269;Toko Seller Sukses 4268;Sidoarjo;19/10/2021
SEL-04270;Toko Seller Sukses 4269;Medan;03/06/2021
SEL-04271;Toko Seller Sukses 4270;Jakarta Selatan;13/05/2023
SEL-04272;Toko Seller Sukses 4271;Surabaya;15/03/2022
SEL-04273;Toko Seller Sukses 4272;Sidoarjo;17/05/2022
SEL-04274;Toko Seller Sukses 4273;Yogyakarta;22/05/2021
SEL-04275;Toko Seller Sukses 4274;Makassar;30/01/2023
SEL-04276;Toko Seller Sukses 4275;Bandung;07/04/2022
SEL-04277;Toko Seller Sukses 4276;Bandung;28/02/2022
SEL-04278;Toko Seller Sukses 4277;Cimahi;16/10/2022
SEL-04279;Toko Seller Sukses 4278;Medan;30/08/2022
SEL-04280;Toko Seller Sukses 4279;Medan;07/07/2021
SEL-04281;Toko Seller Sukses 4280;Bandung;18/07/2021
SEL-04282;Toko Seller Sukses 4281;Yogyakarta;30/08/2021
SEL-04283;Toko Seller Sukses 4282;Jakarta Pusat;26/09/2021
SEL-04284;Toko Seller Sukses 4283;Sidoarjo;17/06/2023
SEL-04285;Toko Seller Sukses 4284;Makassar;14/03/2022
SEL-04286;Toko Seller Sukses 4285;Makassar;06/12/2021
SEL-04287;Toko Seller Sukses 4286;Medan;09/01/2023
SEL-04288;Toko Seller Sukses 4287;Jakarta Selatan;23/09/2021
SEL-04289;Toko Seller Sukses 4288;Cimahi;08/04/2023
SEL-04290;Toko Seller Sukses 4289;Surabaya;22/11/2021
SEL-04291;Toko Seller Sukses 4290;Medan;17/04/2023
SEL-04292;Toko Seller Sukses 4291;Sidoarjo;08/10/2022
SEL-04293;Toko Seller Sukses 4292;Medan;23/06/2021
SEL-04294;Toko Seller Sukses 4293;Surabaya;15/06/2022
SEL-04295;Toko Seller Sukses 4294;Yogyakarta;13/03/2022
SEL-04296;Toko Seller Sukses 4295;Cimahi;27/06/2022
SEL-04297;Toko Seller Sukses 4296;Sidoarjo;22/01/2023
SEL-04298;Toko Seller Sukses 4297;Makassar;04/04/2023
SEL-04299;Toko Seller Sukses 4298;Bandung;17/02/2023
SEL-04300;Toko Seller Sukses 4299;Jakarta Selatan;14/07/2021
SEL-04301;Toko Seller Sukses 4300;Medan;03/03/2023
SEL-04302;Toko Seller Sukses 4301;Jakarta Pusat;14/05/2022
SEL-04303;Toko Seller Sukses 4302;Yogyakarta;04/09/2021
SEL-04304;Toko Seller Sukses 4303;Sidoarjo;14/11/2021
SEL-04305;Toko Seller Sukses 4304;Yogyakarta;25/10/2021
SEL-04306;Toko Seller Sukses 4305;Medan;11/10/2021
SEL-04307;Toko Seller Sukses 4306;Cimahi;26/11/2021
SEL-04308;Toko Seller Sukses 4307;Jakarta Pusat;24/08/2022
SEL-04309;Toko Seller Sukses 4308;Bandung;08/12/2021
SEL-04310;Toko Seller Sukses 4309;Jakarta Selatan;04/03/2022
SEL-04311;Toko Seller Sukses 4310;Surabaya;20/04/2022
SEL-04312;Toko Seller Sukses 4311;Surabaya;18/11/2022
SEL-04313;Toko Seller Sukses 4312;Medan;19/09/2022
SEL-04314;Toko Seller Sukses 4313;Surabaya;28/05/2021
SEL-04315;Toko Seller Sukses 4314;Yogyakarta;04/01/2022
SEL-04316;Toko Seller Sukses 4315;Jakarta Pusat;04/09/2021
SEL-04317;Toko Seller Sukses 4316;Yogyakarta;28/07/2022
SEL-04318;Toko Seller Sukses 4317;Jakarta Selatan;31/07/2021
SEL-04319;Toko Seller Sukses 4318;Bandung;08/07/2022
SEL-04320;Toko Seller Sukses 4319;Makassar;14/04/2023
SEL-04321;Toko Seller Sukses 4320;Bandung;21/06/2022
SEL-04322;Toko Seller Sukses 4321;Sidoarjo;11/02/2023
SEL-04323;Toko Seller Sukses 4322;Jakarta Selatan;18/07/2022
SEL-04324;Toko Seller Sukses 4323;Bandung;24/04/2023
SEL-04325;Toko Seller Sukses 4324;Medan;09/07/2023
SEL-04326;Toko Seller Sukses 4325;Bandung;10/07/2021
SEL-04327;Toko Seller Sukses 4326;Yogyakarta;30/06/2022
SEL-04328;Toko Seller Sukses 4327;Jakarta Pusat;26/06/2022
SEL-04329;Toko Seller Sukses 4328;Yogyakarta;07/07/2021
SEL-04330;Toko Seller Sukses 4329;Cimahi;30/09/2021
SEL-04331;Toko Seller Sukses 4330;Bandung;11/01/2023
SEL-04332;Toko Seller Sukses 4331;Yogyakarta;22/01/2023
SEL-04333;Toko Seller Sukses 4332;Jakarta Selatan;08/05/2023
SEL-04334;Toko Seller Sukses 4333;Sidoarjo;13/09/2022
SEL-04335;Toko Seller Sukses 4334;Jakarta Selatan;06/08/2022
SEL-04336;Toko Seller Sukses 4335;Jakarta Pusat;04/05/2021
SEL-04337;Toko Seller Sukses 4336;Surabaya;28/10/2021
SEL-04338;Toko Seller Sukses 4337;Surabaya;24/02/2022
SEL-04339;Toko Seller Sukses 4338;Medan;19/01/2022
SEL-04340;Toko Seller Sukses 4339;Surabaya;10/12/2022
SEL-04341;Toko Seller Sukses 4340;Surabaya;19/07/2021
SEL-04342;Toko Seller Sukses 4341;Yogyakarta;27/03/2023
SEL-04343;Toko Seller Sukses 4342;Surabaya;27/02/2023
SEL-04344;Toko Seller Sukses 4343;Jakarta Pusat;26/05/2021
SEL-04345;Toko Seller Sukses 4344;Makassar;03/11/2022
SEL-04346;Toko Seller Sukses 4345;Jakarta Selatan;19/08/2021
SEL-04347;Toko Seller Sukses 4346;Jakarta Pusat;21/02/2023
SEL-04348;Toko Seller Sukses 4347;Sidoarjo;27/05/2021
SEL-04349;Toko Seller Sukses 4348;Cimahi;07/02/2023
SEL-04350;Toko Seller Sukses 4349;Makassar;11/09/2021
SEL-04351;Toko Seller Sukses 4350;Jakarta Pusat;12/07/2022
SEL-04352;Toko Seller Sukses 4351;Jakarta Selatan;06/11/2021
SEL-04353;Toko Seller Sukses 4352;Surabaya;22/06/2021
SEL-04354;Toko Seller Sukses 4353;Yogyakarta;14/09/2022
SEL-04355;Toko Seller Sukses 4354;Jakarta Selatan;21/02/2022
SEL-04356;Toko Seller Sukses 4355;Medan;16/06/2021
SEL-04357;Toko Seller Sukses 4356;Sidoarjo;02/03/2022
SEL-04358;Toko Seller Sukses 4357;Cimahi;20/10/2021
SEL-04359;Toko Seller Sukses 4358;Sidoarjo;24/08/2022
SEL-04360;Toko Seller Sukses 4359;Cimahi;04/10/2022
SEL-04361;Toko Seller Sukses 4360;Medan;11/05/2022
SEL-04362;Toko Seller Sukses 4361;Surabaya;07/01/2023
SEL-04363;Toko Seller Sukses 4362;Jakarta Pusat;22/04/2022
SEL-04364;Toko Seller Sukses 4363;Makassar;25/03/2023
SEL-04365;Toko Seller Sukses 4364;Sidoarjo;27/01/2022
SEL-04366;Toko Seller Sukses 4365;Yogyakarta;23/07/2022
SEL-04367;Toko Seller Sukses 4366;Makassar;06/06/2022
SEL-04368;Toko Seller Sukses 4367;Jakarta Selatan;07/05/2021
SEL-04369;Toko Seller Sukses 4368;Jakarta Pusat;20/01/2023
SEL-04370;Toko Seller Sukses 4369;Cimahi;13/11/2022
SEL-04371;Toko Seller Sukses 4370;Jakarta Pusat;04/05/2021
SEL-04372;Toko Seller Sukses 4371;Bandung;27/11/2022
SEL-04373;Toko Seller Sukses 4372;Yogyakarta;02/05/2023
SEL-04374;Toko Seller Sukses 4373;Medan;15/10/2021
SEL-04375;Toko Seller Sukses 4374;Makassar;11/02/2022
SEL-04376;Toko Seller Sukses 4375;Jakarta Pusat;19/09/2022
SEL-04377;Toko Seller Sukses 4376;Cimahi;15/09/2022
SEL-04378;Toko Seller Sukses 4377;Sidoarjo;18/08/2022
SEL-04379;Toko Seller Sukses 4378;Sidoarjo;24/07/2021
SEL-04380;Toko Seller Sukses 4379;Medan;03/05/2022
SEL-04381;Toko Seller Sukses 4380;Medan;25/12/2021
SEL-04382;Toko Seller Sukses 4381;Makassar;09/03/2022
SEL-04383;Toko Seller Sukses 4382;Makassar;05/06/2021
SEL-04384;Toko Seller Sukses 4383;Sidoarjo;04/06/2022
SEL-04385;Toko Seller Sukses 4384;Bandung;28/12/2022
SEL-04386;Toko Seller Sukses 4385;Makassar;13/03/2023
SEL-04387;Toko Seller Sukses 4386;Medan;22/06/2021
SEL-04388;Toko Seller Sukses 4387;Medan;25/10/2022
SEL-04389;Toko Seller Sukses 4388;Jakarta Selatan;08/04/2023
SEL-04390;Toko Seller Sukses 4389;Makassar;02/09/2022
SEL-04391;Toko Seller Sukses 4390;Jakarta Pusat;09/02/2022
SEL-04392;Toko Seller Sukses 4391;Jakarta Selatan;07/07/2023
SEL-04393;Toko Seller Sukses 4392;Jakarta Selatan;13/04/2022
SEL-04394;Toko Seller Sukses 4393;Surabaya;19/12/2021
SEL-04395;Toko Seller Sukses 4394;Yogyakarta;18/01/2022
SEL-04396;Toko Seller Sukses 4395;Jakarta Selatan;25/04/2022
SEL-04397;Toko Seller Sukses 4396;Makassar;13/12/2022
SEL-04398;Toko Seller Sukses 4397;Bandung;15/04/2023
SEL-04399;Toko Seller Sukses 4398;Cimahi;23/05/2022
SEL-04400;Toko Seller Sukses 4399;Bandung;05/03/2023
SEL-04401;Toko Seller Sukses 4400;Cimahi;30/04/2022
SEL-04402;Toko Seller Sukses 4401;Medan;21/09/2021
SEL-04403;Toko Seller Sukses 4402;Bandung;06/06/2021
SEL-04404;Toko Seller Sukses 4403;Jakarta Selatan;13/04/2023
SEL-04405;Toko Seller Sukses 4404;Jakarta Pusat;14/06/2023
SEL-04406;Toko Seller Sukses 4405;Jakarta Pusat;15/09/2021
SEL-04407;Toko Seller Sukses 4406;Makassar;22/04/2022
SEL-04408;Toko Seller Sukses 4407;Makassar;03/11/2021
SEL-04409;Toko Seller Sukses 4408;Yogyakarta;24/09/2022
SEL-04410;Toko Seller Sukses 4409;Yogyakarta;06/04/2022
SEL-04411;Toko Seller Sukses 4410;Jakarta Pusat;29/09/2022
SEL-04412;Toko Seller Sukses 4411;Yogyakarta;11/02/2023
SEL-04413;Toko Seller Sukses 4412;Yogyakarta;18/05/2023
SEL-04414;Toko Seller Sukses 4413;Yogyakarta;25/08/2021
SEL-04415;Toko Seller Sukses 4414;Cimahi;07/02/2023
SEL-04416;Toko Seller Sukses 4415;Bandung;20/01/2022
SEL-04417;Toko Seller Sukses 4416;Bandung;15/05/2022
SEL-04418;Toko Seller Sukses 4417;Bandung;09/08/2022
SEL-04419;Toko Seller Sukses 4418;Makassar;03/03/2022
SEL-04420;Toko Seller Sukses 4419;Sidoarjo;16/06/2023
SEL-04421;Toko Seller Sukses 4420;Bandung;25/03/2023
SEL-04422;Toko Seller Sukses 4421;Bandung;03/02/2022
SEL-04423;Toko Seller Sukses 4422;Jakarta Pusat;15/01/2023
SEL-04424;Toko Seller Sukses 4423;Sidoarjo;23/01/2022
SEL-04425;Toko Seller Sukses 4424;Jakarta Selatan;12/04/2022
SEL-04426;Toko Seller Sukses 4425;Jakarta Selatan;20/10/2021
SEL-04427;Toko Seller Sukses 4426;Sidoarjo;29/08/2022
SEL-04428;Toko Seller Sukses 4427;Bandung;06/07/2023
SEL-04429;Toko Seller Sukses 4428;Cimahi;28/03/2022
SEL-04430;Toko Seller Sukses 4429;Bandung;09/12/2022
SEL-04431;Toko Seller Sukses 4430;Medan;20/04/2023
SEL-04432;Toko Seller Sukses 4431;Bandung;11/06/2022
SEL-04433;Toko Seller Sukses 4432;Surabaya;19/09/2021
SEL-04434;Toko Seller Sukses 4433;Makassar;29/10/2022
SEL-04435;Toko Seller Sukses 4434;Jakarta Pusat;03/09/2022
SEL-04436;Toko Seller Sukses 4435;Medan;16/11/2021
SEL-04437;Toko Seller Sukses 4436;Medan;31/03/2023
SEL-04438;Toko Seller Sukses 4437;Makassar;13/03/2023
SEL-04439;Toko Seller Sukses 4438;Cimahi;28/06/2022
SEL-04440;Toko Seller Sukses 4439;Jakarta Pusat;11/03/2023
SEL-04441;Toko Seller Sukses 4440;Surabaya;07/07/2023
SEL-04442;Toko Seller Sukses 4441;Sidoarjo;29/06/2022
SEL-04443;Toko Seller Sukses 4442;Sidoarjo;01/07/2022
SEL-04444;Toko Seller Sukses 4443;Medan;12/05/2022
SEL-04445;Toko Seller Sukses 4444;Jakarta Selatan;07/08/2022
SEL-04446;Toko Seller Sukses 4445;Jakarta Pusat;11/01/2022
SEL-04447;Toko Seller Sukses 4446;Yogyakarta;22/04/2023
SEL-04448;Toko Seller Sukses 4447;Surabaya;29/03/2023
SEL-04449;Toko Seller Sukses 4448;Yogyakarta;14/02/2022
SEL-04450;Toko Seller Sukses 4449;Yogyakarta;01/11/2022
SEL-04451;Toko Seller Sukses 4450;Sidoarjo;14/08/2022
SEL-04452;Toko Seller Sukses 4451;Cimahi;31/01/2023
SEL-04453;Toko Seller Sukses 4452;Sidoarjo;24/02/2022
SEL-04454;Toko Seller Sukses 4453;Jakarta Pusat;08/12/2021
SEL-04455;Toko Seller Sukses 4454;Jakarta Selatan;31/07/2021
SEL-04456;Toko Seller Sukses 4455;Bandung;26/10/2022
SEL-04457;Toko Seller Sukses 4456;Jakarta Pusat;15/10/2022
SEL-04458;Toko Seller Sukses 4457;Jakarta Selatan;25/09/2021
SEL-04459;Toko Seller Sukses 4458;Medan;13/11/2022
SEL-04460;Toko Seller Sukses 4459;Cimahi;28/10/2021
SEL-04461;Toko Seller Sukses 4460;Jakarta Pusat;30/06/2022
SEL-04462;Toko Seller Sukses 4461;Surabaya;17/05/2021
SEL-04463;Toko Seller Sukses 4462;Makassar;16/06/2021
SEL-04464;Toko Seller Sukses 4463;Sidoarjo;10/06/2022
SEL-04465;Toko Seller Sukses 4464;Makassar;15/11/2021
SEL-04466;Toko Seller Sukses 4465;Makassar;04/04/2022
SEL-04467;Toko Seller Sukses 4466;Surabaya;25/09/2022
SEL-04468;Toko Seller Sukses 4467;Surabaya;28/02/2023
SEL-04469;Toko Seller Sukses 4468;Medan;18/10/2021
SEL-04470;Toko Seller Sukses 4469;Surabaya;27/10/2022
SEL-04471;Toko Seller Sukses 4470;Cimahi;05/06/2021
SEL-04472;Toko Seller Sukses 4471;Surabaya;21/06/2021
SEL-04473;Toko Seller Sukses 4472;Makassar;03/07/2023
SEL-04474;Toko Seller Sukses 4473;Jakarta Pusat;06/07/2022
SEL-04475;Toko Seller Sukses 4474;Makassar;08/11/2021
SEL-04476;Toko Seller Sukses 4475;Surabaya;23/01/2022
SEL-04477;Toko Seller Sukses 4476;Cimahi;03/05/2023
SEL-04478;Toko Seller Sukses 4477;Yogyakarta;28/05/2023
SEL-04479;Toko Seller Sukses 4478;Medan;09/02/2023
SEL-04480;Toko Seller Sukses 4479;Jakarta Pusat;23/03/2022
SEL-04481;Toko Seller Sukses 4480;Cimahi;19/09/2021
SEL-04482;Toko Seller Sukses 4481;Cimahi;03/02/2023
SEL-04483;Toko Seller Sukses 4482;Sidoarjo;03/02/2022
SEL-04484;Toko Seller Sukses 4483;Jakarta Selatan;20/03/2022
SEL-04485;Toko Seller Sukses 4484;Surabaya;12/08/2022
SEL-04486;Toko Seller Sukses 4485;Jakarta Selatan;07/11/2021
SEL-04487;Toko Seller Sukses 4486;Medan;18/07/2022
SEL-04488;Toko Seller Sukses 4487;Jakarta Pusat;28/07/2021
SEL-04489;Toko Seller Sukses 4488;Makassar;26/05/2022
SEL-04490;Toko Seller Sukses 4489;Jakarta Pusat;27/01/2023
SEL-04491;Toko Seller Sukses 4490;Makassar;20/01/2023
SEL-04492;Toko Seller Sukses 4491;Jakarta Selatan;17/09/2022
SEL-04493;Toko Seller Sukses 4492;Medan;14/03/2022
SEL-04494;Toko Seller Sukses 4493;Cimahi;28/12/2022
SEL-04495;Toko Seller Sukses 4494;Sidoarjo;16/11/2022
SEL-04496;Toko Seller Sukses 4495;Bandung;15/08/2022
SEL-04497;Toko Seller Sukses 4496;Sidoarjo;30/07/2022
SEL-04498;Toko Seller Sukses 4497;Jakarta Selatan;04/04/2023
SEL-04499;Toko Seller Sukses 4498;Bandung;24/05/2021
SEL-04500;Toko Seller Sukses 4499;Yogyakarta;29/11/2022
SEL-04501;Toko Seller Sukses 4500;Medan;30/05/2023
SEL-04502;Toko Seller Sukses 4501;Jakarta Pusat;19/04/2022
SEL-04503;Toko Seller Sukses 4502;Makassar;05/08/2021
SEL-04504;Toko Seller Sukses 4503;Cimahi;08/04/2023
SEL-04505;Toko Seller Sukses 4504;Cimahi;21/11/2021
SEL-04506;Toko Seller Sukses 4505;Medan;31/05/2022
SEL-04507;Toko Seller Sukses 4506;Yogyakarta;09/11/2022
SEL-04508;Toko Seller Sukses 4507;Cimahi;13/11/2021
SEL-04509;Toko Seller Sukses 4508;Jakarta Pusat;09/09/2021
SEL-04510;Toko Seller Sukses 4509;Bandung;02/03/2023
SEL-04511;Toko Seller Sukses 4510;Cimahi;19/02/2022
SEL-04512;Toko Seller Sukses 4511;Surabaya;26/06/2022
SEL-04513;Toko Seller Sukses 4512;Makassar;17/08/2021
SEL-04514;Toko Seller Sukses 4513;Medan;25/05/2022
SEL-04515;Toko Seller Sukses 4514;Bandung;04/04/2023
SEL-04516;Toko Seller Sukses 4515;Jakarta Pusat;06/06/2022
SEL-04517;Toko Seller Sukses 4516;Surabaya;31/03/2022
SEL-04518;Toko Seller Sukses 4517;Bandung;03/09/2021
SEL-04519;Toko Seller Sukses 4518;Cimahi;21/02/2023
SEL-04520;Toko Seller Sukses 4519;Makassar;02/07/2022
SEL-04521;Toko Seller Sukses 4520;Jakarta Selatan;29/06/2021
SEL-04522;Toko Seller Sukses 4521;Bandung;08/08/2022
SEL-04523;Toko Seller Sukses 4522;Sidoarjo;19/05/2023
SEL-04524;Toko Seller Sukses 4523;Medan;13/12/2021
SEL-04525;Toko Seller Sukses 4524;Jakarta Pusat;24/12/2022
SEL-04526;Toko Seller Sukses 4525;Bandung;20/03/2023
SEL-04527;Toko Seller Sukses 4526;Cimahi;16/08/2021
SEL-04528;Toko Seller Sukses 4527;Jakarta Selatan;07/04/2022
SEL-04529;Toko Seller Sukses 4528;Sidoarjo;18/07/2021
SEL-04530;Toko Seller Sukses 4529;Yogyakarta;15/08/2021
SEL-04531;Toko Seller Sukses 4530;Yogyakarta;18/01/2022
SEL-04532;Toko Seller Sukses 4531;Bandung;20/03/2022
SEL-04533;Toko Seller Sukses 4532;Surabaya;23/08/2022
SEL-04534;Toko Seller Sukses 4533;Cimahi;30/04/2023
SEL-04535;Toko Seller Sukses 4534;Makassar;02/11/2022
SEL-04536;Toko Seller Sukses 4535;Yogyakarta;07/06/2022
SEL-04537;Toko Seller Sukses 4536;Jakarta Pusat;19/05/2022
SEL-04538;Toko Seller Sukses 4537;Jakarta Selatan;29/11/2022
SEL-04539;Toko Seller Sukses 4538;Yogyakarta;28/02/2023
SEL-04540;Toko Seller Sukses 4539;Yogyakarta;17/03/2023
SEL-04541;Toko Seller Sukses 4540;Jakarta Selatan;27/06/2021
SEL-04542;Toko Seller Sukses 4541;Sidoarjo;18/12/2021
SEL-04543;Toko Seller Sukses 4542;Cimahi;19/08/2022
SEL-04544;Toko Seller Sukses 4543;Bandung;19/08/2022
SEL-04545;Toko Seller Sukses 4544;Cimahi;26/05/2023
SEL-04546;Toko Seller Sukses 4545;Yogyakarta;03/10/2021
SEL-04547;Toko Seller Sukses 4546;Bandung;31/10/2021
SEL-04548;Toko Seller Sukses 4547;Yogyakarta;25/07/2021
SEL-04549;Toko Seller Sukses 4548;Sidoarjo;22/06/2021
SEL-04550;Toko Seller Sukses 4549;Surabaya;23/05/2021
SEL-04551;Toko Seller Sukses 4550;Yogyakarta;23/06/2021
SEL-04552;Toko Seller Sukses 4551;Jakarta Pusat;02/04/2022
SEL-04553;Toko Seller Sukses 4552;Cimahi;28/03/2023
SEL-04554;Toko Seller Sukses 4553;Jakarta Pusat;30/11/2021
SEL-04555;Toko Seller Sukses 4554;Medan;16/06/2022
SEL-04556;Toko Seller Sukses 4555;Bandung;04/02/2023
SEL-04557;Toko Seller Sukses 4556;Jakarta Selatan;22/07/2021
SEL-04558;Toko Seller Sukses 4557;Sidoarjo;11/07/2021
SEL-04559;Toko Seller Sukses 4558;Yogyakarta;21/06/2023
SEL-04560;Toko Seller Sukses 4559;Cimahi;16/06/2022
SEL-04561;Toko Seller Sukses 4560;Medan;21/06/2021
SEL-04562;Toko Seller Sukses 4561;Jakarta Pusat;09/09/2021
SEL-04563;Toko Seller Sukses 4562;Jakarta Selatan;29/11/2022
SEL-04564;Toko Seller Sukses 4563;Medan;23/08/2021
SEL-04565;Toko Seller Sukses 4564;Sidoarjo;14/01/2022
SEL-04566;Toko Seller Sukses 4565;Jakarta Pusat;12/05/2022
SEL-04567;Toko Seller Sukses 4566;Yogyakarta;11/12/2022
SEL-04568;Toko Seller Sukses 4567;Makassar;26/05/2022
SEL-04569;Toko Seller Sukses 4568;Sidoarjo;14/02/2022
SEL-04570;Toko Seller Sukses 4569;Sidoarjo;21/07/2022
SEL-04571;Toko Seller Sukses 4570;Jakarta Selatan;19/08/2022
SEL-04572;Toko Seller Sukses 4571;Cimahi;16/04/2022
SEL-04573;Toko Seller Sukses 4572;Cimahi;29/04/2023
SEL-04574;Toko Seller Sukses 4573;Makassar;23/02/2023
SEL-04575;Toko Seller Sukses 4574;Surabaya;08/07/2021
SEL-04576;Toko Seller Sukses 4575;Jakarta Selatan;31/08/2022
SEL-04577;Toko Seller Sukses 4576;Yogyakarta;22/11/2021
SEL-04578;Toko Seller Sukses 4577;Jakarta Selatan;11/10/2021
SEL-04579;Toko Seller Sukses 4578;Surabaya;30/03/2022
SEL-04580;Toko Seller Sukses 4579;Makassar;31/08/2022
SEL-04581;Toko Seller Sukses 4580;Surabaya;15/06/2023
SEL-04582;Toko Seller Sukses 4581;Jakarta Selatan;19/06/2022
SEL-04583;Toko Seller Sukses 4582;Makassar;22/01/2023
SEL-04584;Toko Seller Sukses 4583;Bandung;23/08/2021
SEL-04585;Toko Seller Sukses 4584;Surabaya;02/07/2021
SEL-04586;Toko Seller Sukses 4585;Jakarta Pusat;05/01/2023
SEL-04587;Toko Seller Sukses 4586;Medan;30/10/2022
SEL-04588;Toko Seller Sukses 4587;Sidoarjo;23/03/2023
SEL-04589;Toko Seller Sukses 4588;Jakarta Selatan;17/06/2021
SEL-04590;Toko Seller Sukses 4589;Jakarta Pusat;13/05/2023
SEL-04591;Toko Seller Sukses 4590;Jakarta Pusat;11/08/2022
SEL-04592;Toko Seller Sukses 4591;Surabaya;14/10/2022
SEL-04593;Toko Seller Sukses 4592;Sidoarjo;26/06/2021
SEL-04594;Toko Seller Sukses 4593;Makassar;03/12/2022
SEL-04595;Toko Seller Sukses 4594;Makassar;30/06/2022
SEL-04596;Toko Seller Sukses 4595;Cimahi;13/11/2022
SEL-04597;Toko Seller Sukses 4596;Bandung;24/01/2023
SEL-04598;Toko Seller Sukses 4597;Cimahi;13/05/2023
SEL-04599;Toko Seller Sukses 4598;Jakarta Selatan;26/05/2022
SEL-04600;Toko Seller Sukses 4599;Cimahi;15/02/2023
SEL-04601;Toko Seller Sukses 4600;Medan;10/02/2023
SEL-04602;Toko Seller Sukses 4601;Jakarta Pusat;08/05/2022
SEL-04603;Toko Seller Sukses 4602;Bandung;20/11/2021
SEL-04604;Toko Seller Sukses 4603;Makassar;13/04/2022
SEL-04605;Toko Seller Sukses 4604;Makassar;02/02/2023
SEL-04606;Toko Seller Sukses 4605;Jakarta Pusat;18/12/2021
SEL-04607;Toko Seller Sukses 4606;Cimahi;09/06/2021
SEL-04608;Toko Seller Sukses 4607;Cimahi;26/08/2021
SEL-04609;Toko Seller Sukses 4608;Bandung;25/02/2023
SEL-04610;Toko Seller Sukses 4609;Medan;22/06/2023
SEL-04611;Toko Seller Sukses 4610;Surabaya;06/03/2023
SEL-04612;Toko Seller Sukses 4611;Surabaya;05/05/2022
SEL-04613;Toko Seller Sukses 4612;Makassar;04/07/2022
SEL-04614;Toko Seller Sukses 4613;Sidoarjo;08/11/2022
SEL-04615;Toko Seller Sukses 4614;Jakarta Pusat;17/12/2021
SEL-04616;Toko Seller Sukses 4615;Jakarta Pusat;18/06/2023
SEL-04617;Toko Seller Sukses 4616;Sidoarjo;03/06/2022
SEL-04618;Toko Seller Sukses 4617;Yogyakarta;25/07/2022
SEL-04619;Toko Seller Sukses 4618;Jakarta Selatan;02/09/2022
SEL-04620;Toko Seller Sukses 4619;Sidoarjo;03/07/2021
SEL-04621;Toko Seller Sukses 4620;Medan;05/07/2023
SEL-04622;Toko Seller Sukses 4621;Jakarta Pusat;27/01/2023
SEL-04623;Toko Seller Sukses 4622;Jakarta Selatan;15/12/2021
SEL-04624;Toko Seller Sukses 4623;Bandung;26/08/2021
SEL-04625;Toko Seller Sukses 4624;Surabaya;09/12/2021
SEL-04626;Toko Seller Sukses 4625;Cimahi;15/03/2022
SEL-04627;Toko Seller Sukses 4626;Jakarta Selatan;08/11/2022
SEL-04628;Toko Seller Sukses 4627;Surabaya;15/06/2023
SEL-04629;Toko Seller Sukses 4628;Cimahi;07/09/2022
SEL-04630;Toko Seller Sukses 4629;Bandung;23/10/2022
SEL-04631;Toko Seller Sukses 4630;Jakarta Pusat;16/07/2022
SEL-04632;Toko Seller Sukses 4631;Bandung;29/11/2022
SEL-04633;Toko Seller Sukses 4632;Makassar;29/12/2022
SEL-04634;Toko Seller Sukses 4633;Yogyakarta;29/01/2022
SEL-04635;Toko Seller Sukses 4634;Bandung;01/03/2023
SEL-04636;Toko Seller Sukses 4635;Jakarta Pusat;21/02/2022
SEL-04637;Toko Seller Sukses 4636;Bandung;06/07/2022
SEL-04638;Toko Seller Sukses 4637;Makassar;11/08/2022
SEL-04639;Toko Seller Sukses 4638;Jakarta Pusat;10/01/2023
SEL-04640;Toko Seller Sukses 4639;Bandung;23/09/2021
SEL-04641;Toko Seller Sukses 4640;Sidoarjo;06/06/2021
SEL-04642;Toko Seller Sukses 4641;Sidoarjo;16/11/2022
SEL-04643;Toko Seller Sukses 4642;Medan;08/09/2021
SEL-04644;Toko Seller Sukses 4643;Surabaya;12/06/2021
SEL-04645;Toko Seller Sukses 4644;Makassar;15/06/2022
SEL-04646;Toko Seller Sukses 4645;Jakarta Selatan;31/12/2022
SEL-04647;Toko Seller Sukses 4646;Jakarta Pusat;17/01/2022
SEL-04648;Toko Seller Sukses 4647;Jakarta Selatan;15/06/2021
SEL-04649;Toko Seller Sukses 4648;Surabaya;04/05/2022
SEL-04650;Toko Seller Sukses 4649;Bandung;08/11/2022
SEL-04651;Toko Seller Sukses 4650;Jakarta Pusat;06/07/2022
SEL-04652;Toko Seller Sukses 4651;Sidoarjo;25/02/2023
SEL-04653;Toko Seller Sukses 4652;Yogyakarta;27/02/2023
SEL-04654;Toko Seller Sukses 4653;Cimahi;20/02/2023
SEL-04655;Toko Seller Sukses 4654;Medan;16/10/2022
SEL-04656;Toko Seller Sukses 4655;Jakarta Selatan;28/07/2022
SEL-04657;Toko Seller Sukses 4656;Jakarta Selatan;22/03/2022
SEL-04658;Toko Seller Sukses 4657;Medan;07/02/2023
SEL-04659;Toko Seller Sukses 4658;Surabaya;12/10/2022
SEL-04660;Toko Seller Sukses 4659;Cimahi;26/10/2021
SEL-04661;Toko Seller Sukses 4660;Surabaya;21/03/2022
SEL-04662;Toko Seller Sukses 4661;Jakarta Pusat;27/05/2022
SEL-04663;Toko Seller Sukses 4662;Sidoarjo;10/04/2023
SEL-04664;Toko Seller Sukses 4663;Cimahi;26/11/2021
SEL-04665;Toko Seller Sukses 4664;Yogyakarta;03/01/2023
SEL-04666;Toko Seller Sukses 4665;Surabaya;07/03/2022
SEL-04667;Toko Seller Sukses 4666;Surabaya;26/06/2021
SEL-04668;Toko Seller Sukses 4667;Surabaya;02/12/2022
SEL-04669;Toko Seller Sukses 4668;Yogyakarta;10/02/2022
SEL-04670;Toko Seller Sukses 4669;Cimahi;22/04/2023
SEL-04671;Toko Seller Sukses 4670;Cimahi;19/10/2021
SEL-04672;Toko Seller Sukses 4671;Jakarta Selatan;17/08/2021
SEL-04673;Toko Seller Sukses 4672;Yogyakarta;14/12/2021
SEL-04674;Toko Seller Sukses 4673;Jakarta Selatan;20/06/2022
SEL-04675;Toko Seller Sukses 4674;Sidoarjo;05/09/2021
SEL-04676;Toko Seller Sukses 4675;Bandung;24/01/2022
SEL-04677;Toko Seller Sukses 4676;Cimahi;14/07/2021
SEL-04678;Toko Seller Sukses 4677;Jakarta Selatan;04/10/2021
SEL-04679;Toko Seller Sukses 4678;Makassar;18/11/2021
SEL-04680;Toko Seller Sukses 4679;Jakarta Pusat;22/10/2022
SEL-04681;Toko Seller Sukses 4680;Surabaya;09/10/2022
SEL-04682;Toko Seller Sukses 4681;Cimahi;28/08/2022
SEL-04683;Toko Seller Sukses 4682;Medan;16/04/2022
SEL-04684;Toko Seller Sukses 4683;Sidoarjo;11/06/2023
SEL-04685;Toko Seller Sukses 4684;Bandung;15/12/2022
SEL-04686;Toko Seller Sukses 4685;Sidoarjo;19/09/2021
SEL-04687;Toko Seller Sukses 4686;Makassar;25/10/2022
SEL-04688;Toko Seller Sukses 4687;Medan;17/03/2023
SEL-04689;Toko Seller Sukses 4688;Jakarta Pusat;29/12/2022
SEL-04690;Toko Seller Sukses 4689;Bandung;30/12/2021
SEL-04691;Toko Seller Sukses 4690;Bandung;07/09/2022
SEL-04692;Toko Seller Sukses 4691;Sidoarjo;22/09/2021
SEL-04693;Toko Seller Sukses 4692;Makassar;24/01/2022
SEL-04694;Toko Seller Sukses 4693;Jakarta Selatan;16/05/2021
SEL-04695;Toko Seller Sukses 4694;Jakarta Pusat;17/05/2022
SEL-04696;Toko Seller Sukses 4695;Jakarta Selatan;18/01/2022
SEL-04697;Toko Seller Sukses 4696;Yogyakarta;27/01/2022
SEL-04698;Toko Seller Sukses 4697;Jakarta Pusat;03/01/2023
SEL-04699;Toko Seller Sukses 4698;Jakarta Selatan;14/06/2023
SEL-04700;Toko Seller Sukses 4699;Cimahi;01/12/2022
SEL-04701;Toko Seller Sukses 4700;Bandung;29/04/2022
SEL-04702;Toko Seller Sukses 4701;Cimahi;26/07/2021
SEL-04703;Toko Seller Sukses 4702;Bandung;26/07/2022
SEL-04704;Toko Seller Sukses 4703;Medan;16/05/2022
SEL-04705;Toko Seller Sukses 4704;Yogyakarta;12/07/2021
SEL-04706;Toko Seller Sukses 4705;Surabaya;07/09/2021
SEL-04707;Toko Seller Sukses 4706;Jakarta Pusat;27/10/2022
SEL-04708;Toko Seller Sukses 4707;Cimahi;04/08/2022
SEL-04709;Toko Seller Sukses 4708;Yogyakarta;19/12/2022
SEL-04710;Toko Seller Sukses 4709;Medan;14/01/2022
SEL-04711;Toko Seller Sukses 4710;Jakarta Selatan;21/02/2022
SEL-04712;Toko Seller Sukses 4711;Medan;25/10/2022
SEL-04713;Toko Seller Sukses 4712;Makassar;12/01/2023
SEL-04714;Toko Seller Sukses 4713;Bandung;16/05/2021
SEL-04715;Toko Seller Sukses 4714;Medan;13/01/2023
SEL-04716;Toko Seller Sukses 4715;Medan;15/02/2022
SEL-04717;Toko Seller Sukses 4716;Cimahi;08/02/2022
SEL-04718;Toko Seller Sukses 4717;Yogyakarta;24/06/2022
SEL-04719;Toko Seller Sukses 4718;Cimahi;21/12/2022
SEL-04720;Toko Seller Sukses 4719;Sidoarjo;05/07/2022
SEL-04721;Toko Seller Sukses 4720;Bandung;13/11/2021
SEL-04722;Toko Seller Sukses 4721;Sidoarjo;23/06/2021
SEL-04723;Toko Seller Sukses 4722;Surabaya;01/11/2022
SEL-04724;Toko Seller Sukses 4723;Yogyakarta;01/08/2021
SEL-04725;Toko Seller Sukses 4724;Bandung;25/06/2022
SEL-04726;Toko Seller Sukses 4725;Yogyakarta;30/06/2023
SEL-04727;Toko Seller Sukses 4726;Surabaya;28/06/2023
SEL-04728;Toko Seller Sukses 4727;Surabaya;17/06/2023
SEL-04729;Toko Seller Sukses 4728;Medan;31/01/2023
SEL-04730;Toko Seller Sukses 4729;Cimahi;06/06/2022
SEL-04731;Toko Seller Sukses 4730;Cimahi;18/08/2021
SEL-04732;Toko Seller Sukses 4731;Jakarta Pusat;24/05/2022
SEL-04733;Toko Seller Sukses 4732;Surabaya;28/06/2023
SEL-04734;Toko Seller Sukses 4733;Surabaya;13/06/2022
SEL-04735;Toko Seller Sukses 4734;Yogyakarta;30/05/2023
SEL-04736;Toko Seller Sukses 4735;Cimahi;22/06/2021
SEL-04737;Toko Seller Sukses 4736;Yogyakarta;23/12/2022
SEL-04738;Toko Seller Sukses 4737;Surabaya;26/10/2021
SEL-04739;Toko Seller Sukses 4738;Cimahi;18/02/2023
SEL-04740;Toko Seller Sukses 4739;Jakarta Pusat;10/08/2021
SEL-04741;Toko Seller Sukses 4740;Bandung;08/06/2023
SEL-04742;Toko Seller Sukses 4741;Bandung;11/12/2022
SEL-04743;Toko Seller Sukses 4742;Makassar;15/08/2022
SEL-04744;Toko Seller Sukses 4743;Bandung;07/10/2022
SEL-04745;Toko Seller Sukses 4744;Makassar;23/11/2022
SEL-04746;Toko Seller Sukses 4745;Jakarta Pusat;09/06/2023
SEL-04747;Toko Seller Sukses 4746;Bandung;07/03/2022
SEL-04748;Toko Seller Sukses 4747;Bandung;27/04/2022
SEL-04749;Toko Seller Sukses 4748;Makassar;20/08/2022
SEL-04750;Toko Seller Sukses 4749;Jakarta Selatan;30/08/2021
SEL-04751;Toko Seller Sukses 4750;Surabaya;30/03/2022
SEL-04752;Toko Seller Sukses 4751;Cimahi;13/08/2022
SEL-04753;Toko Seller Sukses 4752;Medan;10/07/2022
SEL-04754;Toko Seller Sukses 4753;Medan;24/08/2022
SEL-04755;Toko Seller Sukses 4754;Medan;21/06/2021
SEL-04756;Toko Seller Sukses 4755;Jakarta Pusat;15/10/2022
SEL-04757;Toko Seller Sukses 4756;Yogyakarta;01/07/2022
SEL-04758;Toko Seller Sukses 4757;Jakarta Selatan;14/01/2022
SEL-04759;Toko Seller Sukses 4758;Bandung;28/03/2023
SEL-04760;Toko Seller Sukses 4759;Jakarta Pusat;12/05/2021
SEL-04761;Toko Seller Sukses 4760;Jakarta Selatan;01/03/2022
SEL-04762;Toko Seller Sukses 4761;Makassar;07/06/2023
SEL-04763;Toko Seller Sukses 4762;Yogyakarta;24/05/2023
SEL-04764;Toko Seller Sukses 4763;Bandung;30/05/2023
SEL-04765;Toko Seller Sukses 4764;Makassar;31/10/2022
SEL-04766;Toko Seller Sukses 4765;Bandung;22/11/2021
SEL-04767;Toko Seller Sukses 4766;Surabaya;06/05/2021
SEL-04768;Toko Seller Sukses 4767;Surabaya;07/01/2023
SEL-04769;Toko Seller Sukses 4768;Medan;20/07/2021
SEL-04770;Toko Seller Sukses 4769;Jakarta Pusat;08/05/2022
SEL-04771;Toko Seller Sukses 4770;Yogyakarta;02/08/2022
SEL-04772;Toko Seller Sukses 4771;Jakarta Pusat;22/04/2022
SEL-04773;Toko Seller Sukses 4772;Surabaya;08/02/2022
SEL-04774;Toko Seller Sukses 4773;Surabaya;08/12/2022
SEL-04775;Toko Seller Sukses 4774;Cimahi;24/12/2021
SEL-04776;Toko Seller Sukses 4775;Medan;21/06/2021
SEL-04777;Toko Seller Sukses 4776;Sidoarjo;18/12/2021
SEL-04778;Toko Seller Sukses 4777;Bandung;17/05/2022
SEL-04779;Toko Seller Sukses 4778;Jakarta Selatan;26/07/2022
SEL-04780;Toko Seller Sukses 4779;Medan;23/01/2023
SEL-04781;Toko Seller Sukses 4780;Cimahi;29/10/2022
SEL-04782;Toko Seller Sukses 4781;Bandung;28/09/2022
SEL-04783;Toko Seller Sukses 4782;Jakarta Pusat;13/01/2023
SEL-04784;Toko Seller Sukses 4783;Makassar;30/08/2022
SEL-04785;Toko Seller Sukses 4784;Medan;16/02/2023
SEL-04786;Toko Seller Sukses 4785;Surabaya;30/09/2021
SEL-04787;Toko Seller Sukses 4786;Bandung;23/06/2021
SEL-04788;Toko Seller Sukses 4787;Sidoarjo;29/06/2022
SEL-04789;Toko Seller Sukses 4788;Medan;27/06/2022
SEL-04790;Toko Seller Sukses 4789;Medan;22/07/2021
SEL-04791;Toko Seller Sukses 4790;Makassar;16/12/2022
SEL-04792;Toko Seller Sukses 4791;Jakarta Selatan;10/01/2022
SEL-04793;Toko Seller Sukses 4792;Medan;03/02/2023
SEL-04794;Toko Seller Sukses 4793;Jakarta Selatan;15/01/2023
SEL-04795;Toko Seller Sukses 4794;Medan;30/10/2021
SEL-04796;Toko Seller Sukses 4795;Yogyakarta;23/09/2022
SEL-04797;Toko Seller Sukses 4796;Jakarta Pusat;29/03/2022
SEL-04798;Toko Seller Sukses 4797;Bandung;13/04/2023
SEL-04799;Toko Seller Sukses 4798;Yogyakarta;12/01/2022
SEL-04800;Toko Seller Sukses 4799;Sidoarjo;20/09/2021
SEL-04801;Toko Seller Sukses 4800;Cimahi;28/08/2021
SEL-04802;Toko Seller Sukses 4801;Surabaya;13/11/2022
SEL-04803;Toko Seller Sukses 4802;Yogyakarta;03/06/2023
SEL-04804;Toko Seller Sukses 4803;Makassar;02/01/2022
SEL-04805;Toko Seller Sukses 4804;Jakarta Pusat;11/05/2023
SEL-04806;Toko Seller Sukses 4805;Bandung;22/11/2022
SEL-04807;Toko Seller Sukses 4806;Makassar;23/07/2022
SEL-04808;Toko Seller Sukses 4807;Bandung;19/02/2023
SEL-04809;Toko Seller Sukses 4808;Yogyakarta;23/06/2021
SEL-04810;Toko Seller Sukses 4809;Jakarta Pusat;07/11/2022
SEL-04811;Toko Seller Sukses 4810;Sidoarjo;12/06/2021
SEL-04812;Toko Seller Sukses 4811;Jakarta Selatan;11/05/2023
SEL-04813;Toko Seller Sukses 4812;Cimahi;16/01/2022
SEL-04814;Toko Seller Sukses 4813;Jakarta Selatan;10/09/2021
SEL-04815;Toko Seller Sukses 4814;Cimahi;19/02/2023
SEL-04816;Toko Seller Sukses 4815;Sidoarjo;31/07/2022
SEL-04817;Toko Seller Sukses 4816;Surabaya;09/09/2022
SEL-04818;Toko Seller Sukses 4817;Medan;28/05/2022
SEL-04819;Toko Seller Sukses 4818;Cimahi;14/01/2023
SEL-04820;Toko Seller Sukses 4819;Bandung;19/06/2023
SEL-04821;Toko Seller Sukses 4820;Bandung;13/06/2023
SEL-04822;Toko Seller Sukses 4821;Bandung;20/04/2023
SEL-04823;Toko Seller Sukses 4822;Makassar;30/03/2022
SEL-04824;Toko Seller Sukses 4823;Makassar;30/07/2022
SEL-04825;Toko Seller Sukses 4824;Bandung;29/03/2023
SEL-04826;Toko Seller Sukses 4825;Jakarta Selatan;03/11/2022
SEL-04827;Toko Seller Sukses 4826;Sidoarjo;22/06/2021
SEL-04828;Toko Seller Sukses 4827;Jakarta Selatan;02/11/2022
SEL-04829;Toko Seller Sukses 4828;Makassar;09/02/2023
SEL-04830;Toko Seller Sukses 4829;Medan;09/05/2023
SEL-04831;Toko Seller Sukses 4830;Surabaya;03/11/2022
SEL-04832;Toko Seller Sukses 4831;Bandung;21/04/2023
SEL-04833;Toko Seller Sukses 4832;Surabaya;15/08/2022
SEL-04834;Toko Seller Sukses 4833;Bandung;12/06/2021
SEL-04835;Toko Seller Sukses 4834;Cimahi;31/08/2021
SEL-04836;Toko Seller Sukses 4835;Jakarta Pusat;09/04/2022
SEL-04837;Toko Seller Sukses 4836;Surabaya;26/09/2021
SEL-04838;Toko Seller Sukses 4837;Cimahi;13/01/2023
SEL-04839;Toko Seller Sukses 4838;Sidoarjo;11/04/2022
SEL-04840;Toko Seller Sukses 4839;Jakarta Pusat;07/04/2022
SEL-04841;Toko Seller Sukses 4840;Jakarta Pusat;16/06/2021
SEL-04842;Toko Seller Sukses 4841;Bandung;17/11/2022
SEL-04843;Toko Seller Sukses 4842;Jakarta Selatan;16/06/2023
SEL-04844;Toko Seller Sukses 4843;Jakarta Pusat;27/11/2022
SEL-04845;Toko Seller Sukses 4844;Yogyakarta;30/07/2021
SEL-04846;Toko Seller Sukses 4845;Makassar;23/12/2021
SEL-04847;Toko Seller Sukses 4846;Cimahi;07/04/2023
SEL-04848;Toko Seller Sukses 4847;Cimahi;11/06/2023
SEL-04849;Toko Seller Sukses 4848;Bandung;20/12/2022
SEL-04850;Toko Seller Sukses 4849;Surabaya;28/09/2021
SEL-04851;Toko Seller Sukses 4850;Jakarta Selatan;02/01/2022
SEL-04852;Toko Seller Sukses 4851;Medan;25/07/2022
SEL-04853;Toko Seller Sukses 4852;Medan;05/05/2023
SEL-04854;Toko Seller Sukses 4853;Jakarta Selatan;29/09/2021
SEL-04855;Toko Seller Sukses 4854;Medan;07/11/2022
SEL-04856;Toko Seller Sukses 4855;Jakarta Selatan;09/10/2021
SEL-04857;Toko Seller Sukses 4856;Makassar;06/02/2022
SEL-04858;Toko Seller Sukses 4857;Surabaya;29/07/2022
SEL-04859;Toko Seller Sukses 4858;Jakarta Pusat;17/05/2023
SEL-04860;Toko Seller Sukses 4859;Jakarta Selatan;03/08/2021
SEL-04861;Toko Seller Sukses 4860;Jakarta Pusat;25/02/2022
SEL-04862;Toko Seller Sukses 4861;Medan;22/02/2023
SEL-04863;Toko Seller Sukses 4862;Cimahi;13/06/2021
SEL-04864;Toko Seller Sukses 4863;Surabaya;03/06/2022
SEL-04865;Toko Seller Sukses 4864;Surabaya;06/05/2022
SEL-04866;Toko Seller Sukses 4865;Cimahi;09/07/2023
SEL-04867;Toko Seller Sukses 4866;Surabaya;04/07/2023
SEL-04868;Toko Seller Sukses 4867;Jakarta Pusat;12/08/2021
SEL-04869;Toko Seller Sukses 4868;Sidoarjo;04/05/2022
SEL-04870;Toko Seller Sukses 4869;Makassar;02/06/2021
SEL-04871;Toko Seller Sukses 4870;Sidoarjo;12/10/2021
SEL-04872;Toko Seller Sukses 4871;Yogyakarta;25/08/2021
SEL-04873;Toko Seller Sukses 4872;Sidoarjo;23/11/2021
SEL-04874;Toko Seller Sukses 4873;Sidoarjo;26/07/2022
SEL-04875;Toko Seller Sukses 4874;Medan;12/02/2023
SEL-04876;Toko Seller Sukses 4875;Sidoarjo;07/10/2022
SEL-04877;Toko Seller Sukses 4876;Medan;13/09/2022
SEL-04878;Toko Seller Sukses 4877;Medan;18/07/2021
SEL-04879;Toko Seller Sukses 4878;Medan;05/04/2023
SEL-04880;Toko Seller Sukses 4879;Cimahi;14/02/2023
SEL-04881;Toko Seller Sukses 4880;Surabaya;23/12/2022
SEL-04882;Toko Seller Sukses 4881;Yogyakarta;01/10/2022
SEL-04883;Toko Seller Sukses 4882;Surabaya;08/12/2021
SEL-04884;Toko Seller Sukses 4883;Cimahi;18/03/2023
SEL-04885;Toko Seller Sukses 4884;Sidoarjo;17/10/2021
SEL-04886;Toko Seller Sukses 4885;Medan;14/10/2021
SEL-04887;Toko Seller Sukses 4886;Jakarta Selatan;15/01/2022
SEL-04888;Toko Seller Sukses 4887;Sidoarjo;06/11/2021
SEL-04889;Toko Seller Sukses 4888;Medan;30/07/2022
SEL-04890;Toko Seller Sukses 4889;Jakarta Pusat;07/09/2021
SEL-04891;Toko Seller Sukses 4890;Jakarta Pusat;19/06/2022
SEL-04892;Toko Seller Sukses 4891;Sidoarjo;11/06/2023
SEL-04893;Toko Seller Sukses 4892;Cimahi;17/02/2022
SEL-04894;Toko Seller Sukses 4893;Jakarta Pusat;10/06/2022
SEL-04895;Toko Seller Sukses 4894;Surabaya;12/10/2022
SEL-04896;Toko Seller Sukses 4895;Bandung;01/05/2022
SEL-04897;Toko Seller Sukses 4896;Yogyakarta;08/09/2022
SEL-04898;Toko Seller Sukses 4897;Yogyakarta;02/07/2022
SEL-04899;Toko Seller Sukses 4898;Jakarta Pusat;28/06/2022
SEL-04900;Toko Seller Sukses 4899;Medan;03/04/2023
SEL-04901;Toko Seller Sukses 4900;Jakarta Pusat;16/12/2022
SEL-04902;Toko Seller Sukses 4901;Jakarta Pusat;14/09/2021
SEL-04903;Toko Seller Sukses 4902;Cimahi;07/09/2021
SEL-04904;Toko Seller Sukses 4903;Sidoarjo;07/07/2021
SEL-04905;Toko Seller Sukses 4904;Jakarta Selatan;19/07/2021
SEL-04906;Toko Seller Sukses 4905;Surabaya;20/05/2023
SEL-04907;Toko Seller Sukses 4906;Bandung;21/03/2023
SEL-04908;Toko Seller Sukses 4907;Yogyakarta;27/08/2021
SEL-04909;Toko Seller Sukses 4908;Jakarta Selatan;07/05/2023
SEL-04910;Toko Seller Sukses 4909;Surabaya;02/01/2022
SEL-04911;Toko Seller Sukses 4910;Jakarta Pusat;20/03/2022
SEL-04912;Toko Seller Sukses 4911;Bandung;26/02/2023
SEL-04913;Toko Seller Sukses 4912;Yogyakarta;27/06/2022
SEL-04914;Toko Seller Sukses 4913;Yogyakarta;30/08/2021
SEL-04915;Toko Seller Sukses 4914;Surabaya;17/09/2021
SEL-04916;Toko Seller Sukses 4915;Jakarta Selatan;30/11/2021
SEL-04917;Toko Seller Sukses 4916;Jakarta Pusat;21/06/2022
SEL-04918;Toko Seller Sukses 4917;Makassar;21/05/2021
SEL-04919;Toko Seller Sukses 4918;Medan;27/03/2022
SEL-04920;Toko Seller Sukses 4919;Bandung;30/12/2022
SEL-04921;Toko Seller Sukses 4920;Jakarta Pusat;09/02/2023
SEL-04922;Toko Seller Sukses 4921;Sidoarjo;23/07/2021
SEL-04923;Toko Seller Sukses 4922;Yogyakarta;01/07/2023
SEL-04924;Toko Seller Sukses 4923;Bandung;13/06/2022
SEL-04925;Toko Seller Sukses 4924;Medan;08/09/2022
SEL-04926;Toko Seller Sukses 4925;Jakarta Pusat;17/02/2022
SEL-04927;Toko Seller Sukses 4926;Sidoarjo;08/05/2022
SEL-04928;Toko Seller Sukses 4927;Medan;06/01/2022
SEL-04929;Toko Seller Sukses 4928;Cimahi;14/12/2021
SEL-04930;Toko Seller Sukses 4929;Bandung;12/09/2022
SEL-04931;Toko Seller Sukses 4930;Sidoarjo;31/05/2022
SEL-04932;Toko Seller Sukses 4931;Cimahi;29/12/2021
SEL-04933;Toko Seller Sukses 4932;Makassar;26/05/2022
SEL-04934;Toko Seller Sukses 4933;Jakarta Pusat;05/09/2021
SEL-04935;Toko Seller Sukses 4934;Bandung;22/03/2022
SEL-04936;Toko Seller Sukses 4935;Surabaya;12/12/2021
SEL-04937;Toko Seller Sukses 4936;Jakarta Selatan;06/05/2021
SEL-04938;Toko Seller Sukses 4937;Makassar;22/01/2022
SEL-04939;Toko Seller Sukses 4938;Makassar;18/01/2022
SEL-04940;Toko Seller Sukses 4939;Cimahi;19/03/2022
SEL-04941;Toko Seller Sukses 4940;Makassar;28/09/2021
SEL-04942;Toko Seller Sukses 4941;Jakarta Selatan;21/11/2021
SEL-04943;Toko Seller Sukses 4942;Makassar;22/04/2022
SEL-04944;Toko Seller Sukses 4943;Medan;18/07/2022
SEL-04945;Toko Seller Sukses 4944;Jakarta Selatan;02/03/2022
SEL-04946;Toko Seller Sukses 4945;Jakarta Pusat;17/01/2022
SEL-04947;Toko Seller Sukses 4946;Bandung;23/10/2021
SEL-04948;Toko Seller Sukses 4947;Makassar;17/08/2021
SEL-04949;Toko Seller Sukses 4948;Jakarta Selatan;05/02/2022
SEL-04950;Toko Seller Sukses 4949;Jakarta Pusat;27/04/2023
SEL-04951;Toko Seller Sukses 4950;Medan;03/05/2022
SEL-04952;Toko Seller Sukses 4951;Jakarta Selatan;27/11/2021
SEL-04953;Toko Seller Sukses 4952;Sidoarjo;17/12/2021
SEL-04954;Toko Seller Sukses 4953;Surabaya;25/04/2023
SEL-04955;Toko Seller Sukses 4954;Makassar;17/09/2022
SEL-04956;Toko Seller Sukses 4955;Yogyakarta;07/03/2022
SEL-04957;Toko Seller Sukses 4956;Bandung;01/02/2022
SEL-04958;Toko Seller Sukses 4957;Makassar;18/05/2022
SEL-04959;Toko Seller Sukses 4958;Jakarta Selatan;29/10/2021
SEL-04960;Toko Seller Sukses 4959;Makassar;12/03/2022
SEL-04961;Toko Seller Sukses 4960;Surabaya;01/11/2022
SEL-04962;Toko Seller Sukses 4961;Surabaya;10/10/2021
SEL-04963;Toko Seller Sukses 4962;Bandung;26/02/2023
SEL-04964;Toko Seller Sukses 4963;Medan;31/07/2021
SEL-04965;Toko Seller Sukses 4964;Sidoarjo;13/07/2021
SEL-04966;Toko Seller Sukses 4965;Yogyakarta;23/09/2021
SEL-04967;Toko Seller Sukses 4966;Jakarta Selatan;13/05/2021
SEL-04968;Toko Seller Sukses 4967;Sidoarjo;22/05/2022
SEL-04969;Toko Seller Sukses 4968;Bandung;03/06/2022
SEL-04970;Toko Seller Sukses 4969;Surabaya;27/09/2022
SEL-04971;Toko Seller Sukses 4970;Jakarta Pusat;19/09/2022
SEL-04972;Toko Seller Sukses 4971;Yogyakarta;20/03/2023
SEL-04973;Toko Seller Sukses 4972;Jakarta Selatan;31/12/2021
SEL-04974;Toko Seller Sukses 4973;Yogyakarta;08/04/2023
SEL-04975;Toko Seller Sukses 4974;Jakarta Selatan;13/12/2021
SEL-04976;Toko Seller Sukses 4975;Sidoarjo;13/01/2022
SEL-04977;Toko Seller Sukses 4976;Jakarta Pusat;18/06/2023
SEL-04978;Toko Seller Sukses 4977;Jakarta Selatan;28/06/2023
SEL-04979;Toko Seller Sukses 4978;Makassar;11/10/2022
SEL-04980;Toko Seller Sukses 4979;Makassar;23/06/2022
SEL-04981;Toko Seller Sukses 4980;Makassar;03/08/2022
SEL-04982;Toko Seller Sukses 4981;Cimahi;05/07/2021
SEL-04983;Toko Seller Sukses 4982;Surabaya;19/03/2022
SEL-04984;Toko Seller Sukses 4983;Makassar;27/06/2023
SEL-04985;Toko Seller Sukses 4984;Sidoarjo;08/10/2022
SEL-04986;Toko Seller Sukses 4985;Bandung;21/02/2022
SEL-04987;Toko Seller Sukses 4986;Makassar;23/06/2021
SEL-04988;Toko Seller Sukses 4987;Makassar;05/06/2023
SEL-04989;Toko Seller Sukses 4988;Sidoarjo;27/06/2023
SEL-04990;Toko Seller Sukses 4989;Jakarta Pusat;25/05/2023
SEL-04991;Toko Seller Sukses 4990;Medan;21/11/2022
SEL-04992;Toko Seller Sukses 4991;Jakarta Selatan;22/07/2021
SEL-04993;Toko Seller Sukses 4992;Surabaya;24/08/2021
SEL-04994;Toko Seller Sukses 4993;Medan;15/09/2021
SEL-04995;Toko Seller Sukses 4994;Surabaya;06/09/2022
SEL-04996;Toko Seller Sukses 4995;Bandung;15/02/2022
SEL-04997;Toko Seller Sukses 4996;Sidoarjo;29/09/2021
SEL-04998;Toko Seller Sukses 4997;Surabaya;12/07/2021
SEL-04999;Toko Seller Sukses 4998;Yogyakarta;20/10/2021
SEL-05000;Toko Seller Sukses 4999;Jakarta Selatan;26/08/2021
SEL-05001;Toko Seller Sukses 5000;Yogyakarta;30/04/2023
SEL-05002;Toko Seller Sukses 5001;Jakarta Pusat;29/03/2023
SEL-05003;Toko Seller Sukses 5002;Medan;15/09/2021
SEL-05004;Toko Seller Sukses 5003;Medan;23/07/2022
SEL-05005;Toko Seller Sukses 5004;Cimahi;13/02/2023
SEL-05006;Toko Seller Sukses 5005;Jakarta Pusat;27/11/2022
SEL-05007;Toko Seller Sukses 5006;Makassar;10/06/2022
SEL-05008;Toko Seller Sukses 5007;Jakarta Pusat;04/07/2022
SEL-05009;Toko Seller Sukses 5008;Yogyakarta;12/04/2022
SEL-05010;Toko Seller Sukses 5009;Makassar;06/01/2022
SEL-05011;Toko Seller Sukses 5010;Sidoarjo;10/10/2022
SEL-05012;Toko Seller Sukses 5011;Makassar;19/07/2022
SEL-05013;Toko Seller Sukses 5012;Sidoarjo;19/08/2022
SEL-05014;Toko Seller Sukses 5013;Makassar;24/12/2021
SEL-05015;Toko Seller Sukses 5014;Makassar;08/05/2021
SEL-05016;Toko Seller Sukses 5015;Jakarta Selatan;03/01/2022
SEL-05017;Toko Seller Sukses 5016;Sidoarjo;24/11/2021
SEL-05018;Toko Seller Sukses 5017;Yogyakarta;27/01/2023
SEL-05019;Toko Seller Sukses 5018;Bandung;22/09/2022
SEL-05020;Toko Seller Sukses 5019;Surabaya;24/05/2022
SEL-05021;Toko Seller Sukses 5020;Medan;12/03/2023
SEL-05022;Toko Seller Sukses 5021;Jakarta Pusat;09/08/2022
SEL-05023;Toko Seller Sukses 5022;Bandung;22/08/2022
SEL-05024;Toko Seller Sukses 5023;Yogyakarta;19/10/2021
SEL-05025;Toko Seller Sukses 5024;Cimahi;12/12/2022
SEL-05026;Toko Seller Sukses 5025;Yogyakarta;13/08/2021
SEL-05027;Toko Seller Sukses 5026;Yogyakarta;24/03/2022
SEL-05028;Toko Seller Sukses 5027;Cimahi;26/09/2021
SEL-05029;Toko Seller Sukses 5028;Makassar;12/05/2021
SEL-05030;Toko Seller Sukses 5029;Makassar;09/02/2022
SEL-05031;Toko Seller Sukses 5030;Makassar;05/12/2022
SEL-05032;Toko Seller Sukses 5031;Jakarta Pusat;07/06/2021
SEL-05033;Toko Seller Sukses 5032;Sidoarjo;05/07/2023
SEL-05034;Toko Seller Sukses 5033;Yogyakarta;17/06/2023
SEL-05035;Toko Seller Sukses 5034;Surabaya;31/01/2022
SEL-05036;Toko Seller Sukses 5035;Jakarta Pusat;23/12/2022
SEL-05037;Toko Seller Sukses 5036;Jakarta Pusat;29/04/2022
SEL-05038;Toko Seller Sukses 5037;Cimahi;02/10/2022
SEL-05039;Toko Seller Sukses 5038;Surabaya;10/12/2021
SEL-05040;Toko Seller Sukses 5039;Bandung;11/04/2022
SEL-05041;Toko Seller Sukses 5040;Cimahi;02/10/2022
SEL-05042;Toko Seller Sukses 5041;Jakarta Pusat;07/11/2021
SEL-05043;Toko Seller Sukses 5042;Cimahi;28/02/2022
SEL-05044;Toko Seller Sukses 5043;Sidoarjo;05/02/2023
SEL-05045;Toko Seller Sukses 5044;Sidoarjo;01/10/2021
SEL-05046;Toko Seller Sukses 5045;Yogyakarta;23/05/2023
SEL-05047;Toko Seller Sukses 5046;Jakarta Pusat;23/06/2022
SEL-05048;Toko Seller Sukses 5047;Surabaya;18/11/2021
SEL-05049;Toko Seller Sukses 5048;Sidoarjo;28/10/2021
SEL-05050;Toko Seller Sukses 5049;Cimahi;18/06/2022
SEL-05051;Toko Seller Sukses 5050;Jakarta Pusat;07/04/2022
SEL-05052;Toko Seller Sukses 5051;Sidoarjo;20/04/2023
SEL-05053;Toko Seller Sukses 5052;Sidoarjo;28/04/2023
SEL-05054;Toko Seller Sukses 5053;Bandung;23/11/2021
SEL-05055;Toko Seller Sukses 5054;Cimahi;07/01/2023
SEL-05056;Toko Seller Sukses 5055;Cimahi;19/03/2022
SEL-05057;Toko Seller Sukses 5056;Cimahi;05/05/2022
SEL-05058;Toko Seller Sukses 5057;Cimahi;05/06/2022
SEL-05059;Toko Seller Sukses 5058;Medan;02/06/2022
SEL-05060;Toko Seller Sukses 5059;Makassar;03/08/2021
SEL-05061;Toko Seller Sukses 5060;Surabaya;22/03/2022
SEL-05062;Toko Seller Sukses 5061;Jakarta Selatan;07/11/2022
SEL-05063;Toko Seller Sukses 5062;Sidoarjo;07/11/2022
SEL-05064;Toko Seller Sukses 5063;Jakarta Selatan;31/05/2023
SEL-05065;Toko Seller Sukses 5064;Surabaya;11/06/2023
SEL-05066;Toko Seller Sukses 5065;Bandung;31/12/2022
SEL-05067;Toko Seller Sukses 5066;Jakarta Selatan;09/06/2023
SEL-05068;Toko Seller Sukses 5067;Surabaya;11/02/2022
SEL-05069;Toko Seller Sukses 5068;Makassar;02/05/2022
SEL-05070;Toko Seller Sukses 5069;Jakarta Selatan;29/08/2022
SEL-05071;Toko Seller Sukses 5070;Makassar;27/08/2022
SEL-05072;Toko Seller Sukses 5071;Sidoarjo;01/05/2023
SEL-05073;Toko Seller Sukses 5072;Jakarta Pusat;24/08/2021
SEL-05074;Toko Seller Sukses 5073;Makassar;07/10/2022
SEL-05075;Toko Seller Sukses 5074;Jakarta Selatan;09/06/2022
SEL-05076;Toko Seller Sukses 5075;Makassar;10/06/2021
SEL-05077;Toko Seller Sukses 5076;Bandung;26/06/2022
SEL-05078;Toko Seller Sukses 5077;Surabaya;02/09/2021
SEL-05079;Toko Seller Sukses 5078;Jakarta Pusat;09/05/2021
SEL-05080;Toko Seller Sukses 5079;Medan;18/08/2021
SEL-05081;Toko Seller Sukses 5080;Medan;05/06/2021
SEL-05082;Toko Seller Sukses 5081;Surabaya;15/03/2023
SEL-05083;Toko Seller Sukses 5082;Medan;16/11/2021
SEL-05084;Toko Seller Sukses 5083;Medan;08/02/2022
SEL-05085;Toko Seller Sukses 5084;Makassar;16/03/2022
SEL-05086;Toko Seller Sukses 5085;Surabaya;28/09/2021
SEL-05087;Toko Seller Sukses 5086;Makassar;15/03/2022
SEL-05088;Toko Seller Sukses 5087;Medan;23/10/2021
SEL-05089;Toko Seller Sukses 5088;Surabaya;12/05/2023
SEL-05090;Toko Seller Sukses 5089;Medan;05/06/2022
SEL-05091;Toko Seller Sukses 5090;Sidoarjo;10/07/2022
SEL-05092;Toko Seller Sukses 5091;Sidoarjo;15/05/2023
SEL-05093;Toko Seller Sukses 5092;Jakarta Selatan;04/01/2022
SEL-05094;Toko Seller Sukses 5093;Surabaya;15/06/2023
SEL-05095;Toko Seller Sukses 5094;Bandung;05/11/2022
SEL-05096;Toko Seller Sukses 5095;Jakarta Pusat;02/05/2021
SEL-05097;Toko Seller Sukses 5096;Bandung;15/02/2023
SEL-05098;Toko Seller Sukses 5097;Surabaya;19/01/2022
SEL-05099;Toko Seller Sukses 5098;Bandung;08/07/2023
SEL-05100;Toko Seller Sukses 5099;Makassar;13/08/2022
SEL-05101;Toko Seller Sukses 5100;Jakarta Selatan;18/01/2023
SEL-05102;Toko Seller Sukses 5101;Bandung;16/07/2022
SEL-05103;Toko Seller Sukses 5102;Jakarta Pusat;21/01/2022
SEL-05104;Toko Seller Sukses 5103;Bandung;16/03/2022
SEL-05105;Toko Seller Sukses 5104;Yogyakarta;21/09/2021
SEL-05106;Toko Seller Sukses 5105;Jakarta Pusat;22/05/2023
SEL-05107;Toko Seller Sukses 5106;Jakarta Pusat;27/05/2022
SEL-05108;Toko Seller Sukses 5107;Surabaya;20/06/2023
SEL-05109;Toko Seller Sukses 5108;Bandung;07/03/2022
SEL-05110;Toko Seller Sukses 5109;Cimahi;01/05/2023
SEL-05111;Toko Seller Sukses 5110;Bandung;05/09/2021
SEL-05112;Toko Seller Sukses 5111;Surabaya;21/08/2022
SEL-05113;Toko Seller Sukses 5112;Surabaya;09/05/2021
SEL-05114;Toko Seller Sukses 5113;Surabaya;27/03/2023
SEL-05115;Toko Seller Sukses 5114;Surabaya;09/01/2022
SEL-05116;Toko Seller Sukses 5115;Cimahi;27/11/2022
SEL-05117;Toko Seller Sukses 5116;Cimahi;08/06/2023
SEL-05118;Toko Seller Sukses 5117;Jakarta Selatan;14/01/2022
SEL-05119;Toko Seller Sukses 5118;Medan;03/10/2022
SEL-05120;Toko Seller Sukses 5119;Makassar;01/07/2022
SEL-05121;Toko Seller Sukses 5120;Jakarta Selatan;15/09/2021
SEL-05122;Toko Seller Sukses 5121;Makassar;05/11/2022
SEL-05123;Toko Seller Sukses 5122;Surabaya;02/11/2021
SEL-05124;Toko Seller Sukses 5123;Makassar;10/09/2021
SEL-05125;Toko Seller Sukses 5124;Surabaya;16/08/2022
SEL-05126;Toko Seller Sukses 5125;Medan;07/03/2023
SEL-05127;Toko Seller Sukses 5126;Surabaya;01/09/2022
SEL-05128;Toko Seller Sukses 5127;Surabaya;27/10/2022
SEL-05129;Toko Seller Sukses 5128;Medan;09/05/2022
SEL-05130;Toko Seller Sukses 5129;Yogyakarta;11/06/2021
SEL-05131;Toko Seller Sukses 5130;Bandung;16/11/2021
SEL-05132;Toko Seller Sukses 5131;Sidoarjo;19/05/2023
SEL-05133;Toko Seller Sukses 5132;Bandung;08/11/2022
SEL-05134;Toko Seller Sukses 5133;Cimahi;17/05/2021
SEL-05135;Toko Seller Sukses 5134;Medan;24/11/2022
SEL-05136;Toko Seller Sukses 5135;Surabaya;08/12/2021
SEL-05137;Toko Seller Sukses 5136;Jakarta Selatan;02/01/2022
SEL-05138;Toko Seller Sukses 5137;Makassar;28/06/2021
SEL-05139;Toko Seller Sukses 5138;Cimahi;05/11/2022
SEL-05140;Toko Seller Sukses 5139;Yogyakarta;20/06/2021
SEL-05141;Toko Seller Sukses 5140;Medan;15/03/2023
SEL-05142;Toko Seller Sukses 5141;Bandung;02/12/2021
SEL-05143;Toko Seller Sukses 5142;Cimahi;04/05/2021
SEL-05144;Toko Seller Sukses 5143;Jakarta Pusat;26/12/2021
SEL-05145;Toko Seller Sukses 5144;Jakarta Pusat;31/07/2021
SEL-05146;Toko Seller Sukses 5145;Makassar;02/05/2021
SEL-05147;Toko Seller Sukses 5146;Cimahi;03/11/2022
SEL-05148;Toko Seller Sukses 5147;Sidoarjo;07/05/2023
SEL-05149;Toko Seller Sukses 5148;Surabaya;21/05/2021
SEL-05150;Toko Seller Sukses 5149;Sidoarjo;06/04/2023
SEL-05151;Toko Seller Sukses 5150;Surabaya;08/11/2022
SEL-05152;Toko Seller Sukses 5151;Yogyakarta;26/03/2022
SEL-05153;Toko Seller Sukses 5152;Surabaya;15/06/2022
SEL-05154;Toko Seller Sukses 5153;Surabaya;10/06/2022
SEL-05155;Toko Seller Sukses 5154;Sidoarjo;21/05/2021
SEL-05156;Toko Seller Sukses 5155;Sidoarjo;27/04/2022
SEL-05157;Toko Seller Sukses 5156;Sidoarjo;21/06/2023
SEL-05158;Toko Seller Sukses 5157;Sidoarjo;21/07/2021
SEL-05159;Toko Seller Sukses 5158;Medan;27/03/2023
SEL-05160;Toko Seller Sukses 5159;Medan;19/04/2022
SEL-05161;Toko Seller Sukses 5160;Jakarta Pusat;21/02/2023
SEL-05162;Toko Seller Sukses 5161;Yogyakarta;08/01/2023
SEL-05163;Toko Seller Sukses 5162;Makassar;24/05/2021
SEL-05164;Toko Seller Sukses 5163;Cimahi;26/04/2022
SEL-05165;Toko Seller Sukses 5164;Medan;18/09/2022
SEL-05166;Toko Seller Sukses 5165;Yogyakarta;21/07/2022
SEL-05167;Toko Seller Sukses 5166;Bandung;26/11/2021
SEL-05168;Toko Seller Sukses 5167;Makassar;12/06/2021
SEL-05169;Toko Seller Sukses 5168;Makassar;17/08/2022
SEL-05170;Toko Seller Sukses 5169;Medan;08/10/2022
SEL-05171;Toko Seller Sukses 5170;Surabaya;14/09/2022
SEL-05172;Toko Seller Sukses 5171;Cimahi;10/08/2021
SEL-05173;Toko Seller Sukses 5172;Makassar;15/05/2021
SEL-05174;Toko Seller Sukses 5173;Makassar;06/07/2023
SEL-05175;Toko Seller Sukses 5174;Sidoarjo;20/05/2021
SEL-05176;Toko Seller Sukses 5175;Cimahi;26/01/2022
SEL-05177;Toko Seller Sukses 5176;Yogyakarta;25/05/2021
SEL-05178;Toko Seller Sukses 5177;Medan;19/09/2021
SEL-05179;Toko Seller Sukses 5178;Bandung;08/03/2023
SEL-05180;Toko Seller Sukses 5179;Yogyakarta;01/09/2021
SEL-05181;Toko Seller Sukses 5180;Yogyakarta;18/12/2021
SEL-05182;Toko Seller Sukses 5181;Sidoarjo;28/05/2022
SEL-05183;Toko Seller Sukses 5182;Medan;18/02/2022
SEL-05184;Toko Seller Sukses 5183;Surabaya;25/05/2022
SEL-05185;Toko Seller Sukses 5184;Jakarta Pusat;26/06/2021
SEL-05186;Toko Seller Sukses 5185;Yogyakarta;25/04/2022
SEL-05187;Toko Seller Sukses 5186;Sidoarjo;15/12/2021
SEL-05188;Toko Seller Sukses 5187;Cimahi;27/06/2022
SEL-05189;Toko Seller Sukses 5188;Surabaya;30/11/2021
SEL-05190;Toko Seller Sukses 5189;Yogyakarta;04/03/2023
SEL-05191;Toko Seller Sukses 5190;Cimahi;10/06/2021
SEL-05192;Toko Seller Sukses 5191;Makassar;06/09/2022
SEL-05193;Toko Seller Sukses 5192;Bandung;19/02/2023
SEL-05194;Toko Seller Sukses 5193;Sidoarjo;02/11/2021
SEL-05195;Toko Seller Sukses 5194;Makassar;24/06/2023
SEL-05196;Toko Seller Sukses 5195;Medan;26/12/2022
SEL-05197;Toko Seller Sukses 5196;Medan;27/06/2023
SEL-05198;Toko Seller Sukses 5197;Jakarta Selatan;24/08/2022
SEL-05199;Toko Seller Sukses 5198;Makassar;13/07/2022
SEL-05200;Toko Seller Sukses 5199;Cimahi;11/01/2022
SEL-05201;Toko Seller Sukses 5200;Yogyakarta;20/10/2021
SEL-05202;Toko Seller Sukses 5201;Jakarta Selatan;30/06/2023
SEL-05203;Toko Seller Sukses 5202;Jakarta Pusat;26/07/2022
SEL-05204;Toko Seller Sukses 5203;Yogyakarta;12/09/2022
SEL-05205;Toko Seller Sukses 5204;Yogyakarta;23/07/2021
SEL-05206;Toko Seller Sukses 5205;Makassar;17/05/2022
SEL-05207;Toko Seller Sukses 5206;Yogyakarta;29/05/2021
SEL-05208;Toko Seller Sukses 5207;Yogyakarta;08/09/2022
SEL-05209;Toko Seller Sukses 5208;Sidoarjo;08/06/2021
SEL-05210;Toko Seller Sukses 5209;Surabaya;28/06/2023
SEL-05211;Toko Seller Sukses 5210;Surabaya;15/11/2022
SEL-05212;Toko Seller Sukses 5211;Jakarta Selatan;23/06/2022
SEL-05213;Toko Seller Sukses 5212;Medan;16/11/2022
SEL-05214;Toko Seller Sukses 5213;Sidoarjo;01/03/2022
SEL-05215;Toko Seller Sukses 5214;Makassar;01/10/2022
SEL-05216;Toko Seller Sukses 5215;Cimahi;06/09/2021
SEL-05217;Toko Seller Sukses 5216;Cimahi;14/12/2021
SEL-05218;Toko Seller Sukses 5217;Makassar;25/01/2022
SEL-05219;Toko Seller Sukses 5218;Yogyakarta;10/12/2022
SEL-05220;Toko Seller Sukses 5219;Medan;07/07/2023
SEL-05221;Toko Seller Sukses 5220;Medan;14/04/2022
SEL-05222;Toko Seller Sukses 5221;Yogyakarta;01/05/2023
SEL-05223;Toko Seller Sukses 5222;Jakarta Selatan;05/01/2023
SEL-05224;Toko Seller Sukses 5223;Cimahi;06/09/2022
SEL-05225;Toko Seller Sukses 5224;Medan;28/06/2022
SEL-05226;Toko Seller Sukses 5225;Surabaya;06/12/2021
SEL-05227;Toko Seller Sukses 5226;Surabaya;07/05/2023
SEL-05228;Toko Seller Sukses 5227;Jakarta Pusat;16/04/2022
SEL-05229;Toko Seller Sukses 5228;Yogyakarta;15/07/2022
SEL-05230;Toko Seller Sukses 5229;Makassar;10/08/2022
SEL-05231;Toko Seller Sukses 5230;Sidoarjo;20/05/2022
SEL-05232;Toko Seller Sukses 5231;Surabaya;02/09/2022
SEL-05233;Toko Seller Sukses 5232;Jakarta Selatan;20/04/2023
SEL-05234;Toko Seller Sukses 5233;Yogyakarta;19/11/2022
SEL-05235;Toko Seller Sukses 5234;Bandung;31/03/2022
SEL-05236;Toko Seller Sukses 5235;Medan;17/01/2023
SEL-05237;Toko Seller Sukses 5236;Yogyakarta;07/09/2022
SEL-05238;Toko Seller Sukses 5237;Jakarta Pusat;17/03/2022
SEL-05239;Toko Seller Sukses 5238;Surabaya;11/10/2021
SEL-05240;Toko Seller Sukses 5239;Jakarta Pusat;29/10/2022
SEL-05241;Toko Seller Sukses 5240;Jakarta Selatan;18/07/2021
SEL-05242;Toko Seller Sukses 5241;Makassar;05/12/2022
SEL-05243;Toko Seller Sukses 5242;Cimahi;11/03/2023
SEL-05244;Toko Seller Sukses 5243;Yogyakarta;12/06/2023
SEL-05245;Toko Seller Sukses 5244;Yogyakarta;23/11/2022
SEL-05246;Toko Seller Sukses 5245;Yogyakarta;29/05/2023
SEL-05247;Toko Seller Sukses 5246;Medan;03/12/2021
SEL-05248;Toko Seller Sukses 5247;Makassar;16/07/2021
SEL-05249;Toko Seller Sukses 5248;Jakarta Pusat;11/10/2022
SEL-05250;Toko Seller Sukses 5249;Sidoarjo;02/12/2021
SEL-05251;Toko Seller Sukses 5250;Jakarta Selatan;29/05/2021
SEL-05252;Toko Seller Sukses 5251;Makassar;19/10/2021
SEL-05253;Toko Seller Sukses 5252;Surabaya;30/08/2022
SEL-05254;Toko Seller Sukses 5253;Cimahi;28/06/2023
SEL-05255;Toko Seller Sukses 5254;Cimahi;12/09/2021
SEL-05256;Toko Seller Sukses 5255;Yogyakarta;06/01/2023
SEL-05257;Toko Seller Sukses 5256;Yogyakarta;17/10/2021
SEL-05258;Toko Seller Sukses 5257;Medan;30/01/2022
SEL-05259;Toko Seller Sukses 5258;Jakarta Pusat;01/10/2022
SEL-05260;Toko Seller Sukses 5259;Bandung;05/07/2021
SEL-05261;Toko Seller Sukses 5260;Jakarta Pusat;09/05/2023
SEL-05262;Toko Seller Sukses 5261;Surabaya;19/08/2021
SEL-05263;Toko Seller Sukses 5262;Jakarta Pusat;07/01/2022
SEL-05264;Toko Seller Sukses 5263;Jakarta Selatan;25/03/2022
SEL-05265;Toko Seller Sukses 5264;Jakarta Pusat;01/07/2021
SEL-05266;Toko Seller Sukses 5265;Jakarta Selatan;30/12/2021
SEL-05267;Toko Seller Sukses 5266;Medan;25/05/2023
SEL-05268;Toko Seller Sukses 5267;Cimahi;11/01/2023
SEL-05269;Toko Seller Sukses 5268;Makassar;12/08/2021
SEL-05270;Toko Seller Sukses 5269;Makassar;07/12/2021
SEL-05271;Toko Seller Sukses 5270;Jakarta Pusat;25/06/2021
SEL-05272;Toko Seller Sukses 5271;Sidoarjo;09/04/2022
SEL-05273;Toko Seller Sukses 5272;Jakarta Pusat;25/08/2021
SEL-05274;Toko Seller Sukses 5273;Jakarta Pusat;01/03/2022
SEL-05275;Toko Seller Sukses 5274;Sidoarjo;16/09/2022
SEL-05276;Toko Seller Sukses 5275;Surabaya;29/07/2022
SEL-05277;Toko Seller Sukses 5276;Jakarta Selatan;08/04/2022
SEL-05278;Toko Seller Sukses 5277;Yogyakarta;05/02/2022
SEL-05279;Toko Seller Sukses 5278;Medan;13/07/2022
SEL-05280;Toko Seller Sukses 5279;Jakarta Pusat;06/06/2021
SEL-05281;Toko Seller Sukses 5280;Sidoarjo;28/03/2023
SEL-05282;Toko Seller Sukses 5281;Sidoarjo;21/01/2023
SEL-05283;Toko Seller Sukses 5282;Yogyakarta;01/03/2023
SEL-05284;Toko Seller Sukses 5283;Yogyakarta;27/10/2021
SEL-05285;Toko Seller Sukses 5284;Cimahi;04/10/2022
SEL-05286;Toko Seller Sukses 5285;Cimahi;30/06/2021
SEL-05287;Toko Seller Sukses 5286;Surabaya;15/10/2022
SEL-05288;Toko Seller Sukses 5287;Jakarta Pusat;27/02/2022
SEL-05289;Toko Seller Sukses 5288;Sidoarjo;29/05/2023
SEL-05290;Toko Seller Sukses 5289;Jakarta Pusat;24/04/2023
SEL-05291;Toko Seller Sukses 5290;Medan;08/03/2023
SEL-05292;Toko Seller Sukses 5291;Bandung;10/11/2022
SEL-05293;Toko Seller Sukses 5292;Sidoarjo;30/05/2022
SEL-05294;Toko Seller Sukses 5293;Jakarta Pusat;15/08/2022
SEL-05295;Toko Seller Sukses 5294;Jakarta Pusat;06/11/2021
SEL-05296;Toko Seller Sukses 5295;Makassar;14/03/2023
SEL-05297;Toko Seller Sukses 5296;Bandung;15/06/2023
SEL-05298;Toko Seller Sukses 5297;Bandung;26/09/2021
SEL-05299;Toko Seller Sukses 5298;Yogyakarta;27/06/2022
SEL-05300;Toko Seller Sukses 5299;Makassar;12/06/2021
SEL-05301;Toko Seller Sukses 5300;Jakarta Selatan;12/05/2022
SEL-05302;Toko Seller Sukses 5301;Medan;01/09/2021
SEL-05303;Toko Seller Sukses 5302;Makassar;31/10/2022
SEL-05304;Toko Seller Sukses 5303;Yogyakarta;26/08/2022
SEL-05305;Toko Seller Sukses 5304;Yogyakarta;13/09/2021
SEL-05306;Toko Seller Sukses 5305;Sidoarjo;01/11/2022
SEL-05307;Toko Seller Sukses 5306;Yogyakarta;01/06/2023
SEL-05308;Toko Seller Sukses 5307;Surabaya;16/12/2021
SEL-05309;Toko Seller Sukses 5308;Sidoarjo;23/04/2023
SEL-05310;Toko Seller Sukses 5309;Jakarta Selatan;01/11/2022
SEL-05311;Toko Seller Sukses 5310;Yogyakarta;30/06/2022
SEL-05312;Toko Seller Sukses 5311;Yogyakarta;07/12/2021
SEL-05313;Toko Seller Sukses 5312;Bandung;15/04/2022
SEL-05314;Toko Seller Sukses 5313;Jakarta Pusat;17/07/2021
SEL-05315;Toko Seller Sukses 5314;Medan;08/03/2023
SEL-05316;Toko Seller Sukses 5315;Jakarta Selatan;23/03/2022
SEL-05317;Toko Seller Sukses 5316;Medan;04/10/2022
SEL-05318;Toko Seller Sukses 5317;Medan;05/01/2023
SEL-05319;Toko Seller Sukses 5318;Medan;02/10/2021
SEL-05320;Toko Seller Sukses 5319;Makassar;18/06/2021
SEL-05321;Toko Seller Sukses 5320;Sidoarjo;17/06/2021
SEL-05322;Toko Seller Sukses 5321;Jakarta Pusat;26/07/2021
SEL-05323;Toko Seller Sukses 5322;Jakarta Pusat;20/09/2022
SEL-05324;Toko Seller Sukses 5323;Jakarta Selatan;24/06/2022
SEL-05325;Toko Seller Sukses 5324;Surabaya;27/06/2022
SEL-05326;Toko Seller Sukses 5325;Yogyakarta;24/01/2022
SEL-05327;Toko Seller Sukses 5326;Sidoarjo;04/07/2023
SEL-05328;Toko Seller Sukses 5327;Yogyakarta;15/05/2022
SEL-05329;Toko Seller Sukses 5328;Jakarta Pusat;24/09/2022
SEL-05330;Toko Seller Sukses 5329;Surabaya;26/07/2022
SEL-05331;Toko Seller Sukses 5330;Surabaya;04/03/2023
SEL-05332;Toko Seller Sukses 5331;Cimahi;05/06/2023
SEL-05333;Toko Seller Sukses 5332;Surabaya;26/02/2023
SEL-05334;Toko Seller Sukses 5333;Makassar;11/03/2022
SEL-05335;Toko Seller Sukses 5334;Jakarta Pusat;23/12/2021
SEL-05336;Toko Seller Sukses 5335;Yogyakarta;28/04/2023
SEL-05337;Toko Seller Sukses 5336;Medan;18/10/2021
SEL-05338;Toko Seller Sukses 5337;Surabaya;30/10/2022
SEL-05339;Toko Seller Sukses 5338;Medan;03/05/2023
SEL-05340;Toko Seller Sukses 5339;Sidoarjo;13/01/2023
SEL-05341;Toko Seller Sukses 5340;Sidoarjo;16/07/2022
SEL-05342;Toko Seller Sukses 5341;Surabaya;27/01/2023
SEL-05343;Toko Seller Sukses 5342;Bandung;27/08/2022
SEL-05344;Toko Seller Sukses 5343;Makassar;28/03/2023
SEL-05345;Toko Seller Sukses 5344;Yogyakarta;15/06/2022
SEL-05346;Toko Seller Sukses 5345;Sidoarjo;03/06/2022
SEL-05347;Toko Seller Sukses 5346;Sidoarjo;10/04/2022
SEL-05348;Toko Seller Sukses 5347;Jakarta Pusat;12/06/2023
SEL-05349;Toko Seller Sukses 5348;Jakarta Selatan;18/09/2022
SEL-05350;Toko Seller Sukses 5349;Medan;28/07/2022
SEL-05351;Toko Seller Sukses 5350;Bandung;23/11/2021
SEL-05352;Toko Seller Sukses 5351;Jakarta Pusat;19/08/2021
SEL-05353;Toko Seller Sukses 5352;Jakarta Selatan;03/07/2022
SEL-05354;Toko Seller Sukses 5353;Jakarta Selatan;30/01/2023
SEL-05355;Toko Seller Sukses 5354;Sidoarjo;09/11/2022
SEL-05356;Toko Seller Sukses 5355;Surabaya;03/06/2023
SEL-05357;Toko Seller Sukses 5356;Sidoarjo;03/02/2023
SEL-05358;Toko Seller Sukses 5357;Surabaya;20/09/2022
SEL-05359;Toko Seller Sukses 5358;Medan;12/03/2022
SEL-05360;Toko Seller Sukses 5359;Medan;23/07/2022
SEL-05361;Toko Seller Sukses 5360;Yogyakarta;16/11/2022
SEL-05362;Toko Seller Sukses 5361;Bandung;03/12/2022
SEL-05363;Toko Seller Sukses 5362;Sidoarjo;11/05/2023
SEL-05364;Toko Seller Sukses 5363;Sidoarjo;13/06/2023
SEL-05365;Toko Seller Sukses 5364;Medan;23/05/2021
SEL-05366;Toko Seller Sukses 5365;Surabaya;13/04/2022
SEL-05367;Toko Seller Sukses 5366;Medan;25/09/2022
SEL-05368;Toko Seller Sukses 5367;Yogyakarta;09/02/2023
SEL-05369;Toko Seller Sukses 5368;Jakarta Pusat;13/01/2023
SEL-05370;Toko Seller Sukses 5369;Cimahi;20/11/2021
SEL-05371;Toko Seller Sukses 5370;Medan;06/01/2022
SEL-05372;Toko Seller Sukses 5371;Medan;26/07/2022
SEL-05373;Toko Seller Sukses 5372;Jakarta Pusat;09/10/2021
SEL-05374;Toko Seller Sukses 5373;Surabaya;23/05/2021
SEL-05375;Toko Seller Sukses 5374;Surabaya;31/08/2021
SEL-05376;Toko Seller Sukses 5375;Cimahi;22/10/2022
SEL-05377;Toko Seller Sukses 5376;Bandung;07/06/2022
SEL-05378;Toko Seller Sukses 5377;Bandung;06/12/2022
SEL-05379;Toko Seller Sukses 5378;Bandung;02/05/2022
SEL-05380;Toko Seller Sukses 5379;Makassar;31/05/2021
SEL-05381;Toko Seller Sukses 5380;Jakarta Pusat;12/12/2022
SEL-05382;Toko Seller Sukses 5381;Cimahi;25/05/2022
SEL-05383;Toko Seller Sukses 5382;Yogyakarta;17/06/2023
SEL-05384;Toko Seller Sukses 5383;Jakarta Selatan;16/03/2023
SEL-05385;Toko Seller Sukses 5384;Jakarta Pusat;06/07/2022
SEL-05386;Toko Seller Sukses 5385;Jakarta Selatan;24/06/2022
SEL-05387;Toko Seller Sukses 5386;Sidoarjo;11/11/2022
SEL-05388;Toko Seller Sukses 5387;Yogyakarta;28/06/2023
SEL-05389;Toko Seller Sukses 5388;Yogyakarta;05/05/2021
SEL-05390;Toko Seller Sukses 5389;Jakarta Pusat;02/06/2023
SEL-05391;Toko Seller Sukses 5390;Surabaya;14/08/2022
SEL-05392;Toko Seller Sukses 5391;Bandung;04/05/2023
SEL-05393;Toko Seller Sukses 5392;Surabaya;28/04/2022
SEL-05394;Toko Seller Sukses 5393;Bandung;12/05/2023
SEL-05395;Toko Seller Sukses 5394;Medan;17/07/2021
SEL-05396;Toko Seller Sukses 5395;Bandung;07/05/2022
SEL-05397;Toko Seller Sukses 5396;Surabaya;11/05/2021
SEL-05398;Toko Seller Sukses 5397;Makassar;17/04/2023
SEL-05399;Toko Seller Sukses 5398;Makassar;28/07/2022
SEL-05400;Toko Seller Sukses 5399;Yogyakarta;09/04/2023
SEL-05401;Toko Seller Sukses 5400;Yogyakarta;24/05/2022
SEL-05402;Toko Seller Sukses 5401;Yogyakarta;03/06/2023
SEL-05403;Toko Seller Sukses 5402;Jakarta Selatan;19/02/2023
SEL-05404;Toko Seller Sukses 5403;Jakarta Pusat;12/08/2022
SEL-05405;Toko Seller Sukses 5404;Jakarta Pusat;21/11/2022
SEL-05406;Toko Seller Sukses 5405;Jakarta Pusat;04/11/2021
SEL-05407;Toko Seller Sukses 5406;Cimahi;15/06/2021
SEL-05408;Toko Seller Sukses 5407;Sidoarjo;22/06/2021
SEL-05409;Toko Seller Sukses 5408;Makassar;17/09/2022
SEL-05410;Toko Seller Sukses 5409;Medan;04/06/2021
SEL-05411;Toko Seller Sukses 5410;Yogyakarta;28/03/2023
SEL-05412;Toko Seller Sukses 5411;Makassar;12/07/2021
SEL-05413;Toko Seller Sukses 5412;Surabaya;16/09/2021
SEL-05414;Toko Seller Sukses 5413;Jakarta Selatan;05/08/2022
SEL-05415;Toko Seller Sukses 5414;Yogyakarta;19/06/2022
SEL-05416;Toko Seller Sukses 5415;Jakarta Selatan;12/02/2022
SEL-05417;Toko Seller Sukses 5416;Medan;30/03/2023
SEL-05418;Toko Seller Sukses 5417;Makassar;03/08/2022
SEL-05419;Toko Seller Sukses 5418;Jakarta Pusat;21/01/2022
SEL-05420;Toko Seller Sukses 5419;Cimahi;05/04/2022
SEL-05421;Toko Seller Sukses 5420;Sidoarjo;25/07/2021
SEL-05422;Toko Seller Sukses 5421;Bandung;08/07/2023
SEL-05423;Toko Seller Sukses 5422;Surabaya;11/09/2022
SEL-05424;Toko Seller Sukses 5423;Makassar;16/12/2021
SEL-05425;Toko Seller Sukses 5424;Surabaya;20/05/2022
SEL-05426;Toko Seller Sukses 5425;Surabaya;09/08/2021
SEL-05427;Toko Seller Sukses 5426;Cimahi;22/05/2023
SEL-05428;Toko Seller Sukses 5427;Surabaya;05/11/2022
SEL-05429;Toko Seller Sukses 5428;Jakarta Pusat;17/09/2021
SEL-05430;Toko Seller Sukses 5429;Yogyakarta;03/01/2023
SEL-05431;Toko Seller Sukses 5430;Jakarta Selatan;31/05/2021
SEL-05432;Toko Seller Sukses 5431;Makassar;11/10/2022
SEL-05433;Toko Seller Sukses 5432;Surabaya;18/05/2022
SEL-05434;Toko Seller Sukses 5433;Sidoarjo;18/12/2021
SEL-05435;Toko Seller Sukses 5434;Jakarta Pusat;27/10/2021
SEL-05436;Toko Seller Sukses 5435;Surabaya;03/02/2023
SEL-05437;Toko Seller Sukses 5436;Jakarta Selatan;19/05/2023
SEL-05438;Toko Seller Sukses 5437;Jakarta Pusat;01/07/2023
SEL-05439;Toko Seller Sukses 5438;Bandung;21/04/2023
SEL-05440;Toko Seller Sukses 5439;Surabaya;30/11/2021
SEL-05441;Toko Seller Sukses 5440;Surabaya;29/06/2022
SEL-05442;Toko Seller Sukses 5441;Medan;15/12/2022
SEL-05443;Toko Seller Sukses 5442;Sidoarjo;18/03/2023
SEL-05444;Toko Seller Sukses 5443;Jakarta Selatan;13/11/2021
SEL-05445;Toko Seller Sukses 5444;Medan;21/02/2023
SEL-05446;Toko Seller Sukses 5445;Surabaya;04/07/2021
SEL-05447;Toko Seller Sukses 5446;Sidoarjo;04/02/2022
SEL-05448;Toko Seller Sukses 5447;Jakarta Pusat;11/05/2022
SEL-05449;Toko Seller Sukses 5448;Sidoarjo;14/05/2021
SEL-05450;Toko Seller Sukses 5449;Yogyakarta;29/03/2022
SEL-05451;Toko Seller Sukses 5450;Medan;02/11/2021
SEL-05452;Toko Seller Sukses 5451;Cimahi;09/07/2023
SEL-05453;Toko Seller Sukses 5452;Jakarta Pusat;30/04/2023
SEL-05454;Toko Seller Sukses 5453;Jakarta Selatan;09/07/2022
SEL-05455;Toko Seller Sukses 5454;Jakarta Pusat;06/08/2022
SEL-05456;Toko Seller Sukses 5455;Makassar;05/09/2022
SEL-05457;Toko Seller Sukses 5456;Jakarta Selatan;26/06/2021
SEL-05458;Toko Seller Sukses 5457;Jakarta Pusat;11/07/2022
SEL-05459;Toko Seller Sukses 5458;Surabaya;23/02/2022
SEL-05460;Toko Seller Sukses 5459;Yogyakarta;19/08/2021
SEL-05461;Toko Seller Sukses 5460;Surabaya;10/06/2021
SEL-05462;Toko Seller Sukses 5461;Sidoarjo;30/06/2023
SEL-05463;Toko Seller Sukses 5462;Cimahi;17/04/2022
SEL-05464;Toko Seller Sukses 5463;Makassar;22/02/2023
SEL-05465;Toko Seller Sukses 5464;Cimahi;18/10/2021
SEL-05466;Toko Seller Sukses 5465;Medan;16/11/2022
SEL-05467;Toko Seller Sukses 5466;Surabaya;21/02/2023
SEL-05468;Toko Seller Sukses 5467;Bandung;06/05/2021
SEL-05469;Toko Seller Sukses 5468;Jakarta Pusat;03/06/2023
SEL-05470;Toko Seller Sukses 5469;Jakarta Pusat;17/11/2022
SEL-05471;Toko Seller Sukses 5470;Jakarta Selatan;23/03/2022
SEL-05472;Toko Seller Sukses 5471;Yogyakarta;09/08/2022
SEL-05473;Toko Seller Sukses 5472;Sidoarjo;11/05/2021
SEL-05474;Toko Seller Sukses 5473;Cimahi;02/04/2023
SEL-05475;Toko Seller Sukses 5474;Jakarta Pusat;22/05/2021
SEL-05476;Toko Seller Sukses 5475;Sidoarjo;04/07/2021
SEL-05477;Toko Seller Sukses 5476;Jakarta Pusat;27/09/2021
SEL-05478;Toko Seller Sukses 5477;Makassar;31/12/2022
SEL-05479;Toko Seller Sukses 5478;Bandung;11/09/2022
SEL-05480;Toko Seller Sukses 5479;Surabaya;31/05/2021
SEL-05481;Toko Seller Sukses 5480;Medan;04/03/2022
SEL-05482;Toko Seller Sukses 5481;Makassar;03/11/2022
SEL-05483;Toko Seller Sukses 5482;Yogyakarta;26/07/2022
SEL-05484;Toko Seller Sukses 5483;Jakarta Pusat;19/04/2023
SEL-05485;Toko Seller Sukses 5484;Surabaya;29/05/2022
SEL-05486;Toko Seller Sukses 5485;Surabaya;17/12/2022
SEL-05487;Toko Seller Sukses 5486;Yogyakarta;17/06/2023
SEL-05488;Toko Seller Sukses 5487;Jakarta Selatan;20/07/2022
SEL-05489;Toko Seller Sukses 5488;Medan;08/05/2022
SEL-05490;Toko Seller Sukses 5489;Yogyakarta;21/05/2023
SEL-05491;Toko Seller Sukses 5490;Surabaya;21/05/2022
SEL-05492;Toko Seller Sukses 5491;Jakarta Pusat;19/12/2022
SEL-05493;Toko Seller Sukses 5492;Yogyakarta;13/08/2021
SEL-05494;Toko Seller Sukses 5493;Bandung;23/09/2021
SEL-05495;Toko Seller Sukses 5494;Makassar;17/10/2022
SEL-05496;Toko Seller Sukses 5495;Yogyakarta;25/09/2022
SEL-05497;Toko Seller Sukses 5496;Jakarta Pusat;19/12/2021
SEL-05498;Toko Seller Sukses 5497;Cimahi;12/09/2021
SEL-05499;Toko Seller Sukses 5498;Yogyakarta;01/07/2022
SEL-05500;Toko Seller Sukses 5499;Makassar;01/08/2021
SEL-05501;Toko Seller Sukses 5500;Jakarta Selatan;24/12/2021
SEL-05502;Toko Seller Sukses 5501;Bandung;17/01/2022
SEL-05503;Toko Seller Sukses 5502;Makassar;22/02/2023
SEL-05504;Toko Seller Sukses 5503;Sidoarjo;09/07/2021
SEL-05505;Toko Seller Sukses 5504;Surabaya;04/06/2022
SEL-05506;Toko Seller Sukses 5505;Jakarta Selatan;14/04/2023
SEL-05507;Toko Seller Sukses 5506;Bandung;30/05/2021
SEL-05508;Toko Seller Sukses 5507;Surabaya;17/03/2022
SEL-05509;Toko Seller Sukses 5508;Jakarta Selatan;20/04/2023
SEL-05510;Toko Seller Sukses 5509;Makassar;30/09/2021
SEL-05511;Toko Seller Sukses 5510;Jakarta Selatan;29/06/2023
SEL-05512;Toko Seller Sukses 5511;Medan;09/12/2022
SEL-05513;Toko Seller Sukses 5512;Jakarta Pusat;04/02/2023
SEL-05514;Toko Seller Sukses 5513;Cimahi;03/06/2022
SEL-05515;Toko Seller Sukses 5514;Jakarta Pusat;17/09/2022
SEL-05516;Toko Seller Sukses 5515;Jakarta Pusat;05/10/2021
SEL-05517;Toko Seller Sukses 5516;Cimahi;21/05/2021
SEL-05518;Toko Seller Sukses 5517;Bandung;27/07/2022
SEL-05519;Toko Seller Sukses 5518;Cimahi;15/10/2021
SEL-05520;Toko Seller Sukses 5519;Medan;24/08/2021
SEL-05521;Toko Seller Sukses 5520;Surabaya;18/04/2022
SEL-05522;Toko Seller Sukses 5521;Cimahi;25/06/2021
SEL-05523;Toko Seller Sukses 5522;Surabaya;03/01/2023
SEL-05524;Toko Seller Sukses 5523;Jakarta Pusat;08/10/2021
SEL-05525;Toko Seller Sukses 5524;Surabaya;19/10/2021
SEL-05526;Toko Seller Sukses 5525;Surabaya;31/12/2021
SEL-05527;Toko Seller Sukses 5526;Yogyakarta;21/02/2023
SEL-05528;Toko Seller Sukses 5527;Jakarta Pusat;20/11/2021
SEL-05529;Toko Seller Sukses 5528;Cimahi;03/07/2023
SEL-05530;Toko Seller Sukses 5529;Jakarta Pusat;05/05/2021
SEL-05531;Toko Seller Sukses 5530;Jakarta Selatan;11/05/2023
SEL-05532;Toko Seller Sukses 5531;Jakarta Pusat;26/05/2022
SEL-05533;Toko Seller Sukses 5532;Bandung;15/05/2022
SEL-05534;Toko Seller Sukses 5533;Surabaya;01/05/2021
SEL-05535;Toko Seller Sukses 5534;Sidoarjo;29/01/2022
SEL-05536;Toko Seller Sukses 5535;Cimahi;07/09/2021
SEL-05537;Toko Seller Sukses 5536;Sidoarjo;10/09/2022
SEL-05538;Toko Seller Sukses 5537;Makassar;17/06/2022
SEL-05539;Toko Seller Sukses 5538;Jakarta Selatan;28/05/2022
SEL-05540;Toko Seller Sukses 5539;Bandung;26/12/2021
SEL-05541;Toko Seller Sukses 5540;Medan;26/11/2021
SEL-05542;Toko Seller Sukses 5541;Medan;09/07/2021
SEL-05543;Toko Seller Sukses 5542;Medan;22/02/2023
SEL-05544;Toko Seller Sukses 5543;Makassar;05/12/2021
SEL-05545;Toko Seller Sukses 5544;Medan;31/03/2023
SEL-05546;Toko Seller Sukses 5545;Medan;02/11/2022
SEL-05547;Toko Seller Sukses 5546;Bandung;14/12/2022
SEL-05548;Toko Seller Sukses 5547;Medan;25/04/2022
SEL-05549;Toko Seller Sukses 5548;Bandung;21/12/2021
SEL-05550;Toko Seller Sukses 5549;Surabaya;02/06/2023
SEL-05551;Toko Seller Sukses 5550;Sidoarjo;03/11/2022
SEL-05552;Toko Seller Sukses 5551;Cimahi;29/08/2021
SEL-05553;Toko Seller Sukses 5552;Jakarta Pusat;25/09/2021
SEL-05554;Toko Seller Sukses 5553;Sidoarjo;14/06/2021
SEL-05555;Toko Seller Sukses 5554;Jakarta Pusat;04/08/2022
SEL-05556;Toko Seller Sukses 5555;Medan;10/10/2021
SEL-05557;Toko Seller Sukses 5556;Jakarta Selatan;20/03/2023
SEL-05558;Toko Seller Sukses 5557;Jakarta Pusat;14/02/2022
SEL-05559;Toko Seller Sukses 5558;Sidoarjo;30/07/2021
SEL-05560;Toko Seller Sukses 5559;Medan;27/10/2021
SEL-05561;Toko Seller Sukses 5560;Medan;30/06/2023
SEL-05562;Toko Seller Sukses 5561;Surabaya;25/11/2022
SEL-05563;Toko Seller Sukses 5562;Cimahi;14/06/2023
SEL-05564;Toko Seller Sukses 5563;Surabaya;20/05/2023
SEL-05565;Toko Seller Sukses 5564;Surabaya;10/12/2022
SEL-05566;Toko Seller Sukses 5565;Medan;21/09/2022
SEL-05567;Toko Seller Sukses 5566;Medan;17/10/2022
SEL-05568;Toko Seller Sukses 5567;Yogyakarta;26/11/2021
SEL-05569;Toko Seller Sukses 5568;Sidoarjo;20/03/2022
SEL-05570;Toko Seller Sukses 5569;Makassar;12/05/2021
SEL-05571;Toko Seller Sukses 5570;Jakarta Selatan;21/10/2021
SEL-05572;Toko Seller Sukses 5571;Jakarta Pusat;29/08/2022
SEL-05573;Toko Seller Sukses 5572;Yogyakarta;24/04/2023
SEL-05574;Toko Seller Sukses 5573;Bandung;27/12/2021
SEL-05575;Toko Seller Sukses 5574;Bandung;24/07/2022
SEL-05576;Toko Seller Sukses 5575;Sidoarjo;01/09/2021
SEL-05577;Toko Seller Sukses 5576;Medan;13/10/2021
SEL-05578;Toko Seller Sukses 5577;Sidoarjo;02/02/2022
SEL-05579;Toko Seller Sukses 5578;Cimahi;22/10/2021
SEL-05580;Toko Seller Sukses 5579;Medan;24/05/2022
SEL-05581;Toko Seller Sukses 5580;Cimahi;30/12/2021
SEL-05582;Toko Seller Sukses 5581;Cimahi;08/07/2021
SEL-05583;Toko Seller Sukses 5582;Cimahi;19/11/2021
SEL-05584;Toko Seller Sukses 5583;Bandung;15/11/2022
SEL-05585;Toko Seller Sukses 5584;Sidoarjo;19/01/2023
SEL-05586;Toko Seller Sukses 5585;Bandung;07/02/2022
SEL-05587;Toko Seller Sukses 5586;Jakarta Selatan;08/03/2022
SEL-05588;Toko Seller Sukses 5587;Yogyakarta;02/07/2023
SEL-05589;Toko Seller Sukses 5588;Makassar;01/06/2022
SEL-05590;Toko Seller Sukses 5589;Medan;04/11/2021
SEL-05591;Toko Seller Sukses 5590;Sidoarjo;02/02/2023
SEL-05592;Toko Seller Sukses 5591;Cimahi;15/01/2022
SEL-05593;Toko Seller Sukses 5592;Makassar;29/06/2021
SEL-05594;Toko Seller Sukses 5593;Jakarta Pusat;29/06/2023
SEL-05595;Toko Seller Sukses 5594;Jakarta Pusat;01/11/2021
SEL-05596;Toko Seller Sukses 5595;Cimahi;02/04/2023
SEL-05597;Toko Seller Sukses 5596;Surabaya;26/10/2022
SEL-05598;Toko Seller Sukses 5597;Yogyakarta;08/03/2022
SEL-05599;Toko Seller Sukses 5598;Surabaya;16/10/2021
SEL-05600;Toko Seller Sukses 5599;Sidoarjo;26/03/2022
SEL-05601;Toko Seller Sukses 5600;Medan;03/07/2023
SEL-05602;Toko Seller Sukses 5601;Bandung;27/04/2022
SEL-05603;Toko Seller Sukses 5602;Medan;18/04/2022
SEL-05604;Toko Seller Sukses 5603;Medan;01/03/2022
SEL-05605;Toko Seller Sukses 5604;Makassar;16/11/2022
SEL-05606;Toko Seller Sukses 5605;Bandung;14/06/2021
SEL-05607;Toko Seller Sukses 5606;Yogyakarta;09/07/2023
SEL-05608;Toko Seller Sukses 5607;Makassar;17/05/2023
SEL-05609;Toko Seller Sukses 5608;Cimahi;26/04/2023
SEL-05610;Toko Seller Sukses 5609;Cimahi;09/04/2022
SEL-05611;Toko Seller Sukses 5610;Jakarta Selatan;01/10/2021
SEL-05612;Toko Seller Sukses 5611;Surabaya;14/04/2022
SEL-05613;Toko Seller Sukses 5612;Jakarta Selatan;06/11/2021
SEL-05614;Toko Seller Sukses 5613;Cimahi;02/07/2021
SEL-05615;Toko Seller Sukses 5614;Jakarta Pusat;16/01/2023
SEL-05616;Toko Seller Sukses 5615;Makassar;10/02/2022
SEL-05617;Toko Seller Sukses 5616;Yogyakarta;25/05/2021
SEL-05618;Toko Seller Sukses 5617;Cimahi;09/05/2023
SEL-05619;Toko Seller Sukses 5618;Makassar;17/02/2022
SEL-05620;Toko Seller Sukses 5619;Makassar;29/07/2022
SEL-05621;Toko Seller Sukses 5620;Makassar;11/11/2022
SEL-05622;Toko Seller Sukses 5621;Yogyakarta;26/12/2022
SEL-05623;Toko Seller Sukses 5622;Surabaya;28/04/2023
SEL-05624;Toko Seller Sukses 5623;Medan;29/10/2021
SEL-05625;Toko Seller Sukses 5624;Yogyakarta;16/02/2022
SEL-05626;Toko Seller Sukses 5625;Bandung;23/06/2022
SEL-05627;Toko Seller Sukses 5626;Bandung;21/04/2022
SEL-05628;Toko Seller Sukses 5627;Cimahi;07/08/2022
SEL-05629;Toko Seller Sukses 5628;Sidoarjo;25/01/2023
SEL-05630;Toko Seller Sukses 5629;Yogyakarta;21/03/2022
SEL-05631;Toko Seller Sukses 5630;Medan;31/05/2021
SEL-05632;Toko Seller Sukses 5631;Jakarta Selatan;07/12/2021
SEL-05633;Toko Seller Sukses 5632;Sidoarjo;26/05/2022
SEL-05634;Toko Seller Sukses 5633;Bandung;04/07/2021
SEL-05635;Toko Seller Sukses 5634;Yogyakarta;04/11/2022
SEL-05636;Toko Seller Sukses 5635;Makassar;20/07/2021
SEL-05637;Toko Seller Sukses 5636;Medan;02/10/2022
SEL-05638;Toko Seller Sukses 5637;Medan;28/05/2023
SEL-05639;Toko Seller Sukses 5638;Sidoarjo;04/09/2022
SEL-05640;Toko Seller Sukses 5639;Medan;01/05/2023
SEL-05641;Toko Seller Sukses 5640;Makassar;09/06/2022
SEL-05642;Toko Seller Sukses 5641;Cimahi;18/11/2021
SEL-05643;Toko Seller Sukses 5642;Bandung;11/04/2022
SEL-05644;Toko Seller Sukses 5643;Medan;05/04/2022
SEL-05645;Toko Seller Sukses 5644;Yogyakarta;09/06/2023
SEL-05646;Toko Seller Sukses 5645;Makassar;25/02/2022
SEL-05647;Toko Seller Sukses 5646;Cimahi;22/10/2021
SEL-05648;Toko Seller Sukses 5647;Jakarta Pusat;09/03/2022
SEL-05649;Toko Seller Sukses 5648;Medan;13/02/2022
SEL-05650;Toko Seller Sukses 5649;Medan;02/07/2021
SEL-05651;Toko Seller Sukses 5650;Makassar;23/02/2023
SEL-05652;Toko Seller Sukses 5651;Yogyakarta;05/06/2022
SEL-05653;Toko Seller Sukses 5652;Bandung;21/11/2022
SEL-05654;Toko Seller Sukses 5653;Makassar;18/10/2021
SEL-05655;Toko Seller Sukses 5654;Medan;31/03/2023
SEL-05656;Toko Seller Sukses 5655;Makassar;15/03/2022
SEL-05657;Toko Seller Sukses 5656;Cimahi;06/01/2022
SEL-05658;Toko Seller Sukses 5657;Medan;21/01/2022
SEL-05659;Toko Seller Sukses 5658;Bandung;02/08/2021
SEL-05660;Toko Seller Sukses 5659;Medan;03/01/2023
SEL-05661;Toko Seller Sukses 5660;Surabaya;11/04/2023
SEL-05662;Toko Seller Sukses 5661;Jakarta Pusat;06/10/2021
SEL-05663;Toko Seller Sukses 5662;Bandung;22/07/2021
SEL-05664;Toko Seller Sukses 5663;Medan;15/04/2022
SEL-05665;Toko Seller Sukses 5664;Medan;27/04/2022
SEL-05666;Toko Seller Sukses 5665;Makassar;06/02/2023
SEL-05667;Toko Seller Sukses 5666;Cimahi;20/12/2021
SEL-05668;Toko Seller Sukses 5667;Surabaya;23/01/2023
SEL-05669;Toko Seller Sukses 5668;Jakarta Selatan;15/11/2021
SEL-05670;Toko Seller Sukses 5669;Sidoarjo;22/03/2022
SEL-05671;Toko Seller Sukses 5670;Jakarta Pusat;13/11/2021
SEL-05672;Toko Seller Sukses 5671;Surabaya;30/01/2023
SEL-05673;Toko Seller Sukses 5672;Cimahi;27/09/2021
SEL-05674;Toko Seller Sukses 5673;Cimahi;13/08/2022
SEL-05675;Toko Seller Sukses 5674;Yogyakarta;05/04/2023
SEL-05676;Toko Seller Sukses 5675;Yogyakarta;08/03/2022
SEL-05677;Toko Seller Sukses 5676;Medan;05/10/2021
SEL-05678;Toko Seller Sukses 5677;Yogyakarta;02/05/2021
SEL-05679;Toko Seller Sukses 5678;Jakarta Pusat;16/11/2021
SEL-05680;Toko Seller Sukses 5679;Jakarta Selatan;17/05/2022
SEL-05681;Toko Seller Sukses 5680;Bandung;01/12/2021
SEL-05682;Toko Seller Sukses 5681;Medan;04/12/2021
SEL-05683;Toko Seller Sukses 5682;Jakarta Pusat;29/04/2023
SEL-05684;Toko Seller Sukses 5683;Jakarta Pusat;23/10/2022
SEL-05685;Toko Seller Sukses 5684;Bandung;04/04/2022
SEL-05686;Toko Seller Sukses 5685;Bandung;09/12/2021
SEL-05687;Toko Seller Sukses 5686;Sidoarjo;26/05/2021
SEL-05688;Toko Seller Sukses 5687;Yogyakarta;15/03/2022
SEL-05689;Toko Seller Sukses 5688;Cimahi;16/05/2022
SEL-05690;Toko Seller Sukses 5689;Jakarta Selatan;02/06/2021
SEL-05691;Toko Seller Sukses 5690;Yogyakarta;28/01/2022
SEL-05692;Toko Seller Sukses 5691;Jakarta Selatan;11/09/2022
SEL-05693;Toko Seller Sukses 5692;Jakarta Pusat;14/04/2023
SEL-05694;Toko Seller Sukses 5693;Jakarta Selatan;15/11/2021
SEL-05695;Toko Seller Sukses 5694;Bandung;03/06/2023
SEL-05696;Toko Seller Sukses 5695;Makassar;30/06/2023
SEL-05697;Toko Seller Sukses 5696;Surabaya;11/02/2023
SEL-05698;Toko Seller Sukses 5697;Cimahi;14/08/2022
SEL-05699;Toko Seller Sukses 5698;Yogyakarta;04/03/2023
SEL-05700;Toko Seller Sukses 5699;Yogyakarta;10/11/2022
SEL-05701;Toko Seller Sukses 5700;Jakarta Pusat;09/06/2021
SEL-05702;Toko Seller Sukses 5701;Surabaya;01/07/2023
SEL-05703;Toko Seller Sukses 5702;Cimahi;16/01/2022
SEL-05704;Toko Seller Sukses 5703;Sidoarjo;23/10/2022
SEL-05705;Toko Seller Sukses 5704;Jakarta Pusat;04/10/2022
SEL-05706;Toko Seller Sukses 5705;Yogyakarta;03/04/2023
SEL-05707;Toko Seller Sukses 5706;Yogyakarta;19/05/2021
SEL-05708;Toko Seller Sukses 5707;Jakarta Pusat;03/10/2021
SEL-05709;Toko Seller Sukses 5708;Yogyakarta;22/03/2022
SEL-05710;Toko Seller Sukses 5709;Yogyakarta;19/11/2022
SEL-05711;Toko Seller Sukses 5710;Medan;04/05/2022
SEL-05712;Toko Seller Sukses 5711;Surabaya;19/05/2021
SEL-05713;Toko Seller Sukses 5712;Cimahi;12/06/2022
SEL-05714;Toko Seller Sukses 5713;Yogyakarta;14/07/2021
SEL-05715;Toko Seller Sukses 5714;Jakarta Selatan;17/12/2021
SEL-05716;Toko Seller Sukses 5715;Surabaya;23/07/2022
SEL-05717;Toko Seller Sukses 5716;Jakarta Selatan;07/08/2021
SEL-05718;Toko Seller Sukses 5717;Surabaya;28/05/2023
SEL-05719;Toko Seller Sukses 5718;Yogyakarta;25/07/2022
SEL-05720;Toko Seller Sukses 5719;Medan;30/06/2021
SEL-05721;Toko Seller Sukses 5720;Cimahi;23/05/2022
SEL-05722;Toko Seller Sukses 5721;Sidoarjo;18/04/2023
SEL-05723;Toko Seller Sukses 5722;Surabaya;06/04/2022
SEL-05724;Toko Seller Sukses 5723;Makassar;08/04/2023
SEL-05725;Toko Seller Sukses 5724;Jakarta Pusat;19/03/2022
SEL-05726;Toko Seller Sukses 5725;Cimahi;18/12/2022
SEL-05727;Toko Seller Sukses 5726;Medan;06/12/2021
SEL-05728;Toko Seller Sukses 5727;Medan;26/11/2021
SEL-05729;Toko Seller Sukses 5728;Surabaya;18/07/2022
SEL-05730;Toko Seller Sukses 5729;Yogyakarta;13/08/2022
SEL-05731;Toko Seller Sukses 5730;Makassar;17/12/2022
SEL-05732;Toko Seller Sukses 5731;Surabaya;28/12/2022
SEL-05733;Toko Seller Sukses 5732;Bandung;22/05/2022
SEL-05734;Toko Seller Sukses 5733;Jakarta Pusat;23/01/2023
SEL-05735;Toko Seller Sukses 5734;Yogyakarta;21/06/2022
SEL-05736;Toko Seller Sukses 5735;Bandung;21/08/2022
SEL-05737;Toko Seller Sukses 5736;Cimahi;10/12/2021
SEL-05738;Toko Seller Sukses 5737;Makassar;12/07/2021
SEL-05739;Toko Seller Sukses 5738;Cimahi;27/06/2022
SEL-05740;Toko Seller Sukses 5739;Makassar;22/12/2021
SEL-05741;Toko Seller Sukses 5740;Surabaya;23/06/2023
SEL-05742;Toko Seller Sukses 5741;Yogyakarta;19/01/2023
SEL-05743;Toko Seller Sukses 5742;Yogyakarta;23/10/2022
SEL-05744;Toko Seller Sukses 5743;Yogyakarta;29/10/2021
SEL-05745;Toko Seller Sukses 5744;Sidoarjo;10/03/2022
SEL-05746;Toko Seller Sukses 5745;Jakarta Selatan;07/06/2021
SEL-05747;Toko Seller Sukses 5746;Bandung;26/01/2023
SEL-05748;Toko Seller Sukses 5747;Makassar;14/12/2021
SEL-05749;Toko Seller Sukses 5748;Sidoarjo;23/09/2022
SEL-05750;Toko Seller Sukses 5749;Yogyakarta;08/10/2021
SEL-05751;Toko Seller Sukses 5750;Surabaya;10/01/2023
SEL-05752;Toko Seller Sukses 5751;Medan;11/06/2021
SEL-05753;Toko Seller Sukses 5752;Surabaya;06/07/2021
SEL-05754;Toko Seller Sukses 5753;Medan;12/08/2021
SEL-05755;Toko Seller Sukses 5754;Jakarta Selatan;29/01/2023
SEL-05756;Toko Seller Sukses 5755;Medan;28/06/2023
SEL-05757;Toko Seller Sukses 5756;Sidoarjo;29/04/2023
SEL-05758;Toko Seller Sukses 5757;Bandung;13/02/2023
SEL-05759;Toko Seller Sukses 5758;Makassar;29/12/2021
SEL-05760;Toko Seller Sukses 5759;Cimahi;01/10/2021
SEL-05761;Toko Seller Sukses 5760;Jakarta Pusat;16/09/2021
SEL-05762;Toko Seller Sukses 5761;Surabaya;15/04/2022
SEL-05763;Toko Seller Sukses 5762;Cimahi;15/07/2021
SEL-05764;Toko Seller Sukses 5763;Sidoarjo;07/11/2022
SEL-05765;Toko Seller Sukses 5764;Surabaya;23/02/2022
SEL-05766;Toko Seller Sukses 5765;Bandung;30/08/2022
SEL-05767;Toko Seller Sukses 5766;Cimahi;09/11/2021
SEL-05768;Toko Seller Sukses 5767;Jakarta Selatan;05/02/2022
SEL-05769;Toko Seller Sukses 5768;Surabaya;13/04/2023
SEL-05770;Toko Seller Sukses 5769;Cimahi;03/07/2021
SEL-05771;Toko Seller Sukses 5770;Sidoarjo;17/05/2021
SEL-05772;Toko Seller Sukses 5771;Makassar;28/09/2022
SEL-05773;Toko Seller Sukses 5772;Surabaya;22/01/2023
SEL-05774;Toko Seller Sukses 5773;Medan;11/08/2022
SEL-05775;Toko Seller Sukses 5774;Yogyakarta;05/06/2021
SEL-05776;Toko Seller Sukses 5775;Cimahi;04/01/2023
SEL-05777;Toko Seller Sukses 5776;Cimahi;22/06/2021
SEL-05778;Toko Seller Sukses 5777;Yogyakarta;10/07/2022
SEL-05779;Toko Seller Sukses 5778;Jakarta Selatan;31/03/2022
SEL-05780;Toko Seller Sukses 5779;Jakarta Pusat;05/10/2021
SEL-05781;Toko Seller Sukses 5780;Medan;25/06/2021
SEL-05782;Toko Seller Sukses 5781;Sidoarjo;20/08/2022
SEL-05783;Toko Seller Sukses 5782;Bandung;07/10/2022
SEL-05784;Toko Seller Sukses 5783;Yogyakarta;02/06/2022
SEL-05785;Toko Seller Sukses 5784;Makassar;17/02/2023
SEL-05786;Toko Seller Sukses 5785;Medan;06/04/2022
SEL-05787;Toko Seller Sukses 5786;Medan;02/09/2021
SEL-05788;Toko Seller Sukses 5787;Jakarta Pusat;05/02/2022
SEL-05789;Toko Seller Sukses 5788;Cimahi;26/12/2022
SEL-05790;Toko Seller Sukses 5789;Sidoarjo;10/06/2023
SEL-05791;Toko Seller Sukses 5790;Makassar;23/05/2022
SEL-05792;Toko Seller Sukses 5791;Bandung;11/05/2022
SEL-05793;Toko Seller Sukses 5792;Cimahi;28/01/2022
SEL-05794;Toko Seller Sukses 5793;Medan;20/10/2021
SEL-05795;Toko Seller Sukses 5794;Jakarta Selatan;08/09/2021
SEL-05796;Toko Seller Sukses 5795;Cimahi;12/02/2023
SEL-05797;Toko Seller Sukses 5796;Cimahi;03/07/2022
SEL-05798;Toko Seller Sukses 5797;Makassar;22/02/2022
SEL-05799;Toko Seller Sukses 5798;Surabaya;04/12/2021
SEL-05800;Toko Seller Sukses 5799;Makassar;14/03/2023
SEL-05801;Toko Seller Sukses 5800;Jakarta Selatan;24/11/2021
SEL-05802;Toko Seller Sukses 5801;Surabaya;19/07/2021
SEL-05803;Toko Seller Sukses 5802;Makassar;12/01/2023
SEL-05804;Toko Seller Sukses 5803;Makassar;29/05/2023
SEL-05805;Toko Seller Sukses 5804;Makassar;27/04/2023
SEL-05806;Toko Seller Sukses 5805;Medan;01/07/2023
SEL-05807;Toko Seller Sukses 5806;Makassar;13/06/2021
SEL-05808;Toko Seller Sukses 5807;Jakarta Selatan;12/07/2022
SEL-05809;Toko Seller Sukses 5808;Makassar;08/12/2022
SEL-05810;Toko Seller Sukses 5809;Surabaya;22/01/2022
SEL-05811;Toko Seller Sukses 5810;Jakarta Pusat;23/11/2022
SEL-05812;Toko Seller Sukses 5811;Makassar;02/09/2021
SEL-05813;Toko Seller Sukses 5812;Jakarta Pusat;15/11/2021
SEL-05814;Toko Seller Sukses 5813;Makassar;02/03/2022
SEL-05815;Toko Seller Sukses 5814;Jakarta Pusat;16/07/2022
SEL-05816;Toko Seller Sukses 5815;Medan;26/11/2022
SEL-05817;Toko Seller Sukses 5816;Bandung;17/11/2021
SEL-05818;Toko Seller Sukses 5817;Bandung;12/03/2023
SEL-05819;Toko Seller Sukses 5818;Jakarta Selatan;17/05/2022
SEL-05820;Toko Seller Sukses 5819;Jakarta Pusat;11/03/2022
SEL-05821;Toko Seller Sukses 5820;Jakarta Pusat;17/08/2022
SEL-05822;Toko Seller Sukses 5821;Cimahi;22/05/2021
SEL-05823;Toko Seller Sukses 5822;Makassar;11/08/2022
SEL-05824;Toko Seller Sukses 5823;Jakarta Selatan;23/02/2023
SEL-05825;Toko Seller Sukses 5824;Cimahi;11/11/2022
SEL-05826;Toko Seller Sukses 5825;Makassar;26/09/2022
SEL-05827;Toko Seller Sukses 5826;Jakarta Selatan;13/02/2022
SEL-05828;Toko Seller Sukses 5827;Surabaya;11/07/2022
SEL-05829;Toko Seller Sukses 5828;Sidoarjo;02/12/2022
SEL-05830;Toko Seller Sukses 5829;Medan;26/09/2021
SEL-05831;Toko Seller Sukses 5830;Jakarta Pusat;07/07/2022
SEL-05832;Toko Seller Sukses 5831;Medan;17/07/2022
SEL-05833;Toko Seller Sukses 5832;Surabaya;17/05/2023
SEL-05834;Toko Seller Sukses 5833;Cimahi;30/04/2023
SEL-05835;Toko Seller Sukses 5834;Medan;26/03/2022
SEL-05836;Toko Seller Sukses 5835;Medan;06/12/2021
SEL-05837;Toko Seller Sukses 5836;Bandung;04/02/2022
SEL-05838;Toko Seller Sukses 5837;Medan;15/01/2023
SEL-05839;Toko Seller Sukses 5838;Jakarta Pusat;20/12/2022
SEL-05840;Toko Seller Sukses 5839;Sidoarjo;04/02/2022
SEL-05841;Toko Seller Sukses 5840;Surabaya;11/12/2021
SEL-05842;Toko Seller Sukses 5841;Jakarta Selatan;05/08/2021
SEL-05843;Toko Seller Sukses 5842;Sidoarjo;30/01/2022
SEL-05844;Toko Seller Sukses 5843;Jakarta Pusat;24/04/2023
SEL-05845;Toko Seller Sukses 5844;Jakarta Pusat;24/09/2021
SEL-05846;Toko Seller Sukses 5845;Yogyakarta;29/04/2023
SEL-05847;Toko Seller Sukses 5846;Yogyakarta;29/08/2022
SEL-05848;Toko Seller Sukses 5847;Bandung;18/11/2021
SEL-05849;Toko Seller Sukses 5848;Sidoarjo;21/05/2023
SEL-05850;Toko Seller Sukses 5849;Sidoarjo;24/07/2022
SEL-05851;Toko Seller Sukses 5850;Yogyakarta;19/03/2022
SEL-05852;Toko Seller Sukses 5851;Cimahi;21/12/2022
SEL-05853;Toko Seller Sukses 5852;Jakarta Pusat;02/03/2022
SEL-05854;Toko Seller Sukses 5853;Surabaya;21/06/2023
SEL-05855;Toko Seller Sukses 5854;Cimahi;04/04/2023
SEL-05856;Toko Seller Sukses 5855;Cimahi;13/02/2022
SEL-05857;Toko Seller Sukses 5856;Bandung;05/10/2021
SEL-05858;Toko Seller Sukses 5857;Bandung;13/06/2023
SEL-05859;Toko Seller Sukses 5858;Jakarta Selatan;07/10/2021
SEL-05860;Toko Seller Sukses 5859;Bandung;25/11/2021
SEL-05861;Toko Seller Sukses 5860;Surabaya;01/07/2023
SEL-05862;Toko Seller Sukses 5861;Sidoarjo;09/05/2021
SEL-05863;Toko Seller Sukses 5862;Yogyakarta;22/09/2022
SEL-05864;Toko Seller Sukses 5863;Jakarta Pusat;19/02/2022
SEL-05865;Toko Seller Sukses 5864;Sidoarjo;23/12/2022
SEL-05866;Toko Seller Sukses 5865;Sidoarjo;10/10/2021
SEL-05867;Toko Seller Sukses 5866;Cimahi;21/07/2022
SEL-05868;Toko Seller Sukses 5867;Cimahi;22/12/2021
SEL-05869;Toko Seller Sukses 5868;Jakarta Pusat;19/03/2023
SEL-05870;Toko Seller Sukses 5869;Jakarta Selatan;08/06/2021
SEL-05871;Toko Seller Sukses 5870;Cimahi;23/06/2023
SEL-05872;Toko Seller Sukses 5871;Jakarta Pusat;07/10/2021
SEL-05873;Toko Seller Sukses 5872;Cimahi;15/08/2021
SEL-05874;Toko Seller Sukses 5873;Cimahi;15/10/2022
SEL-05875;Toko Seller Sukses 5874;Cimahi;20/09/2022
SEL-05876;Toko Seller Sukses 5875;Jakarta Pusat;06/02/2023
SEL-05877;Toko Seller Sukses 5876;Yogyakarta;24/06/2022
SEL-05878;Toko Seller Sukses 5877;Makassar;31/08/2022
SEL-05879;Toko Seller Sukses 5878;Surabaya;15/01/2022
SEL-05880;Toko Seller Sukses 5879;Jakarta Pusat;27/12/2022
SEL-05881;Toko Seller Sukses 5880;Medan;07/06/2021
SEL-05882;Toko Seller Sukses 5881;Bandung;13/12/2022
SEL-05883;Toko Seller Sukses 5882;Cimahi;25/06/2022
SEL-05884;Toko Seller Sukses 5883;Makassar;01/01/2023
SEL-05885;Toko Seller Sukses 5884;Sidoarjo;09/06/2023
SEL-05886;Toko Seller Sukses 5885;Medan;21/07/2022
SEL-05887;Toko Seller Sukses 5886;Medan;05/07/2022
SEL-05888;Toko Seller Sukses 5887;Surabaya;15/10/2022
SEL-05889;Toko Seller Sukses 5888;Bandung;18/05/2023
SEL-05890;Toko Seller Sukses 5889;Surabaya;23/10/2022
SEL-05891;Toko Seller Sukses 5890;Cimahi;06/07/2021
SEL-05892;Toko Seller Sukses 5891;Yogyakarta;15/02/2023
SEL-05893;Toko Seller Sukses 5892;Bandung;31/10/2021
SEL-05894;Toko Seller Sukses 5893;Sidoarjo;18/03/2022
SEL-05895;Toko Seller Sukses 5894;Medan;08/07/2023
SEL-05896;Toko Seller Sukses 5895;Cimahi;08/08/2022
SEL-05897;Toko Seller Sukses 5896;Sidoarjo;05/02/2023
SEL-05898;Toko Seller Sukses 5897;Surabaya;30/12/2022
SEL-05899;Toko Seller Sukses 5898;Jakarta Pusat;25/07/2022
SEL-05900;Toko Seller Sukses 5899;Bandung;19/06/2023
SEL-05901;Toko Seller Sukses 5900;Makassar;20/07/2022
SEL-05902;Toko Seller Sukses 5901;Makassar;30/04/2023
SEL-05903;Toko Seller Sukses 5902;Medan;25/06/2023
SEL-05904;Toko Seller Sukses 5903;Bandung;02/06/2022
SEL-05905;Toko Seller Sukses 5904;Sidoarjo;16/03/2023
SEL-05906;Toko Seller Sukses 5905;Cimahi;23/01/2022
SEL-05907;Toko Seller Sukses 5906;Jakarta Pusat;07/07/2022
SEL-05908;Toko Seller Sukses 5907;Surabaya;03/06/2022
SEL-05909;Toko Seller Sukses 5908;Medan;02/12/2021
SEL-05910;Toko Seller Sukses 5909;Medan;30/06/2023
SEL-05911;Toko Seller Sukses 5910;Makassar;17/03/2022
SEL-05912;Toko Seller Sukses 5911;Surabaya;08/01/2022
SEL-05913;Toko Seller Sukses 5912;Yogyakarta;10/04/2023
SEL-05914;Toko Seller Sukses 5913;Yogyakarta;15/11/2021
SEL-05915;Toko Seller Sukses 5914;Surabaya;04/09/2022
SEL-05916;Toko Seller Sukses 5915;Surabaya;03/05/2023
SEL-05917;Toko Seller Sukses 5916;Jakarta Pusat;12/08/2022
SEL-05918;Toko Seller Sukses 5917;Medan;31/07/2021
SEL-05919;Toko Seller Sukses 5918;Surabaya;04/10/2022
SEL-05920;Toko Seller Sukses 5919;Cimahi;16/09/2021
SEL-05921;Toko Seller Sukses 5920;Jakarta Selatan;26/06/2023
SEL-05922;Toko Seller Sukses 5921;Medan;20/10/2021
SEL-05923;Toko Seller Sukses 5922;Medan;17/06/2023
SEL-05924;Toko Seller Sukses 5923;Yogyakarta;31/05/2022
SEL-05925;Toko Seller Sukses 5924;Bandung;02/08/2021
SEL-05926;Toko Seller Sukses 5925;Sidoarjo;27/04/2022
SEL-05927;Toko Seller Sukses 5926;Surabaya;01/10/2022
SEL-05928;Toko Seller Sukses 5927;Cimahi;29/06/2022
SEL-05929;Toko Seller Sukses 5928;Yogyakarta;03/08/2021
SEL-05930;Toko Seller Sukses 5929;Sidoarjo;08/03/2022
SEL-05931;Toko Seller Sukses 5930;Bandung;06/06/2023
SEL-05932;Toko Seller Sukses 5931;Yogyakarta;27/05/2021
SEL-05933;Toko Seller Sukses 5932;Jakarta Pusat;21/06/2021
SEL-05934;Toko Seller Sukses 5933;Yogyakarta;17/01/2022
SEL-05935;Toko Seller Sukses 5934;Makassar;05/02/2023
SEL-05936;Toko Seller Sukses 5935;Medan;27/10/2021
SEL-05937;Toko Seller Sukses 5936;Jakarta Selatan;22/07/2021
SEL-05938;Toko Seller Sukses 5937;Jakarta Pusat;14/05/2023
SEL-05939;Toko Seller Sukses 5938;Makassar;17/01/2022
SEL-05940;Toko Seller Sukses 5939;Jakarta Selatan;24/03/2022
SEL-05941;Toko Seller Sukses 5940;Makassar;05/01/2022
SEL-05942;Toko Seller Sukses 5941;Cimahi;21/07/2021
SEL-05943;Toko Seller Sukses 5942;Surabaya;01/05/2021
SEL-05944;Toko Seller Sukses 5943;Jakarta Selatan;15/10/2021
SEL-05945;Toko Seller Sukses 5944;Bandung;15/06/2021
SEL-05946;Toko Seller Sukses 5945;Cimahi;18/09/2022
SEL-05947;Toko Seller Sukses 5946;Medan;28/03/2023
SEL-05948;Toko Seller Sukses 5947;Jakarta Pusat;29/10/2022
SEL-05949;Toko Seller Sukses 5948;Makassar;04/02/2022
SEL-05950;Toko Seller Sukses 5949;Jakarta Pusat;22/11/2022
SEL-05951;Toko Seller Sukses 5950;Jakarta Pusat;06/06/2021
SEL-05952;Toko Seller Sukses 5951;Jakarta Selatan;10/05/2021
SEL-05953;Toko Seller Sukses 5952;Sidoarjo;10/06/2021
SEL-05954;Toko Seller Sukses 5953;Sidoarjo;09/12/2021
SEL-05955;Toko Seller Sukses 5954;Cimahi;24/03/2022
SEL-05956;Toko Seller Sukses 5955;Medan;17/12/2022
SEL-05957;Toko Seller Sukses 5956;Medan;11/04/2022
SEL-05958;Toko Seller Sukses 5957;Jakarta Selatan;27/03/2022
SEL-05959;Toko Seller Sukses 5958;Cimahi;20/05/2023
SEL-05960;Toko Seller Sukses 5959;Bandung;16/11/2022
SEL-05961;Toko Seller Sukses 5960;Medan;10/12/2022
SEL-05962;Toko Seller Sukses 5961;Jakarta Pusat;13/12/2022
SEL-05963;Toko Seller Sukses 5962;Surabaya;04/06/2021
SEL-05964;Toko Seller Sukses 5963;Yogyakarta;05/03/2022
SEL-05965;Toko Seller Sukses 5964;Cimahi;22/04/2023
SEL-05966;Toko Seller Sukses 5965;Sidoarjo;21/05/2021
SEL-05967;Toko Seller Sukses 5966;Cimahi;31/03/2022
SEL-05968;Toko Seller Sukses 5967;Jakarta Selatan;04/10/2021
SEL-05969;Toko Seller Sukses 5968;Sidoarjo;06/03/2023
SEL-05970;Toko Seller Sukses 5969;Yogyakarta;19/06/2021
SEL-05971;Toko Seller Sukses 5970;Bandung;11/11/2021
SEL-05972;Toko Seller Sukses 5971;Cimahi;12/01/2022
SEL-05973;Toko Seller Sukses 5972;Surabaya;25/10/2022
SEL-05974;Toko Seller Sukses 5973;Bandung;29/08/2021
SEL-05975;Toko Seller Sukses 5974;Sidoarjo;08/01/2022
SEL-05976;Toko Seller Sukses 5975;Jakarta Pusat;23/08/2022
SEL-05977;Toko Seller Sukses 5976;Surabaya;01/02/2023
SEL-05978;Toko Seller Sukses 5977;Bandung;02/06/2023
SEL-05979;Toko Seller Sukses 5978;Sidoarjo;09/05/2023
SEL-05980;Toko Seller Sukses 5979;Surabaya;18/08/2021
SEL-05981;Toko Seller Sukses 5980;Yogyakarta;22/09/2022
SEL-05982;Toko Seller Sukses 5981;Makassar;13/08/2021
SEL-05983;Toko Seller Sukses 5982;Cimahi;06/01/2023
SEL-05984;Toko Seller Sukses 5983;Sidoarjo;25/11/2022
SEL-05985;Toko Seller Sukses 5984;Bandung;01/06/2023
SEL-05986;Toko Seller Sukses 5985;Medan;31/01/2023
SEL-05987;Toko Seller Sukses 5986;Bandung;04/06/2022
SEL-05988;Toko Seller Sukses 5987;Medan;10/12/2021
SEL-05989;Toko Seller Sukses 5988;Jakarta Pusat;28/11/2021
SEL-05990;Toko Seller Sukses 5989;Yogyakarta;10/07/2021
SEL-05991;Toko Seller Sukses 5990;Bandung;21/02/2023
SEL-05992;Toko Seller Sukses 5991;Cimahi;26/01/2022
SEL-05993;Toko Seller Sukses 5992;Jakarta Pusat;12/10/2022
SEL-05994;Toko Seller Sukses 5993;Sidoarjo;26/08/2022
SEL-05995;Toko Seller Sukses 5994;Sidoarjo;08/10/2022
SEL-05996;Toko Seller Sukses 5995;Jakarta Selatan;09/04/2022
SEL-05997;Toko Seller Sukses 5996;Surabaya;14/04/2022
SEL-05998;Toko Seller Sukses 5997;Bandung;26/12/2022
SEL-05999;Toko Seller Sukses 5998;Jakarta Pusat;16/04/2023
SEL-06000;Toko Seller Sukses 5999;Makassar;23/01/2022
SEL-06001;Toko Seller Sukses 6000;Yogyakarta;06/07/2021
SEL-06002;Toko Seller Sukses 6001;Cimahi;18/07/2022
SEL-06003;Toko Seller Sukses 6002;Jakarta Selatan;20/08/2021
SEL-06004;Toko Seller Sukses 6003;Jakarta Selatan;02/03/2023
SEL-06005;Toko Seller Sukses 6004;Makassar;17/03/2022
SEL-06006;Toko Seller Sukses 6005;Yogyakarta;04/09/2021
SEL-06007;Toko Seller Sukses 6006;Medan;01/07/2023
SEL-06008;Toko Seller Sukses 6007;Yogyakarta;16/07/2022
SEL-06009;Toko Seller Sukses 6008;Sidoarjo;06/05/2022
SEL-06010;Toko Seller Sukses 6009;Makassar;12/05/2023
SEL-06011;Toko Seller Sukses 6010;Jakarta Pusat;02/02/2022
SEL-06012;Toko Seller Sukses 6011;Surabaya;08/05/2022
SEL-06013;Toko Seller Sukses 6012;Yogyakarta;22/09/2022
SEL-06014;Toko Seller Sukses 6013;Cimahi;29/05/2023
SEL-06015;Toko Seller Sukses 6014;Jakarta Pusat;24/03/2023
SEL-06016;Toko Seller Sukses 6015;Sidoarjo;05/03/2022
SEL-06017;Toko Seller Sukses 6016;Yogyakarta;09/10/2022
SEL-06018;Toko Seller Sukses 6017;Sidoarjo;03/02/2022
SEL-06019;Toko Seller Sukses 6018;Jakarta Pusat;25/03/2023
SEL-06020;Toko Seller Sukses 6019;Jakarta Pusat;10/09/2021
SEL-06021;Toko Seller Sukses 6020;Jakarta Selatan;05/03/2022
SEL-06022;Toko Seller Sukses 6021;Makassar;05/03/2022
SEL-06023;Toko Seller Sukses 6022;Yogyakarta;22/11/2022
SEL-06024;Toko Seller Sukses 6023;Jakarta Pusat;13/05/2022
SEL-06025;Toko Seller Sukses 6024;Sidoarjo;08/12/2021
SEL-06026;Toko Seller Sukses 6025;Yogyakarta;13/06/2023
SEL-06027;Toko Seller Sukses 6026;Medan;10/11/2022
SEL-06028;Toko Seller Sukses 6027;Jakarta Selatan;12/08/2022
SEL-06029;Toko Seller Sukses 6028;Bandung;08/05/2023
SEL-06030;Toko Seller Sukses 6029;Cimahi;25/06/2023
SEL-06031;Toko Seller Sukses 6030;Jakarta Selatan;18/01/2022
SEL-06032;Toko Seller Sukses 6031;Surabaya;06/04/2023
SEL-06033;Toko Seller Sukses 6032;Jakarta Selatan;18/03/2022
SEL-06034;Toko Seller Sukses 6033;Medan;17/09/2022
SEL-06035;Toko Seller Sukses 6034;Medan;31/12/2021
SEL-06036;Toko Seller Sukses 6035;Surabaya;15/06/2023
SEL-06037;Toko Seller Sukses 6036;Yogyakarta;01/05/2022
SEL-06038;Toko Seller Sukses 6037;Yogyakarta;18/03/2022
SEL-06039;Toko Seller Sukses 6038;Cimahi;12/01/2023
SEL-06040;Toko Seller Sukses 6039;Cimahi;25/11/2021
SEL-06041;Toko Seller Sukses 6040;Jakarta Pusat;25/10/2021
SEL-06042;Toko Seller Sukses 6041;Cimahi;01/04/2023
SEL-06043;Toko Seller Sukses 6042;Sidoarjo;04/01/2023
SEL-06044;Toko Seller Sukses 6043;Bandung;05/10/2021
SEL-06045;Toko Seller Sukses 6044;Cimahi;17/02/2022
SEL-06046;Toko Seller Sukses 6045;Jakarta Selatan;02/11/2022
SEL-06047;Toko Seller Sukses 6046;Sidoarjo;29/09/2021
SEL-06048;Toko Seller Sukses 6047;Makassar;25/02/2022
SEL-06049;Toko Seller Sukses 6048;Jakarta Selatan;08/01/2022
SEL-06050;Toko Seller Sukses 6049;Sidoarjo;20/07/2021
SEL-06051;Toko Seller Sukses 6050;Cimahi;07/06/2021
SEL-06052;Toko Seller Sukses 6051;Bandung;09/03/2023
SEL-06053;Toko Seller Sukses 6052;Cimahi;17/02/2023
SEL-06054;Toko Seller Sukses 6053;Medan;03/09/2022
SEL-06055;Toko Seller Sukses 6054;Yogyakarta;26/01/2023
SEL-06056;Toko Seller Sukses 6055;Makassar;07/09/2022
SEL-06057;Toko Seller Sukses 6056;Makassar;13/11/2022
SEL-06058;Toko Seller Sukses 6057;Makassar;25/09/2022
SEL-06059;Toko Seller Sukses 6058;Sidoarjo;02/09/2021
SEL-06060;Toko Seller Sukses 6059;Makassar;21/04/2022
SEL-06061;Toko Seller Sukses 6060;Yogyakarta;07/12/2022
SEL-06062;Toko Seller Sukses 6061;Jakarta Pusat;28/01/2022
SEL-06063;Toko Seller Sukses 6062;Medan;24/11/2021
SEL-06064;Toko Seller Sukses 6063;Yogyakarta;09/10/2021
SEL-06065;Toko Seller Sukses 6064;Medan;18/01/2022
SEL-06066;Toko Seller Sukses 6065;Surabaya;14/02/2023
SEL-06067;Toko Seller Sukses 6066;Jakarta Selatan;17/04/2023
SEL-06068;Toko Seller Sukses 6067;Surabaya;24/01/2022
SEL-06069;Toko Seller Sukses 6068;Surabaya;17/01/2022
SEL-06070;Toko Seller Sukses 6069;Cimahi;16/12/2022
SEL-06071;Toko Seller Sukses 6070;Cimahi;11/12/2021
SEL-06072;Toko Seller Sukses 6071;Yogyakarta;16/07/2022
SEL-06073;Toko Seller Sukses 6072;Bandung;14/09/2022
SEL-06074;Toko Seller Sukses 6073;Medan;02/03/2022
SEL-06075;Toko Seller Sukses 6074;Cimahi;12/02/2022
SEL-06076;Toko Seller Sukses 6075;Bandung;12/08/2021
SEL-06077;Toko Seller Sukses 6076;Jakarta Pusat;23/07/2021
SEL-06078;Toko Seller Sukses 6077;Makassar;23/11/2021
SEL-06079;Toko Seller Sukses 6078;Cimahi;10/01/2023
SEL-06080;Toko Seller Sukses 6079;Surabaya;31/10/2022
SEL-06081;Toko Seller Sukses 6080;Bandung;26/11/2022
SEL-06082;Toko Seller Sukses 6081;Yogyakarta;04/12/2021
SEL-06083;Toko Seller Sukses 6082;Jakarta Selatan;27/05/2021
SEL-06084;Toko Seller Sukses 6083;Jakarta Pusat;16/09/2021
SEL-06085;Toko Seller Sukses 6084;Surabaya;24/05/2022
SEL-06086;Toko Seller Sukses 6085;Surabaya;08/12/2021
SEL-06087;Toko Seller Sukses 6086;Surabaya;03/12/2022
SEL-06088;Toko Seller Sukses 6087;Makassar;11/11/2021
SEL-06089;Toko Seller Sukses 6088;Jakarta Selatan;01/09/2022
SEL-06090;Toko Seller Sukses 6089;Yogyakarta;07/07/2021
SEL-06091;Toko Seller Sukses 6090;Bandung;04/09/2022
SEL-06092;Toko Seller Sukses 6091;Medan;11/03/2022
SEL-06093;Toko Seller Sukses 6092;Sidoarjo;05/10/2021
SEL-06094;Toko Seller Sukses 6093;Cimahi;11/10/2021
SEL-06095;Toko Seller Sukses 6094;Jakarta Selatan;21/12/2021
SEL-06096;Toko Seller Sukses 6095;Makassar;09/11/2022
SEL-06097;Toko Seller Sukses 6096;Makassar;11/05/2022
SEL-06098;Toko Seller Sukses 6097;Jakarta Selatan;07/12/2022
SEL-06099;Toko Seller Sukses 6098;Jakarta Selatan;07/06/2023
SEL-06100;Toko Seller Sukses 6099;Surabaya;14/11/2021
SEL-06101;Toko Seller Sukses 6100;Makassar;06/07/2021
SEL-06102;Toko Seller Sukses 6101;Jakarta Pusat;09/12/2021
SEL-06103;Toko Seller Sukses 6102;Jakarta Selatan;11/05/2022
SEL-06104;Toko Seller Sukses 6103;Cimahi;21/06/2022
SEL-06105;Toko Seller Sukses 6104;Bandung;11/10/2022
SEL-06106;Toko Seller Sukses 6105;Sidoarjo;28/03/2023
SEL-06107;Toko Seller Sukses 6106;Jakarta Selatan;02/03/2022
SEL-06108;Toko Seller Sukses 6107;Cimahi;10/03/2023
SEL-06109;Toko Seller Sukses 6108;Bandung;01/03/2023
SEL-06110;Toko Seller Sukses 6109;Yogyakarta;15/06/2022
SEL-06111;Toko Seller Sukses 6110;Yogyakarta;05/05/2022
SEL-06112;Toko Seller Sukses 6111;Medan;11/09/2022
SEL-06113;Toko Seller Sukses 6112;Surabaya;07/10/2021
SEL-06114;Toko Seller Sukses 6113;Medan;16/09/2022
SEL-06115;Toko Seller Sukses 6114;Makassar;24/05/2023
SEL-06116;Toko Seller Sukses 6115;Surabaya;21/04/2022
SEL-06117;Toko Seller Sukses 6116;Jakarta Selatan;09/12/2021
SEL-06118;Toko Seller Sukses 6117;Yogyakarta;22/03/2022
SEL-06119;Toko Seller Sukses 6118;Surabaya;11/09/2021
SEL-06120;Toko Seller Sukses 6119;Cimahi;06/04/2022
SEL-06121;Toko Seller Sukses 6120;Surabaya;30/08/2022
SEL-06122;Toko Seller Sukses 6121;Jakarta Pusat;15/01/2023
SEL-06123;Toko Seller Sukses 6122;Jakarta Selatan;11/01/2022
SEL-06124;Toko Seller Sukses 6123;Jakarta Pusat;31/05/2022
SEL-06125;Toko Seller Sukses 6124;Sidoarjo;20/12/2021
SEL-06126;Toko Seller Sukses 6125;Bandung;18/03/2022
SEL-06127;Toko Seller Sukses 6126;Sidoarjo;20/07/2021
SEL-06128;Toko Seller Sukses 6127;Sidoarjo;01/05/2021
SEL-06129;Toko Seller Sukses 6128;Medan;18/12/2022
SEL-06130;Toko Seller Sukses 6129;Surabaya;02/05/2021
SEL-06131;Toko Seller Sukses 6130;Bandung;23/07/2022
SEL-06132;Toko Seller Sukses 6131;Makassar;18/10/2022
SEL-06133;Toko Seller Sukses 6132;Cimahi;26/03/2023
SEL-06134;Toko Seller Sukses 6133;Medan;03/11/2022
SEL-06135;Toko Seller Sukses 6134;Medan;23/11/2022
SEL-06136;Toko Seller Sukses 6135;Makassar;04/05/2023
SEL-06137;Toko Seller Sukses 6136;Medan;10/04/2022
SEL-06138;Toko Seller Sukses 6137;Bandung;02/06/2023
SEL-06139;Toko Seller Sukses 6138;Bandung;14/06/2023
SEL-06140;Toko Seller Sukses 6139;Sidoarjo;29/06/2023
SEL-06141;Toko Seller Sukses 6140;Surabaya;28/05/2022
SEL-06142;Toko Seller Sukses 6141;Makassar;03/06/2021
SEL-06143;Toko Seller Sukses 6142;Jakarta Selatan;11/04/2023
SEL-06144;Toko Seller Sukses 6143;Makassar;02/02/2022
SEL-06145;Toko Seller Sukses 6144;Surabaya;23/03/2023
SEL-06146;Toko Seller Sukses 6145;Surabaya;25/05/2021
SEL-06147;Toko Seller Sukses 6146;Sidoarjo;02/11/2021
SEL-06148;Toko Seller Sukses 6147;Sidoarjo;08/06/2023
SEL-06149;Toko Seller Sukses 6148;Bandung;29/08/2021
SEL-06150;Toko Seller Sukses 6149;Bandung;26/05/2022
SEL-06151;Toko Seller Sukses 6150;Jakarta Selatan;29/01/2022
SEL-06152;Toko Seller Sukses 6151;Yogyakarta;21/02/2022
SEL-06153;Toko Seller Sukses 6152;Yogyakarta;22/07/2021
SEL-06154;Toko Seller Sukses 6153;Bandung;17/07/2021
SEL-06155;Toko Seller Sukses 6154;Sidoarjo;09/11/2022
SEL-06156;Toko Seller Sukses 6155;Yogyakarta;26/05/2021
SEL-06157;Toko Seller Sukses 6156;Makassar;29/03/2023
SEL-06158;Toko Seller Sukses 6157;Jakarta Pusat;23/03/2023
SEL-06159;Toko Seller Sukses 6158;Sidoarjo;09/07/2021
SEL-06160;Toko Seller Sukses 6159;Jakarta Selatan;31/08/2021
SEL-06161;Toko Seller Sukses 6160;Jakarta Selatan;13/08/2022
SEL-06162;Toko Seller Sukses 6161;Makassar;04/09/2021
SEL-06163;Toko Seller Sukses 6162;Jakarta Selatan;12/01/2022
SEL-06164;Toko Seller Sukses 6163;Cimahi;20/08/2022
SEL-06165;Toko Seller Sukses 6164;Cimahi;26/03/2022
SEL-06166;Toko Seller Sukses 6165;Sidoarjo;12/06/2021
SEL-06167;Toko Seller Sukses 6166;Medan;03/05/2022
SEL-06168;Toko Seller Sukses 6167;Yogyakarta;22/03/2022
SEL-06169;Toko Seller Sukses 6168;Yogyakarta;19/05/2021
SEL-06170;Toko Seller Sukses 6169;Makassar;23/03/2023
SEL-06171;Toko Seller Sukses 6170;Bandung;08/10/2022
SEL-06172;Toko Seller Sukses 6171;Surabaya;14/08/2021
SEL-06173;Toko Seller Sukses 6172;Jakarta Pusat;20/09/2022
SEL-06174;Toko Seller Sukses 6173;Sidoarjo;07/09/2022
SEL-06175;Toko Seller Sukses 6174;Bandung;14/07/2022
SEL-06176;Toko Seller Sukses 6175;Sidoarjo;26/01/2023
SEL-06177;Toko Seller Sukses 6176;Sidoarjo;31/08/2022
SEL-06178;Toko Seller Sukses 6177;Surabaya;24/07/2022
SEL-06179;Toko Seller Sukses 6178;Surabaya;27/03/2023
SEL-06180;Toko Seller Sukses 6179;Makassar;01/02/2023
SEL-06181;Toko Seller Sukses 6180;Makassar;05/05/2022
SEL-06182;Toko Seller Sukses 6181;Bandung;24/05/2023
SEL-06183;Toko Seller Sukses 6182;Jakarta Pusat;21/12/2022
SEL-06184;Toko Seller Sukses 6183;Jakarta Pusat;02/01/2022
SEL-06185;Toko Seller Sukses 6184;Surabaya;18/04/2022
SEL-06186;Toko Seller Sukses 6185;Cimahi;31/07/2022
SEL-06187;Toko Seller Sukses 6186;Sidoarjo;16/12/2021
SEL-06188;Toko Seller Sukses 6187;Jakarta Selatan;10/02/2022
SEL-06189;Toko Seller Sukses 6188;Surabaya;06/05/2021
SEL-06190;Toko Seller Sukses 6189;Medan;19/04/2022
SEL-06191;Toko Seller Sukses 6190;Jakarta Pusat;27/11/2022
SEL-06192;Toko Seller Sukses 6191;Medan;18/12/2021
SEL-06193;Toko Seller Sukses 6192;Bandung;06/09/2022
SEL-06194;Toko Seller Sukses 6193;Sidoarjo;27/04/2023
SEL-06195;Toko Seller Sukses 6194;Cimahi;24/10/2022
SEL-06196;Toko Seller Sukses 6195;Surabaya;27/02/2022
SEL-06197;Toko Seller Sukses 6196;Surabaya;07/06/2021
SEL-06198;Toko Seller Sukses 6197;Yogyakarta;31/01/2023
SEL-06199;Toko Seller Sukses 6198;Surabaya;12/11/2021
SEL-06200;Toko Seller Sukses 6199;Makassar;27/06/2021
SEL-06201;Toko Seller Sukses 6200;Makassar;06/02/2022
SEL-06202;Toko Seller Sukses 6201;Yogyakarta;27/10/2021
SEL-06203;Toko Seller Sukses 6202;Jakarta Pusat;15/01/2023
SEL-06204;Toko Seller Sukses 6203;Jakarta Pusat;10/10/2022
SEL-06205;Toko Seller Sukses 6204;Sidoarjo;06/01/2022
SEL-06206;Toko Seller Sukses 6205;Sidoarjo;02/11/2021
SEL-06207;Toko Seller Sukses 6206;Jakarta Pusat;12/08/2021
SEL-06208;Toko Seller Sukses 6207;Bandung;27/01/2023
SEL-06209;Toko Seller Sukses 6208;Makassar;18/04/2022
SEL-06210;Toko Seller Sukses 6209;Cimahi;30/04/2023
SEL-06211;Toko Seller Sukses 6210;Jakarta Selatan;01/05/2021
SEL-06212;Toko Seller Sukses 6211;Jakarta Pusat;20/04/2022
SEL-06213;Toko Seller Sukses 6212;Yogyakarta;26/01/2023
SEL-06214;Toko Seller Sukses 6213;Jakarta Pusat;04/06/2021
SEL-06215;Toko Seller Sukses 6214;Sidoarjo;29/10/2021
SEL-06216;Toko Seller Sukses 6215;Jakarta Pusat;24/04/2023
SEL-06217;Toko Seller Sukses 6216;Sidoarjo;16/05/2022
SEL-06218;Toko Seller Sukses 6217;Jakarta Selatan;12/02/2022
SEL-06219;Toko Seller Sukses 6218;Yogyakarta;17/06/2021
SEL-06220;Toko Seller Sukses 6219;Bandung;01/03/2023
SEL-06221;Toko Seller Sukses 6220;Medan;20/04/2022
SEL-06222;Toko Seller Sukses 6221;Bandung;09/10/2022
SEL-06223;Toko Seller Sukses 6222;Surabaya;12/07/2022
SEL-06224;Toko Seller Sukses 6223;Makassar;19/06/2023
SEL-06225;Toko Seller Sukses 6224;Sidoarjo;09/02/2022
SEL-06226;Toko Seller Sukses 6225;Surabaya;05/12/2021
SEL-06227;Toko Seller Sukses 6226;Jakarta Selatan;08/07/2021
SEL-06228;Toko Seller Sukses 6227;Cimahi;16/01/2023
SEL-06229;Toko Seller Sukses 6228;Bandung;17/08/2021
SEL-06230;Toko Seller Sukses 6229;Yogyakarta;12/09/2022
SEL-06231;Toko Seller Sukses 6230;Yogyakarta;02/12/2021
SEL-06232;Toko Seller Sukses 6231;Cimahi;01/03/2023
SEL-06233;Toko Seller Sukses 6232;Jakarta Pusat;16/02/2023
SEL-06234;Toko Seller Sukses 6233;Medan;27/05/2023
SEL-06235;Toko Seller Sukses 6234;Bandung;29/12/2021
SEL-06236;Toko Seller Sukses 6235;Surabaya;25/05/2021
SEL-06237;Toko Seller Sukses 6236;Jakarta Pusat;11/05/2023
SEL-06238;Toko Seller Sukses 6237;Sidoarjo;05/10/2022
SEL-06239;Toko Seller Sukses 6238;Sidoarjo;19/02/2023
SEL-06240;Toko Seller Sukses 6239;Makassar;25/04/2022
SEL-06241;Toko Seller Sukses 6240;Yogyakarta;16/05/2021
SEL-06242;Toko Seller Sukses 6241;Bandung;18/06/2021
SEL-06243;Toko Seller Sukses 6242;Yogyakarta;21/05/2022
SEL-06244;Toko Seller Sukses 6243;Cimahi;04/06/2021
SEL-06245;Toko Seller Sukses 6244;Surabaya;26/05/2022
SEL-06246;Toko Seller Sukses 6245;Makassar;25/10/2022
SEL-06247;Toko Seller Sukses 6246;Jakarta Pusat;21/02/2022
SEL-06248;Toko Seller Sukses 6247;Jakarta Selatan;26/06/2021
SEL-06249;Toko Seller Sukses 6248;Bandung;24/02/2023
SEL-06250;Toko Seller Sukses 6249;Medan;14/05/2023
SEL-06251;Toko Seller Sukses 6250;Yogyakarta;01/01/2023
SEL-06252;Toko Seller Sukses 6251;Surabaya;15/09/2022
SEL-06253;Toko Seller Sukses 6252;Makassar;05/07/2022
SEL-06254;Toko Seller Sukses 6253;Bandung;01/03/2022
SEL-06255;Toko Seller Sukses 6254;Makassar;07/10/2022
SEL-06256;Toko Seller Sukses 6255;Jakarta Pusat;16/05/2023
SEL-06257;Toko Seller Sukses 6256;Surabaya;06/06/2023
SEL-06258;Toko Seller Sukses 6257;Jakarta Pusat;25/07/2022
SEL-06259;Toko Seller Sukses 6258;Yogyakarta;31/10/2022
SEL-06260;Toko Seller Sukses 6259;Cimahi;01/11/2022
SEL-06261;Toko Seller Sukses 6260;Bandung;18/05/2021
SEL-06262;Toko Seller Sukses 6261;Yogyakarta;29/03/2023
SEL-06263;Toko Seller Sukses 6262;Cimahi;14/12/2022
SEL-06264;Toko Seller Sukses 6263;Jakarta Pusat;14/05/2023
SEL-06265;Toko Seller Sukses 6264;Surabaya;02/01/2023
SEL-06266;Toko Seller Sukses 6265;Medan;03/08/2022
SEL-06267;Toko Seller Sukses 6266;Yogyakarta;11/08/2021
SEL-06268;Toko Seller Sukses 6267;Medan;07/07/2023
SEL-06269;Toko Seller Sukses 6268;Sidoarjo;30/10/2021
SEL-06270;Toko Seller Sukses 6269;Surabaya;31/07/2021
SEL-06271;Toko Seller Sukses 6270;Bandung;28/11/2022
SEL-06272;Toko Seller Sukses 6271;Bandung;28/04/2022
SEL-06273;Toko Seller Sukses 6272;Jakarta Pusat;06/03/2023
SEL-06274;Toko Seller Sukses 6273;Cimahi;17/05/2023
SEL-06275;Toko Seller Sukses 6274;Jakarta Selatan;13/04/2022
SEL-06276;Toko Seller Sukses 6275;Cimahi;08/02/2023
SEL-06277;Toko Seller Sukses 6276;Cimahi;06/12/2022
SEL-06278;Toko Seller Sukses 6277;Cimahi;07/04/2023
SEL-06279;Toko Seller Sukses 6278;Jakarta Selatan;21/02/2023
SEL-06280;Toko Seller Sukses 6279;Jakarta Selatan;12/12/2022
SEL-06281;Toko Seller Sukses 6280;Medan;01/05/2023
SEL-06282;Toko Seller Sukses 6281;Medan;15/11/2022
SEL-06283;Toko Seller Sukses 6282;Makassar;30/11/2022
SEL-06284;Toko Seller Sukses 6283;Makassar;26/07/2021
SEL-06285;Toko Seller Sukses 6284;Surabaya;14/06/2021
SEL-06286;Toko Seller Sukses 6285;Cimahi;23/04/2022
SEL-06287;Toko Seller Sukses 6286;Jakarta Pusat;15/07/2021
SEL-06288;Toko Seller Sukses 6287;Medan;15/02/2023
SEL-06289;Toko Seller Sukses 6288;Bandung;03/02/2023
SEL-06290;Toko Seller Sukses 6289;Sidoarjo;11/12/2022
SEL-06291;Toko Seller Sukses 6290;Surabaya;01/07/2022
SEL-06292;Toko Seller Sukses 6291;Cimahi;24/05/2021
SEL-06293;Toko Seller Sukses 6292;Medan;07/05/2022
SEL-06294;Toko Seller Sukses 6293;Bandung;18/01/2023
SEL-06295;Toko Seller Sukses 6294;Sidoarjo;20/10/2022
SEL-06296;Toko Seller Sukses 6295;Sidoarjo;07/05/2021
SEL-06297;Toko Seller Sukses 6296;Bandung;05/07/2023
SEL-06298;Toko Seller Sukses 6297;Yogyakarta;09/05/2021
SEL-06299;Toko Seller Sukses 6298;Cimahi;14/05/2023
SEL-06300;Toko Seller Sukses 6299;Surabaya;05/03/2023
SEL-06301;Toko Seller Sukses 6300;Cimahi;16/03/2023
SEL-06302;Toko Seller Sukses 6301;Medan;25/06/2023
SEL-06303;Toko Seller Sukses 6302;Surabaya;22/07/2022
SEL-06304;Toko Seller Sukses 6303;Yogyakarta;05/02/2023
SEL-06305;Toko Seller Sukses 6304;Cimahi;21/01/2022
SEL-06306;Toko Seller Sukses 6305;Yogyakarta;04/09/2021
SEL-06307;Toko Seller Sukses 6306;Sidoarjo;27/08/2021
SEL-06308;Toko Seller Sukses 6307;Makassar;03/02/2023
SEL-06309;Toko Seller Sukses 6308;Jakarta Pusat;20/10/2022
SEL-06310;Toko Seller Sukses 6309;Medan;28/10/2022
SEL-06311;Toko Seller Sukses 6310;Yogyakarta;26/09/2022
SEL-06312;Toko Seller Sukses 6311;Jakarta Pusat;01/06/2022
SEL-06313;Toko Seller Sukses 6312;Medan;01/06/2021
SEL-06314;Toko Seller Sukses 6313;Makassar;01/11/2021
SEL-06315;Toko Seller Sukses 6314;Bandung;02/08/2022
SEL-06316;Toko Seller Sukses 6315;Jakarta Selatan;13/06/2022
SEL-06317;Toko Seller Sukses 6316;Medan;10/11/2022
SEL-06318;Toko Seller Sukses 6317;Jakarta Selatan;28/01/2023
SEL-06319;Toko Seller Sukses 6318;Yogyakarta;09/04/2022
SEL-06320;Toko Seller Sukses 6319;Cimahi;13/07/2022
SEL-06321;Toko Seller Sukses 6320;Medan;03/11/2021
SEL-06322;Toko Seller Sukses 6321;Makassar;10/07/2022
SEL-06323;Toko Seller Sukses 6322;Cimahi;28/04/2022
SEL-06324;Toko Seller Sukses 6323;Makassar;21/03/2022
SEL-06325;Toko Seller Sukses 6324;Bandung;09/10/2021
SEL-06326;Toko Seller Sukses 6325;Makassar;13/11/2022
SEL-06327;Toko Seller Sukses 6326;Bandung;21/12/2021
SEL-06328;Toko Seller Sukses 6327;Makassar;27/02/2023
SEL-06329;Toko Seller Sukses 6328;Makassar;13/06/2022
SEL-06330;Toko Seller Sukses 6329;Surabaya;06/08/2021
SEL-06331;Toko Seller Sukses 6330;Makassar;28/11/2021
SEL-06332;Toko Seller Sukses 6331;Medan;18/04/2023
SEL-06333;Toko Seller Sukses 6332;Jakarta Selatan;11/01/2022
SEL-06334;Toko Seller Sukses 6333;Yogyakarta;26/09/2021
SEL-06335;Toko Seller Sukses 6334;Jakarta Pusat;27/03/2022
SEL-06336;Toko Seller Sukses 6335;Bandung;06/08/2022
SEL-06337;Toko Seller Sukses 6336;Bandung;30/12/2021
SEL-06338;Toko Seller Sukses 6337;Jakarta Selatan;26/07/2022
SEL-06339;Toko Seller Sukses 6338;Bandung;08/03/2023
SEL-06340;Toko Seller Sukses 6339;Jakarta Selatan;17/11/2021
SEL-06341;Toko Seller Sukses 6340;Makassar;27/02/2023
SEL-06342;Toko Seller Sukses 6341;Jakarta Selatan;18/06/2022
SEL-06343;Toko Seller Sukses 6342;Cimahi;29/05/2021
SEL-06344;Toko Seller Sukses 6343;Makassar;18/11/2021
SEL-06345;Toko Seller Sukses 6344;Jakarta Selatan;23/01/2022
SEL-06346;Toko Seller Sukses 6345;Medan;28/09/2022
SEL-06347;Toko Seller Sukses 6346;Bandung;03/08/2022
SEL-06348;Toko Seller Sukses 6347;Cimahi;28/03/2022
SEL-06349;Toko Seller Sukses 6348;Bandung;21/06/2022
SEL-06350;Toko Seller Sukses 6349;Surabaya;13/06/2021
SEL-06351;Toko Seller Sukses 6350;Jakarta Pusat;30/12/2021
SEL-06352;Toko Seller Sukses 6351;Makassar;09/08/2021
SEL-06353;Toko Seller Sukses 6352;Sidoarjo;20/03/2023
SEL-06354;Toko Seller Sukses 6353;Medan;18/08/2022
SEL-06355;Toko Seller Sukses 6354;Yogyakarta;25/03/2023
SEL-06356;Toko Seller Sukses 6355;Sidoarjo;13/07/2022
SEL-06357;Toko Seller Sukses 6356;Jakarta Pusat;05/12/2022
SEL-06358;Toko Seller Sukses 6357;Makassar;03/03/2022
SEL-06359;Toko Seller Sukses 6358;Medan;11/09/2021
SEL-06360;Toko Seller Sukses 6359;Jakarta Selatan;22/02/2022
SEL-06361;Toko Seller Sukses 6360;Yogyakarta;28/04/2022
SEL-06362;Toko Seller Sukses 6361;Surabaya;26/05/2022
SEL-06363;Toko Seller Sukses 6362;Cimahi;21/11/2022
SEL-06364;Toko Seller Sukses 6363;Bandung;09/08/2022
SEL-06365;Toko Seller Sukses 6364;Makassar;06/05/2021
SEL-06366;Toko Seller Sukses 6365;Makassar;10/04/2023
SEL-06367;Toko Seller Sukses 6366;Jakarta Selatan;14/01/2022
SEL-06368;Toko Seller Sukses 6367;Yogyakarta;16/07/2021
SEL-06369;Toko Seller Sukses 6368;Yogyakarta;13/09/2021
SEL-06370;Toko Seller Sukses 6369;Surabaya;07/07/2022
SEL-06371;Toko Seller Sukses 6370;Jakarta Selatan;06/12/2022
SEL-06372;Toko Seller Sukses 6371;Jakarta Pusat;25/09/2021
SEL-06373;Toko Seller Sukses 6372;Jakarta Selatan;18/05/2022
SEL-06374;Toko Seller Sukses 6373;Medan;16/07/2022
SEL-06375;Toko Seller Sukses 6374;Makassar;13/06/2021
SEL-06376;Toko Seller Sukses 6375;Jakarta Pusat;29/03/2022
SEL-06377;Toko Seller Sukses 6376;Jakarta Pusat;12/02/2022
SEL-06378;Toko Seller Sukses 6377;Sidoarjo;14/07/2021
SEL-06379;Toko Seller Sukses 6378;Jakarta Pusat;03/12/2021
SEL-06380;Toko Seller Sukses 6379;Surabaya;06/08/2021
SEL-06381;Toko Seller Sukses 6380;Surabaya;24/12/2022
SEL-06382;Toko Seller Sukses 6381;Jakarta Pusat;11/07/2021
SEL-06383;Toko Seller Sukses 6382;Makassar;29/11/2022
SEL-06384;Toko Seller Sukses 6383;Medan;01/09/2021
SEL-06385;Toko Seller Sukses 6384;Jakarta Selatan;25/12/2021
SEL-06386;Toko Seller Sukses 6385;Jakarta Selatan;15/06/2021
SEL-06387;Toko Seller Sukses 6386;Jakarta Selatan;14/02/2022
SEL-06388;Toko Seller Sukses 6387;Jakarta Pusat;27/05/2023
SEL-06389;Toko Seller Sukses 6388;Makassar;20/10/2021
SEL-06390;Toko Seller Sukses 6389;Cimahi;20/10/2022
SEL-06391;Toko Seller Sukses 6390;Bandung;05/10/2021
SEL-06392;Toko Seller Sukses 6391;Sidoarjo;16/12/2021
SEL-06393;Toko Seller Sukses 6392;Jakarta Pusat;29/01/2023
SEL-06394;Toko Seller Sukses 6393;Bandung;31/05/2021
SEL-06395;Toko Seller Sukses 6394;Surabaya;05/04/2023
SEL-06396;Toko Seller Sukses 6395;Sidoarjo;29/08/2021
SEL-06397;Toko Seller Sukses 6396;Cimahi;10/01/2022
SEL-06398;Toko Seller Sukses 6397;Jakarta Selatan;19/08/2022
SEL-06399;Toko Seller Sukses 6398;Jakarta Pusat;09/07/2022
SEL-06400;Toko Seller Sukses 6399;Jakarta Pusat;25/01/2023
SEL-06401;Toko Seller Sukses 6400;Jakarta Pusat;21/02/2022
SEL-06402;Toko Seller Sukses 6401;Yogyakarta;23/06/2022
SEL-06403;Toko Seller Sukses 6402;Jakarta Pusat;02/01/2023
SEL-06404;Toko Seller Sukses 6403;Surabaya;22/08/2021
SEL-06405;Toko Seller Sukses 6404;Sidoarjo;02/05/2023
SEL-06406;Toko Seller Sukses 6405;Jakarta Pusat;02/02/2023
SEL-06407;Toko Seller Sukses 6406;Yogyakarta;25/11/2022
SEL-06408;Toko Seller Sukses 6407;Bandung;16/08/2021
SEL-06409;Toko Seller Sukses 6408;Sidoarjo;25/06/2023
SEL-06410;Toko Seller Sukses 6409;Jakarta Selatan;02/06/2023
SEL-06411;Toko Seller Sukses 6410;Jakarta Pusat;05/09/2021
SEL-06412;Toko Seller Sukses 6411;Surabaya;06/01/2023
SEL-06413;Toko Seller Sukses 6412;Medan;29/08/2021
SEL-06414;Toko Seller Sukses 6413;Bandung;14/08/2021
SEL-06415;Toko Seller Sukses 6414;Surabaya;18/05/2023
SEL-06416;Toko Seller Sukses 6415;Surabaya;12/02/2022
SEL-06417;Toko Seller Sukses 6416;Sidoarjo;03/02/2022
SEL-06418;Toko Seller Sukses 6417;Jakarta Pusat;21/05/2023
SEL-06419;Toko Seller Sukses 6418;Cimahi;15/04/2022
SEL-06420;Toko Seller Sukses 6419;Bandung;03/07/2021
SEL-06421;Toko Seller Sukses 6420;Bandung;12/11/2022
SEL-06422;Toko Seller Sukses 6421;Jakarta Pusat;09/06/2021
SEL-06423;Toko Seller Sukses 6422;Bandung;14/08/2021
SEL-06424;Toko Seller Sukses 6423;Cimahi;12/05/2023
SEL-06425;Toko Seller Sukses 6424;Surabaya;25/08/2021
SEL-06426;Toko Seller Sukses 6425;Jakarta Pusat;18/01/2022
SEL-06427;Toko Seller Sukses 6426;Jakarta Pusat;10/01/2023
SEL-06428;Toko Seller Sukses 6427;Medan;22/09/2022
SEL-06429;Toko Seller Sukses 6428;Sidoarjo;27/04/2023
SEL-06430;Toko Seller Sukses 6429;Medan;26/02/2022
SEL-06431;Toko Seller Sukses 6430;Surabaya;08/08/2021
SEL-06432;Toko Seller Sukses 6431;Sidoarjo;30/10/2022
SEL-06433;Toko Seller Sukses 6432;Surabaya;14/01/2022
SEL-06434;Toko Seller Sukses 6433;Medan;27/02/2023
SEL-06435;Toko Seller Sukses 6434;Jakarta Selatan;27/03/2022
SEL-06436;Toko Seller Sukses 6435;Bandung;26/11/2022
SEL-06437;Toko Seller Sukses 6436;Makassar;17/04/2023
SEL-06438;Toko Seller Sukses 6437;Bandung;24/04/2023
SEL-06439;Toko Seller Sukses 6438;Jakarta Selatan;12/12/2021
SEL-06440;Toko Seller Sukses 6439;Surabaya;13/09/2021
SEL-06441;Toko Seller Sukses 6440;Makassar;03/03/2023
SEL-06442;Toko Seller Sukses 6441;Surabaya;30/03/2023
SEL-06443;Toko Seller Sukses 6442;Jakarta Selatan;02/06/2023
SEL-06444;Toko Seller Sukses 6443;Cimahi;25/01/2023
SEL-06445;Toko Seller Sukses 6444;Makassar;18/07/2022
SEL-06446;Toko Seller Sukses 6445;Jakarta Pusat;13/12/2022
SEL-06447;Toko Seller Sukses 6446;Medan;11/05/2023
SEL-06448;Toko Seller Sukses 6447;Surabaya;28/01/2022
SEL-06449;Toko Seller Sukses 6448;Sidoarjo;30/01/2023
SEL-06450;Toko Seller Sukses 6449;Jakarta Selatan;08/12/2021
SEL-06451;Toko Seller Sukses 6450;Yogyakarta;09/04/2022
SEL-06452;Toko Seller Sukses 6451;Makassar;24/09/2022
SEL-06453;Toko Seller Sukses 6452;Medan;31/07/2022
SEL-06454;Toko Seller Sukses 6453;Bandung;09/10/2021
SEL-06455;Toko Seller Sukses 6454;Yogyakarta;23/07/2022
SEL-06456;Toko Seller Sukses 6455;Surabaya;16/12/2021
SEL-06457;Toko Seller Sukses 6456;Makassar;07/04/2022
SEL-06458;Toko Seller Sukses 6457;Jakarta Selatan;23/11/2021
SEL-06459;Toko Seller Sukses 6458;Jakarta Pusat;20/02/2022
SEL-06460;Toko Seller Sukses 6459;Jakarta Selatan;02/07/2023
SEL-06461;Toko Seller Sukses 6460;Jakarta Selatan;27/11/2022
SEL-06462;Toko Seller Sukses 6461;Cimahi;12/12/2021
SEL-06463;Toko Seller Sukses 6462;Medan;31/03/2023
SEL-06464;Toko Seller Sukses 6463;Jakarta Pusat;02/02/2023
SEL-06465;Toko Seller Sukses 6464;Makassar;21/12/2021
SEL-06466;Toko Seller Sukses 6465;Makassar;24/06/2021
SEL-06467;Toko Seller Sukses 6466;Makassar;10/12/2021
SEL-06468;Toko Seller Sukses 6467;Surabaya;12/01/2023
SEL-06469;Toko Seller Sukses 6468;Cimahi;22/04/2023
SEL-06470;Toko Seller Sukses 6469;Jakarta Selatan;26/11/2021
SEL-06471;Toko Seller Sukses 6470;Bandung;21/10/2022
SEL-06472;Toko Seller Sukses 6471;Surabaya;30/12/2021
SEL-06473;Toko Seller Sukses 6472;Bandung;19/02/2022
SEL-06474;Toko Seller Sukses 6473;Jakarta Pusat;13/04/2022
SEL-06475;Toko Seller Sukses 6474;Bandung;12/05/2021
SEL-06476;Toko Seller Sukses 6475;Jakarta Selatan;22/02/2023
SEL-06477;Toko Seller Sukses 6476;Sidoarjo;02/08/2022
SEL-06478;Toko Seller Sukses 6477;Jakarta Selatan;03/06/2023
SEL-06479;Toko Seller Sukses 6478;Jakarta Pusat;10/06/2023
SEL-06480;Toko Seller Sukses 6479;Bandung;20/06/2023
SEL-06481;Toko Seller Sukses 6480;Medan;28/02/2023
SEL-06482;Toko Seller Sukses 6481;Cimahi;10/05/2021
SEL-06483;Toko Seller Sukses 6482;Cimahi;08/08/2022
SEL-06484;Toko Seller Sukses 6483;Surabaya;20/04/2022
SEL-06485;Toko Seller Sukses 6484;Makassar;23/12/2022
SEL-06486;Toko Seller Sukses 6485;Bandung;05/06/2021
SEL-06487;Toko Seller Sukses 6486;Medan;14/06/2022
SEL-06488;Toko Seller Sukses 6487;Cimahi;23/01/2022
SEL-06489;Toko Seller Sukses 6488;Medan;20/03/2022
SEL-06490;Toko Seller Sukses 6489;Medan;24/04/2022
SEL-06491;Toko Seller Sukses 6490;Bandung;05/06/2023
SEL-06492;Toko Seller Sukses 6491;Bandung;09/02/2022
SEL-06493;Toko Seller Sukses 6492;Yogyakarta;05/10/2022
SEL-06494;Toko Seller Sukses 6493;Jakarta Pusat;10/02/2023
SEL-06495;Toko Seller Sukses 6494;Jakarta Selatan;19/06/2022
SEL-06496;Toko Seller Sukses 6495;Cimahi;01/04/2023
SEL-06497;Toko Seller Sukses 6496;Makassar;17/07/2022
SEL-06498;Toko Seller Sukses 6497;Sidoarjo;28/03/2022
SEL-06499;Toko Seller Sukses 6498;Jakarta Pusat;07/05/2021
SEL-06500;Toko Seller Sukses 6499;Bandung;18/10/2021
SEL-06501;Toko Seller Sukses 6500;Jakarta Pusat;07/09/2022
SEL-06502;Toko Seller Sukses 6501;Yogyakarta;11/06/2023
SEL-06503;Toko Seller Sukses 6502;Yogyakarta;16/05/2023
SEL-06504;Toko Seller Sukses 6503;Yogyakarta;25/07/2021
SEL-06505;Toko Seller Sukses 6504;Surabaya;13/08/2022
SEL-06506;Toko Seller Sukses 6505;Jakarta Pusat;06/05/2022
SEL-06507;Toko Seller Sukses 6506;Sidoarjo;01/10/2022
SEL-06508;Toko Seller Sukses 6507;Yogyakarta;04/01/2023
SEL-06509;Toko Seller Sukses 6508;Bandung;10/09/2021
SEL-06510;Toko Seller Sukses 6509;Cimahi;17/08/2021
SEL-06511;Toko Seller Sukses 6510;Makassar;03/06/2022
SEL-06512;Toko Seller Sukses 6511;Makassar;04/06/2022
SEL-06513;Toko Seller Sukses 6512;Makassar;28/07/2021
SEL-06514;Toko Seller Sukses 6513;Surabaya;17/05/2023
SEL-06515;Toko Seller Sukses 6514;Sidoarjo;30/06/2023
SEL-06516;Toko Seller Sukses 6515;Bandung;13/06/2022
SEL-06517;Toko Seller Sukses 6516;Surabaya;06/03/2023
SEL-06518;Toko Seller Sukses 6517;Yogyakarta;04/10/2021
SEL-06519;Toko Seller Sukses 6518;Jakarta Selatan;22/11/2022
SEL-06520;Toko Seller Sukses 6519;Makassar;14/04/2023
SEL-06521;Toko Seller Sukses 6520;Surabaya;01/04/2022
SEL-06522;Toko Seller Sukses 6521;Makassar;02/06/2021
SEL-06523;Toko Seller Sukses 6522;Makassar;24/11/2021
SEL-06524;Toko Seller Sukses 6523;Jakarta Pusat;24/08/2022
SEL-06525;Toko Seller Sukses 6524;Medan;16/06/2021
SEL-06526;Toko Seller Sukses 6525;Surabaya;22/06/2023
SEL-06527;Toko Seller Sukses 6526;Yogyakarta;07/06/2022
SEL-06528;Toko Seller Sukses 6527;Bandung;20/03/2022
SEL-06529;Toko Seller Sukses 6528;Medan;05/06/2023
SEL-06530;Toko Seller Sukses 6529;Cimahi;13/12/2022
SEL-06531;Toko Seller Sukses 6530;Makassar;09/04/2022
SEL-06532;Toko Seller Sukses 6531;Jakarta Selatan;17/06/2021
SEL-06533;Toko Seller Sukses 6532;Bandung;05/09/2021
SEL-06534;Toko Seller Sukses 6533;Cimahi;01/09/2021
SEL-06535;Toko Seller Sukses 6534;Surabaya;12/02/2022
SEL-06536;Toko Seller Sukses 6535;Makassar;08/06/2021
SEL-06537;Toko Seller Sukses 6536;Bandung;04/06/2023
SEL-06538;Toko Seller Sukses 6537;Sidoarjo;14/01/2022
SEL-06539;Toko Seller Sukses 6538;Sidoarjo;26/11/2022
SEL-06540;Toko Seller Sukses 6539;Medan;05/04/2023
SEL-06541;Toko Seller Sukses 6540;Surabaya;23/07/2022
SEL-06542;Toko Seller Sukses 6541;Yogyakarta;09/02/2023
SEL-06543;Toko Seller Sukses 6542;Medan;30/03/2022
SEL-06544;Toko Seller Sukses 6543;Bandung;15/07/2022
SEL-06545;Toko Seller Sukses 6544;Medan;24/03/2023
SEL-06546;Toko Seller Sukses 6545;Jakarta Selatan;22/11/2022
SEL-06547;Toko Seller Sukses 6546;Jakarta Selatan;07/03/2023
SEL-06548;Toko Seller Sukses 6547;Yogyakarta;03/11/2021
SEL-06549;Toko Seller Sukses 6548;Surabaya;08/01/2022
SEL-06550;Toko Seller Sukses 6549;Jakarta Selatan;21/03/2023
SEL-06551;Toko Seller Sukses 6550;Cimahi;27/11/2021
SEL-06552;Toko Seller Sukses 6551;Yogyakarta;07/09/2021
SEL-06553;Toko Seller Sukses 6552;Yogyakarta;15/05/2022
SEL-06554;Toko Seller Sukses 6553;Yogyakarta;12/12/2022
SEL-06555;Toko Seller Sukses 6554;Makassar;12/05/2023
SEL-06556;Toko Seller Sukses 6555;Medan;14/03/2023
SEL-06557;Toko Seller Sukses 6556;Medan;06/06/2023
SEL-06558;Toko Seller Sukses 6557;Surabaya;07/02/2023
SEL-06559;Toko Seller Sukses 6558;Cimahi;23/02/2023
SEL-06560;Toko Seller Sukses 6559;Bandung;15/09/2021
SEL-06561;Toko Seller Sukses 6560;Yogyakarta;20/09/2021
SEL-06562;Toko Seller Sukses 6561;Yogyakarta;04/07/2021
SEL-06563;Toko Seller Sukses 6562;Medan;24/05/2021
SEL-06564;Toko Seller Sukses 6563;Jakarta Selatan;10/12/2021
SEL-06565;Toko Seller Sukses 6564;Cimahi;10/05/2022
SEL-06566;Toko Seller Sukses 6565;Sidoarjo;03/06/2022
SEL-06567;Toko Seller Sukses 6566;Sidoarjo;10/02/2023
SEL-06568;Toko Seller Sukses 6567;Surabaya;23/10/2021
SEL-06569;Toko Seller Sukses 6568;Sidoarjo;19/08/2021
SEL-06570;Toko Seller Sukses 6569;Sidoarjo;27/05/2023
SEL-06571;Toko Seller Sukses 6570;Surabaya;20/03/2023
SEL-06572;Toko Seller Sukses 6571;Makassar;17/06/2023
SEL-06573;Toko Seller Sukses 6572;Jakarta Selatan;26/11/2021
SEL-06574;Toko Seller Sukses 6573;Yogyakarta;10/12/2021
SEL-06575;Toko Seller Sukses 6574;Bandung;16/07/2022
SEL-06576;Toko Seller Sukses 6575;Surabaya;25/05/2023
SEL-06577;Toko Seller Sukses 6576;Yogyakarta;20/02/2023
SEL-06578;Toko Seller Sukses 6577;Surabaya;22/07/2021
SEL-06579;Toko Seller Sukses 6578;Bandung;20/03/2023
SEL-06580;Toko Seller Sukses 6579;Jakarta Pusat;04/06/2022
SEL-06581;Toko Seller Sukses 6580;Bandung;30/10/2021
SEL-06582;Toko Seller Sukses 6581;Jakarta Pusat;13/01/2022
SEL-06583;Toko Seller Sukses 6582;Sidoarjo;20/09/2022
SEL-06584;Toko Seller Sukses 6583;Bandung;08/06/2022
SEL-06585;Toko Seller Sukses 6584;Sidoarjo;17/06/2022
SEL-06586;Toko Seller Sukses 6585;Jakarta Selatan;26/08/2021
SEL-06587;Toko Seller Sukses 6586;Cimahi;26/06/2021
SEL-06588;Toko Seller Sukses 6587;Sidoarjo;17/11/2021
SEL-06589;Toko Seller Sukses 6588;Makassar;25/04/2023
SEL-06590;Toko Seller Sukses 6589;Bandung;20/01/2023
SEL-06591;Toko Seller Sukses 6590;Surabaya;07/04/2022
SEL-06592;Toko Seller Sukses 6591;Sidoarjo;25/02/2023
SEL-06593;Toko Seller Sukses 6592;Medan;19/04/2022
SEL-06594;Toko Seller Sukses 6593;Medan;09/05/2021
SEL-06595;Toko Seller Sukses 6594;Makassar;02/06/2023
SEL-06596;Toko Seller Sukses 6595;Yogyakarta;30/01/2022
SEL-06597;Toko Seller Sukses 6596;Cimahi;24/09/2022
SEL-06598;Toko Seller Sukses 6597;Jakarta Selatan;04/07/2022
SEL-06599;Toko Seller Sukses 6598;Surabaya;09/07/2023
SEL-06600;Toko Seller Sukses 6599;Medan;15/07/2021
SEL-06601;Toko Seller Sukses 6600;Bandung;02/03/2023
SEL-06602;Toko Seller Sukses 6601;Sidoarjo;05/02/2023
SEL-06603;Toko Seller Sukses 6602;Yogyakarta;22/12/2022
SEL-06604;Toko Seller Sukses 6603;Yogyakarta;17/08/2022
SEL-06605;Toko Seller Sukses 6604;Yogyakarta;06/02/2023
SEL-06606;Toko Seller Sukses 6605;Bandung;03/03/2022
SEL-06607;Toko Seller Sukses 6606;Cimahi;10/12/2021
SEL-06608;Toko Seller Sukses 6607;Bandung;04/06/2021
SEL-06609;Toko Seller Sukses 6608;Sidoarjo;08/12/2022
SEL-06610;Toko Seller Sukses 6609;Sidoarjo;10/05/2023
SEL-06611;Toko Seller Sukses 6610;Surabaya;23/07/2021
SEL-06612;Toko Seller Sukses 6611;Surabaya;17/05/2021
SEL-06613;Toko Seller Sukses 6612;Yogyakarta;30/04/2023
SEL-06614;Toko Seller Sukses 6613;Yogyakarta;13/10/2021
SEL-06615;Toko Seller Sukses 6614;Sidoarjo;03/10/2021
SEL-06616;Toko Seller Sukses 6615;Jakarta Pusat;25/01/2022
SEL-06617;Toko Seller Sukses 6616;Yogyakarta;20/05/2022
SEL-06618;Toko Seller Sukses 6617;Makassar;16/10/2021
SEL-06619;Toko Seller Sukses 6618;Cimahi;07/01/2022
SEL-06620;Toko Seller Sukses 6619;Jakarta Selatan;01/06/2022
SEL-06621;Toko Seller Sukses 6620;Yogyakarta;29/09/2022
SEL-06622;Toko Seller Sukses 6621;Bandung;02/05/2021
SEL-06623;Toko Seller Sukses 6622;Cimahi;14/05/2021
SEL-06624;Toko Seller Sukses 6623;Surabaya;04/02/2023
SEL-06625;Toko Seller Sukses 6624;Yogyakarta;09/02/2022
SEL-06626;Toko Seller Sukses 6625;Medan;19/07/2021
SEL-06627;Toko Seller Sukses 6626;Jakarta Selatan;21/04/2022
SEL-06628;Toko Seller Sukses 6627;Surabaya;19/07/2022
SEL-06629;Toko Seller Sukses 6628;Jakarta Selatan;02/05/2021
SEL-06630;Toko Seller Sukses 6629;Yogyakarta;23/06/2021
SEL-06631;Toko Seller Sukses 6630;Jakarta Selatan;01/12/2022
SEL-06632;Toko Seller Sukses 6631;Medan;29/07/2021
SEL-06633;Toko Seller Sukses 6632;Jakarta Pusat;07/02/2023
SEL-06634;Toko Seller Sukses 6633;Medan;22/04/2023
SEL-06635;Toko Seller Sukses 6634;Jakarta Selatan;02/08/2022
SEL-06636;Toko Seller Sukses 6635;Yogyakarta;04/06/2021
SEL-06637;Toko Seller Sukses 6636;Jakarta Selatan;20/11/2021
SEL-06638;Toko Seller Sukses 6637;Cimahi;30/06/2022
SEL-06639;Toko Seller Sukses 6638;Makassar;18/08/2022
SEL-06640;Toko Seller Sukses 6639;Jakarta Pusat;19/08/2022
SEL-06641;Toko Seller Sukses 6640;Cimahi;30/08/2022
SEL-06642;Toko Seller Sukses 6641;Surabaya;09/12/2022
SEL-06643;Toko Seller Sukses 6642;Makassar;07/01/2022
SEL-06644;Toko Seller Sukses 6643;Medan;06/09/2021
SEL-06645;Toko Seller Sukses 6644;Sidoarjo;28/12/2022
SEL-06646;Toko Seller Sukses 6645;Makassar;20/03/2023
SEL-06647;Toko Seller Sukses 6646;Jakarta Pusat;30/12/2021
SEL-06648;Toko Seller Sukses 6647;Medan;16/03/2023
SEL-06649;Toko Seller Sukses 6648;Jakarta Selatan;13/02/2023
SEL-06650;Toko Seller Sukses 6649;Jakarta Selatan;10/05/2021
SEL-06651;Toko Seller Sukses 6650;Jakarta Pusat;17/01/2023
SEL-06652;Toko Seller Sukses 6651;Makassar;09/12/2021
SEL-06653;Toko Seller Sukses 6652;Medan;09/05/2022
SEL-06654;Toko Seller Sukses 6653;Makassar;03/09/2022
SEL-06655;Toko Seller Sukses 6654;Bandung;30/05/2021
SEL-06656;Toko Seller Sukses 6655;Yogyakarta;24/06/2022
SEL-06657;Toko Seller Sukses 6656;Bandung;30/05/2021
SEL-06658;Toko Seller Sukses 6657;Jakarta Selatan;21/07/2021
SEL-06659;Toko Seller Sukses 6658;Medan;11/01/2022
SEL-06660;Toko Seller Sukses 6659;Jakarta Selatan;31/08/2021
SEL-06661;Toko Seller Sukses 6660;Cimahi;01/06/2021
SEL-06662;Toko Seller Sukses 6661;Jakarta Selatan;01/06/2022
SEL-06663;Toko Seller Sukses 6662;Makassar;21/08/2022
SEL-06664;Toko Seller Sukses 6663;Cimahi;12/11/2021
SEL-06665;Toko Seller Sukses 6664;Yogyakarta;18/03/2022
SEL-06666;Toko Seller Sukses 6665;Yogyakarta;10/05/2021
SEL-06667;Toko Seller Sukses 6666;Surabaya;26/02/2022
SEL-06668;Toko Seller Sukses 6667;Jakarta Selatan;28/01/2023
SEL-06669;Toko Seller Sukses 6668;Jakarta Selatan;15/12/2021
SEL-06670;Toko Seller Sukses 6669;Yogyakarta;09/03/2022
SEL-06671;Toko Seller Sukses 6670;Jakarta Selatan;02/05/2021
SEL-06672;Toko Seller Sukses 6671;Jakarta Selatan;09/05/2022
SEL-06673;Toko Seller Sukses 6672;Makassar;25/03/2023
SEL-06674;Toko Seller Sukses 6673;Bandung;14/10/2022
SEL-06675;Toko Seller Sukses 6674;Medan;20/04/2022
SEL-06676;Toko Seller Sukses 6675;Yogyakarta;05/06/2022
SEL-06677;Toko Seller Sukses 6676;Sidoarjo;31/01/2022
SEL-06678;Toko Seller Sukses 6677;Yogyakarta;09/10/2022
SEL-06679;Toko Seller Sukses 6678;Medan;20/02/2022
SEL-06680;Toko Seller Sukses 6679;Makassar;16/03/2023
SEL-06681;Toko Seller Sukses 6680;Sidoarjo;13/01/2022
SEL-06682;Toko Seller Sukses 6681;Jakarta Selatan;04/07/2021
SEL-06683;Toko Seller Sukses 6682;Makassar;30/04/2022
SEL-06684;Toko Seller Sukses 6683;Medan;13/01/2022
SEL-06685;Toko Seller Sukses 6684;Jakarta Selatan;27/05/2023
SEL-06686;Toko Seller Sukses 6685;Yogyakarta;12/02/2023
SEL-06687;Toko Seller Sukses 6686;Jakarta Selatan;06/09/2021
SEL-06688;Toko Seller Sukses 6687;Jakarta Selatan;01/07/2021
SEL-06689;Toko Seller Sukses 6688;Makassar;12/02/2022
SEL-06690;Toko Seller Sukses 6689;Surabaya;18/08/2022
SEL-06691;Toko Seller Sukses 6690;Sidoarjo;28/02/2022
SEL-06692;Toko Seller Sukses 6691;Sidoarjo;28/02/2022
SEL-06693;Toko Seller Sukses 6692;Jakarta Pusat;02/04/2022
SEL-06694;Toko Seller Sukses 6693;Sidoarjo;25/08/2021
SEL-06695;Toko Seller Sukses 6694;Yogyakarta;20/05/2022
SEL-06696;Toko Seller Sukses 6695;Jakarta Pusat;30/08/2021
SEL-06697;Toko Seller Sukses 6696;Yogyakarta;27/05/2021
SEL-06698;Toko Seller Sukses 6697;Cimahi;28/11/2022
SEL-06699;Toko Seller Sukses 6698;Yogyakarta;20/04/2022
SEL-06700;Toko Seller Sukses 6699;Surabaya;03/05/2022
SEL-06701;Toko Seller Sukses 6700;Cimahi;19/08/2022
SEL-06702;Toko Seller Sukses 6701;Jakarta Pusat;31/10/2022
SEL-06703;Toko Seller Sukses 6702;Bandung;24/08/2021
SEL-06704;Toko Seller Sukses 6703;Bandung;01/10/2022
SEL-06705;Toko Seller Sukses 6704;Surabaya;04/04/2022
SEL-06706;Toko Seller Sukses 6705;Bandung;20/09/2021
SEL-06707;Toko Seller Sukses 6706;Yogyakarta;11/06/2021
SEL-06708;Toko Seller Sukses 6707;Yogyakarta;24/08/2022
SEL-06709;Toko Seller Sukses 6708;Jakarta Pusat;30/09/2022
SEL-06710;Toko Seller Sukses 6709;Yogyakarta;14/08/2022
SEL-06711;Toko Seller Sukses 6710;Jakarta Selatan;17/08/2021
SEL-06712;Toko Seller Sukses 6711;Sidoarjo;17/08/2022
SEL-06713;Toko Seller Sukses 6712;Sidoarjo;31/07/2022
SEL-06714;Toko Seller Sukses 6713;Surabaya;24/10/2022
SEL-06715;Toko Seller Sukses 6714;Jakarta Selatan;06/02/2023
SEL-06716;Toko Seller Sukses 6715;Sidoarjo;01/04/2022
SEL-06717;Toko Seller Sukses 6716;Yogyakarta;21/08/2021
SEL-06718;Toko Seller Sukses 6717;Yogyakarta;23/11/2022
SEL-06719;Toko Seller Sukses 6718;Jakarta Selatan;16/07/2021
SEL-06720;Toko Seller Sukses 6719;Sidoarjo;13/08/2021
SEL-06721;Toko Seller Sukses 6720;Makassar;10/08/2021
SEL-06722;Toko Seller Sukses 6721;Bandung;13/07/2022
SEL-06723;Toko Seller Sukses 6722;Cimahi;06/04/2023
SEL-06724;Toko Seller Sukses 6723;Bandung;24/07/2022
SEL-06725;Toko Seller Sukses 6724;Jakarta Selatan;10/09/2022
SEL-06726;Toko Seller Sukses 6725;Medan;22/06/2021
SEL-06727;Toko Seller Sukses 6726;Surabaya;11/10/2022
SEL-06728;Toko Seller Sukses 6727;Sidoarjo;23/06/2021
SEL-06729;Toko Seller Sukses 6728;Medan;06/10/2022
SEL-06730;Toko Seller Sukses 6729;Jakarta Pusat;06/02/2022
SEL-06731;Toko Seller Sukses 6730;Surabaya;07/03/2022
SEL-06732;Toko Seller Sukses 6731;Jakarta Pusat;30/09/2021
SEL-06733;Toko Seller Sukses 6732;Bandung;09/09/2021
SEL-06734;Toko Seller Sukses 6733;Jakarta Pusat;30/03/2023
SEL-06735;Toko Seller Sukses 6734;Bandung;18/06/2021
SEL-06736;Toko Seller Sukses 6735;Sidoarjo;07/02/2023
SEL-06737;Toko Seller Sukses 6736;Jakarta Pusat;05/09/2022
SEL-06738;Toko Seller Sukses 6737;Sidoarjo;06/10/2021
SEL-06739;Toko Seller Sukses 6738;Surabaya;24/07/2021
SEL-06740;Toko Seller Sukses 6739;Jakarta Selatan;08/06/2021
SEL-06741;Toko Seller Sukses 6740;Cimahi;23/07/2021
SEL-06742;Toko Seller Sukses 6741;Surabaya;06/12/2021
SEL-06743;Toko Seller Sukses 6742;Sidoarjo;01/04/2022
SEL-06744;Toko Seller Sukses 6743;Cimahi;08/04/2023
SEL-06745;Toko Seller Sukses 6744;Bandung;20/11/2022
SEL-06746;Toko Seller Sukses 6745;Medan;01/06/2023
SEL-06747;Toko Seller Sukses 6746;Bandung;28/06/2023
SEL-06748;Toko Seller Sukses 6747;Sidoarjo;31/03/2022
SEL-06749;Toko Seller Sukses 6748;Cimahi;05/09/2021
SEL-06750;Toko Seller Sukses 6749;Sidoarjo;15/05/2023
SEL-06751;Toko Seller Sukses 6750;Medan;15/05/2021
SEL-06752;Toko Seller Sukses 6751;Cimahi;04/12/2022
SEL-06753;Toko Seller Sukses 6752;Jakarta Pusat;25/12/2022
SEL-06754;Toko Seller Sukses 6753;Surabaya;06/01/2022
SEL-06755;Toko Seller Sukses 6754;Makassar;02/06/2022
SEL-06756;Toko Seller Sukses 6755;Cimahi;15/02/2022
SEL-06757;Toko Seller Sukses 6756;Sidoarjo;18/02/2023
SEL-06758;Toko Seller Sukses 6757;Bandung;22/10/2022
SEL-06759;Toko Seller Sukses 6758;Yogyakarta;19/08/2022
SEL-06760;Toko Seller Sukses 6759;Jakarta Selatan;21/12/2021
SEL-06761;Toko Seller Sukses 6760;Surabaya;13/05/2021
SEL-06762;Toko Seller Sukses 6761;Sidoarjo;21/06/2022
SEL-06763;Toko Seller Sukses 6762;Medan;19/06/2021
SEL-06764;Toko Seller Sukses 6763;Yogyakarta;05/08/2022
SEL-06765;Toko Seller Sukses 6764;Sidoarjo;11/11/2022
SEL-06766;Toko Seller Sukses 6765;Cimahi;28/04/2023
SEL-06767;Toko Seller Sukses 6766;Jakarta Selatan;13/06/2021
SEL-06768;Toko Seller Sukses 6767;Yogyakarta;08/10/2021
SEL-06769;Toko Seller Sukses 6768;Bandung;22/03/2023
SEL-06770;Toko Seller Sukses 6769;Jakarta Selatan;14/09/2022
SEL-06771;Toko Seller Sukses 6770;Jakarta Selatan;19/07/2021
SEL-06772;Toko Seller Sukses 6771;Jakarta Selatan;29/10/2022
SEL-06773;Toko Seller Sukses 6772;Yogyakarta;24/10/2022
SEL-06774;Toko Seller Sukses 6773;Yogyakarta;17/03/2022
SEL-06775;Toko Seller Sukses 6774;Medan;22/02/2023
SEL-06776;Toko Seller Sukses 6775;Cimahi;17/08/2022
SEL-06777;Toko Seller Sukses 6776;Yogyakarta;29/03/2022
SEL-06778;Toko Seller Sukses 6777;Jakarta Pusat;30/09/2021
SEL-06779;Toko Seller Sukses 6778;Yogyakarta;16/07/2022
SEL-06780;Toko Seller Sukses 6779;Medan;04/07/2021
SEL-06781;Toko Seller Sukses 6780;Sidoarjo;21/07/2021
SEL-06782;Toko Seller Sukses 6781;Yogyakarta;20/02/2022
SEL-06783;Toko Seller Sukses 6782;Jakarta Selatan;03/03/2022
SEL-06784;Toko Seller Sukses 6783;Surabaya;03/03/2023
SEL-06785;Toko Seller Sukses 6784;Surabaya;29/08/2022
SEL-06786;Toko Seller Sukses 6785;Yogyakarta;17/10/2021
SEL-06787;Toko Seller Sukses 6786;Makassar;24/02/2023
SEL-06788;Toko Seller Sukses 6787;Bandung;01/03/2023
SEL-06789;Toko Seller Sukses 6788;Makassar;18/03/2023
SEL-06790;Toko Seller Sukses 6789;Bandung;16/06/2023
SEL-06791;Toko Seller Sukses 6790;Bandung;10/05/2022
SEL-06792;Toko Seller Sukses 6791;Sidoarjo;08/02/2023
SEL-06793;Toko Seller Sukses 6792;Yogyakarta;06/05/2023
SEL-06794;Toko Seller Sukses 6793;Makassar;23/06/2021
SEL-06795;Toko Seller Sukses 6794;Yogyakarta;14/10/2021
SEL-06796;Toko Seller Sukses 6795;Medan;13/10/2021
SEL-06797;Toko Seller Sukses 6796;Jakarta Pusat;18/06/2023
SEL-06798;Toko Seller Sukses 6797;Sidoarjo;03/07/2021
SEL-06799;Toko Seller Sukses 6798;Cimahi;14/05/2022
SEL-06800;Toko Seller Sukses 6799;Jakarta Pusat;07/12/2022
SEL-06801;Toko Seller Sukses 6800;Medan;06/10/2021
SEL-06802;Toko Seller Sukses 6801;Jakarta Selatan;09/04/2022
SEL-06803;Toko Seller Sukses 6802;Sidoarjo;15/01/2022
SEL-06804;Toko Seller Sukses 6803;Bandung;21/01/2022
SEL-06805;Toko Seller Sukses 6804;Cimahi;18/08/2021
SEL-06806;Toko Seller Sukses 6805;Jakarta Pusat;14/06/2022
SEL-06807;Toko Seller Sukses 6806;Makassar;06/03/2023
SEL-06808;Toko Seller Sukses 6807;Bandung;03/10/2021
SEL-06809;Toko Seller Sukses 6808;Cimahi;01/04/2022
SEL-06810;Toko Seller Sukses 6809;Jakarta Selatan;15/02/2023
SEL-06811;Toko Seller Sukses 6810;Surabaya;21/09/2022
SEL-06812;Toko Seller Sukses 6811;Medan;20/08/2021
SEL-06813;Toko Seller Sukses 6812;Cimahi;05/04/2023
SEL-06814;Toko Seller Sukses 6813;Makassar;21/11/2021
SEL-06815;Toko Seller Sukses 6814;Yogyakarta;02/03/2022
SEL-06816;Toko Seller Sukses 6815;Jakarta Selatan;22/02/2023
SEL-06817;Toko Seller Sukses 6816;Jakarta Pusat;31/01/2023
SEL-06818;Toko Seller Sukses 6817;Bandung;28/06/2023
SEL-06819;Toko Seller Sukses 6818;Sidoarjo;08/06/2021
SEL-06820;Toko Seller Sukses 6819;Cimahi;01/02/2023
SEL-06821;Toko Seller Sukses 6820;Sidoarjo;19/06/2021
SEL-06822;Toko Seller Sukses 6821;Jakarta Selatan;25/12/2022
SEL-06823;Toko Seller Sukses 6822;Medan;10/11/2021
SEL-06824;Toko Seller Sukses 6823;Cimahi;19/06/2021
SEL-06825;Toko Seller Sukses 6824;Bandung;29/03/2022
SEL-06826;Toko Seller Sukses 6825;Medan;08/09/2021
SEL-06827;Toko Seller Sukses 6826;Yogyakarta;30/01/2023
SEL-06828;Toko Seller Sukses 6827;Sidoarjo;04/10/2021
SEL-06829;Toko Seller Sukses 6828;Surabaya;28/05/2022
SEL-06830;Toko Seller Sukses 6829;Jakarta Selatan;22/03/2022
SEL-06831;Toko Seller Sukses 6830;Jakarta Selatan;10/07/2022
SEL-06832;Toko Seller Sukses 6831;Jakarta Selatan;09/07/2022
SEL-06833;Toko Seller Sukses 6832;Jakarta Selatan;17/05/2021
SEL-06834;Toko Seller Sukses 6833;Jakarta Pusat;13/09/2021
SEL-06835;Toko Seller Sukses 6834;Jakarta Pusat;01/04/2022
SEL-06836;Toko Seller Sukses 6835;Bandung;12/10/2021
SEL-06837;Toko Seller Sukses 6836;Surabaya;31/10/2021
SEL-06838;Toko Seller Sukses 6837;Cimahi;04/09/2021
SEL-06839;Toko Seller Sukses 6838;Makassar;13/01/2022
SEL-06840;Toko Seller Sukses 6839;Jakarta Selatan;21/05/2023
SEL-06841;Toko Seller Sukses 6840;Jakarta Pusat;16/01/2023
SEL-06842;Toko Seller Sukses 6841;Makassar;15/04/2023
SEL-06843;Toko Seller Sukses 6842;Jakarta Selatan;28/06/2022
SEL-06844;Toko Seller Sukses 6843;Surabaya;05/01/2023
SEL-06845;Toko Seller Sukses 6844;Jakarta Selatan;21/07/2021
SEL-06846;Toko Seller Sukses 6845;Medan;14/07/2021
SEL-06847;Toko Seller Sukses 6846;Makassar;20/06/2022
SEL-06848;Toko Seller Sukses 6847;Surabaya;06/06/2022
SEL-06849;Toko Seller Sukses 6848;Jakarta Pusat;02/12/2021
SEL-06850;Toko Seller Sukses 6849;Yogyakarta;10/12/2022
SEL-06851;Toko Seller Sukses 6850;Surabaya;24/11/2021
SEL-06852;Toko Seller Sukses 6851;Yogyakarta;07/12/2022
SEL-06853;Toko Seller Sukses 6852;Bandung;28/01/2023
SEL-06854;Toko Seller Sukses 6853;Yogyakarta;01/07/2021
SEL-06855;Toko Seller Sukses 6854;Jakarta Selatan;30/06/2021
SEL-06856;Toko Seller Sukses 6855;Cimahi;06/12/2021
SEL-06857;Toko Seller Sukses 6856;Jakarta Selatan;29/06/2023
SEL-06858;Toko Seller Sukses 6857;Yogyakarta;29/10/2022
SEL-06859;Toko Seller Sukses 6858;Jakarta Pusat;30/01/2022
SEL-06860;Toko Seller Sukses 6859;Sidoarjo;15/07/2022
SEL-06861;Toko Seller Sukses 6860;Jakarta Pusat;14/12/2022
SEL-06862;Toko Seller Sukses 6861;Jakarta Selatan;05/08/2022
SEL-06863;Toko Seller Sukses 6862;Cimahi;12/08/2021
SEL-06864;Toko Seller Sukses 6863;Jakarta Pusat;19/07/2021
SEL-06865;Toko Seller Sukses 6864;Medan;16/06/2022
SEL-06866;Toko Seller Sukses 6865;Bandung;22/06/2021
SEL-06867;Toko Seller Sukses 6866;Sidoarjo;06/04/2022
SEL-06868;Toko Seller Sukses 6867;Surabaya;23/08/2022
SEL-06869;Toko Seller Sukses 6868;Cimahi;25/11/2021
SEL-06870;Toko Seller Sukses 6869;Yogyakarta;24/01/2022
SEL-06871;Toko Seller Sukses 6870;Sidoarjo;12/02/2023
SEL-06872;Toko Seller Sukses 6871;Bandung;18/05/2021
SEL-06873;Toko Seller Sukses 6872;Medan;15/05/2022
SEL-06874;Toko Seller Sukses 6873;Sidoarjo;09/12/2022
SEL-06875;Toko Seller Sukses 6874;Medan;26/11/2022
SEL-06876;Toko Seller Sukses 6875;Sidoarjo;08/05/2022
SEL-06877;Toko Seller Sukses 6876;Sidoarjo;29/07/2021
SEL-06878;Toko Seller Sukses 6877;Cimahi;13/03/2023
SEL-06879;Toko Seller Sukses 6878;Bandung;24/08/2022
SEL-06880;Toko Seller Sukses 6879;Bandung;03/02/2022
SEL-06881;Toko Seller Sukses 6880;Medan;29/11/2022
SEL-06882;Toko Seller Sukses 6881;Yogyakarta;25/05/2023
SEL-06883;Toko Seller Sukses 6882;Jakarta Selatan;14/02/2022
SEL-06884;Toko Seller Sukses 6883;Jakarta Selatan;07/06/2023
SEL-06885;Toko Seller Sukses 6884;Jakarta Pusat;23/11/2022
SEL-06886;Toko Seller Sukses 6885;Surabaya;05/03/2022
SEL-06887;Toko Seller Sukses 6886;Sidoarjo;11/02/2022
SEL-06888;Toko Seller Sukses 6887;Medan;12/02/2023
SEL-06889;Toko Seller Sukses 6888;Jakarta Pusat;30/06/2021
SEL-06890;Toko Seller Sukses 6889;Jakarta Selatan;19/04/2023
SEL-06891;Toko Seller Sukses 6890;Jakarta Selatan;28/12/2021
SEL-06892;Toko Seller Sukses 6891;Yogyakarta;15/12/2021
SEL-06893;Toko Seller Sukses 6892;Surabaya;08/10/2021
SEL-06894;Toko Seller Sukses 6893;Jakarta Selatan;30/01/2022
SEL-06895;Toko Seller Sukses 6894;Sidoarjo;12/02/2022
SEL-06896;Toko Seller Sukses 6895;Surabaya;14/08/2022
SEL-06897;Toko Seller Sukses 6896;Makassar;11/08/2021
SEL-06898;Toko Seller Sukses 6897;Surabaya;08/05/2021
SEL-06899;Toko Seller Sukses 6898;Bandung;25/01/2023
SEL-06900;Toko Seller Sukses 6899;Jakarta Pusat;08/04/2022
SEL-06901;Toko Seller Sukses 6900;Bandung;04/09/2022
SEL-06902;Toko Seller Sukses 6901;Surabaya;03/05/2023
SEL-06903;Toko Seller Sukses 6902;Medan;24/03/2023
SEL-06904;Toko Seller Sukses 6903;Jakarta Selatan;26/11/2021
SEL-06905;Toko Seller Sukses 6904;Jakarta Selatan;03/09/2022
SEL-06906;Toko Seller Sukses 6905;Jakarta Selatan;08/12/2022
SEL-06907;Toko Seller Sukses 6906;Yogyakarta;07/03/2022
SEL-06908;Toko Seller Sukses 6907;Surabaya;26/02/2023
SEL-06909;Toko Seller Sukses 6908;Bandung;18/01/2022
SEL-06910;Toko Seller Sukses 6909;Makassar;12/06/2021
SEL-06911;Toko Seller Sukses 6910;Bandung;12/10/2021
SEL-06912;Toko Seller Sukses 6911;Bandung;11/01/2022
SEL-06913;Toko Seller Sukses 6912;Jakarta Pusat;20/01/2022
SEL-06914;Toko Seller Sukses 6913;Surabaya;01/04/2022
SEL-06915;Toko Seller Sukses 6914;Surabaya;27/04/2023
SEL-06916;Toko Seller Sukses 6915;Medan;23/11/2022
SEL-06917;Toko Seller Sukses 6916;Makassar;06/07/2022
SEL-06918;Toko Seller Sukses 6917;Medan;15/11/2022
SEL-06919;Toko Seller Sukses 6918;Jakarta Selatan;20/03/2023
SEL-06920;Toko Seller Sukses 6919;Cimahi;24/08/2022
SEL-06921;Toko Seller Sukses 6920;Sidoarjo;06/08/2022
SEL-06922;Toko Seller Sukses 6921;Cimahi;15/11/2022
SEL-06923;Toko Seller Sukses 6922;Yogyakarta;04/07/2022
SEL-06924;Toko Seller Sukses 6923;Makassar;09/01/2023
SEL-06925;Toko Seller Sukses 6924;Jakarta Selatan;20/11/2021
SEL-06926;Toko Seller Sukses 6925;Jakarta Pusat;05/04/2022
SEL-06927;Toko Seller Sukses 6926;Bandung;12/05/2021
SEL-06928;Toko Seller Sukses 6927;Yogyakarta;06/09/2022
SEL-06929;Toko Seller Sukses 6928;Yogyakarta;28/12/2021
SEL-06930;Toko Seller Sukses 6929;Medan;06/04/2023
SEL-06931;Toko Seller Sukses 6930;Makassar;23/02/2022
SEL-06932;Toko Seller Sukses 6931;Sidoarjo;05/01/2022
SEL-06933;Toko Seller Sukses 6932;Medan;13/12/2022
SEL-06934;Toko Seller Sukses 6933;Bandung;07/12/2021
SEL-06935;Toko Seller Sukses 6934;Surabaya;04/12/2021
SEL-06936;Toko Seller Sukses 6935;Jakarta Pusat;03/08/2021
SEL-06937;Toko Seller Sukses 6936;Surabaya;09/04/2023
SEL-06938;Toko Seller Sukses 6937;Yogyakarta;10/05/2021
SEL-06939;Toko Seller Sukses 6938;Jakarta Pusat;07/06/2021
SEL-06940;Toko Seller Sukses 6939;Medan;07/06/2021
SEL-06941;Toko Seller Sukses 6940;Jakarta Selatan;27/08/2021
SEL-06942;Toko Seller Sukses 6941;Bandung;15/01/2023
SEL-06943;Toko Seller Sukses 6942;Yogyakarta;11/05/2021
SEL-06944;Toko Seller Sukses 6943;Sidoarjo;14/03/2023
SEL-06945;Toko Seller Sukses 6944;Medan;21/04/2023
SEL-06946;Toko Seller Sukses 6945;Surabaya;17/11/2021
SEL-06947;Toko Seller Sukses 6946;Yogyakarta;09/06/2023
SEL-06948;Toko Seller Sukses 6947;Surabaya;03/09/2022
SEL-06949;Toko Seller Sukses 6948;Surabaya;27/01/2022
SEL-06950;Toko Seller Sukses 6949;Jakarta Pusat;08/06/2023
SEL-06951;Toko Seller Sukses 6950;Surabaya;06/01/2022
SEL-06952;Toko Seller Sukses 6951;Jakarta Selatan;29/05/2021
SEL-06953;Toko Seller Sukses 6952;Cimahi;13/06/2023
SEL-06954;Toko Seller Sukses 6953;Jakarta Selatan;17/09/2021
SEL-06955;Toko Seller Sukses 6954;Cimahi;12/01/2022
SEL-06956;Toko Seller Sukses 6955;Jakarta Selatan;18/07/2022
SEL-06957;Toko Seller Sukses 6956;Cimahi;26/09/2022
SEL-06958;Toko Seller Sukses 6957;Sidoarjo;14/10/2021
SEL-06959;Toko Seller Sukses 6958;Sidoarjo;08/01/2023
SEL-06960;Toko Seller Sukses 6959;Cimahi;08/06/2023
SEL-06961;Toko Seller Sukses 6960;Sidoarjo;22/02/2022
SEL-06962;Toko Seller Sukses 6961;Jakarta Selatan;27/05/2023
SEL-06963;Toko Seller Sukses 6962;Jakarta Pusat;14/09/2022
SEL-06964;Toko Seller Sukses 6963;Makassar;08/07/2023
SEL-06965;Toko Seller Sukses 6964;Cimahi;24/02/2023
SEL-06966;Toko Seller Sukses 6965;Surabaya;04/11/2021
SEL-06967;Toko Seller Sukses 6966;Makassar;12/12/2022
SEL-06968;Toko Seller Sukses 6967;Sidoarjo;14/06/2021
SEL-06969;Toko Seller Sukses 6968;Medan;05/01/2023
SEL-06970;Toko Seller Sukses 6969;Bandung;01/12/2021
SEL-06971;Toko Seller Sukses 6970;Makassar;28/06/2021
SEL-06972;Toko Seller Sukses 6971;Makassar;05/10/2022
SEL-06973;Toko Seller Sukses 6972;Bandung;26/12/2022
SEL-06974;Toko Seller Sukses 6973;Yogyakarta;15/07/2021
SEL-06975;Toko Seller Sukses 6974;Makassar;30/04/2022
SEL-06976;Toko Seller Sukses 6975;Jakarta Selatan;10/12/2022
SEL-06977;Toko Seller Sukses 6976;Jakarta Selatan;14/06/2023
SEL-06978;Toko Seller Sukses 6977;Bandung;20/11/2021
SEL-06979;Toko Seller Sukses 6978;Sidoarjo;15/02/2023
SEL-06980;Toko Seller Sukses 6979;Jakarta Pusat;17/10/2022
SEL-06981;Toko Seller Sukses 6980;Surabaya;26/06/2023
SEL-06982;Toko Seller Sukses 6981;Jakarta Selatan;10/06/2022
SEL-06983;Toko Seller Sukses 6982;Sidoarjo;25/10/2022
SEL-06984;Toko Seller Sukses 6983;Cimahi;10/06/2021
SEL-06985;Toko Seller Sukses 6984;Jakarta Pusat;04/04/2023
SEL-06986;Toko Seller Sukses 6985;Makassar;27/07/2022
SEL-06987;Toko Seller Sukses 6986;Jakarta Selatan;19/02/2023
SEL-06988;Toko Seller Sukses 6987;Bandung;13/05/2022
SEL-06989;Toko Seller Sukses 6988;Surabaya;05/02/2022
SEL-06990;Toko Seller Sukses 6989;Sidoarjo;22/08/2021
SEL-06991;Toko Seller Sukses 6990;Surabaya;27/08/2022
SEL-06992;Toko Seller Sukses 6991;Sidoarjo;12/04/2022
SEL-06993;Toko Seller Sukses 6992;Yogyakarta;16/01/2022
SEL-06994;Toko Seller Sukses 6993;Surabaya;07/06/2021
SEL-06995;Toko Seller Sukses 6994;Bandung;18/01/2023
SEL-06996;Toko Seller Sukses 6995;Sidoarjo;11/06/2022
SEL-06997;Toko Seller Sukses 6996;Sidoarjo;14/05/2022
SEL-06998;Toko Seller Sukses 6997;Medan;29/12/2021
SEL-06999;Toko Seller Sukses 6998;Jakarta Selatan;23/12/2021
SEL-07000;Toko Seller Sukses 6999;Jakarta Selatan;13/02/2022
SEL-07001;Toko Seller Sukses 7000;Bandung;26/05/2021
SEL-07002;Toko Seller Sukses 7001;Jakarta Selatan;30/12/2022
SEL-07003;Toko Seller Sukses 7002;Sidoarjo;02/10/2022
SEL-07004;Toko Seller Sukses 7003;Cimahi;29/10/2022
SEL-07005;Toko Seller Sukses 7004;Bandung;16/09/2022
SEL-07006;Toko Seller Sukses 7005;Cimahi;20/11/2022
SEL-07007;Toko Seller Sukses 7006;Bandung;13/02/2022
SEL-07008;Toko Seller Sukses 7007;Medan;18/05/2022
SEL-07009;Toko Seller Sukses 7008;Jakarta Selatan;02/01/2023
SEL-07010;Toko Seller Sukses 7009;Jakarta Selatan;03/06/2022
SEL-07011;Toko Seller Sukses 7010;Jakarta Selatan;10/08/2021
SEL-07012;Toko Seller Sukses 7011;Bandung;12/04/2023
SEL-07013;Toko Seller Sukses 7012;Sidoarjo;12/05/2023
SEL-07014;Toko Seller Sukses 7013;Yogyakarta;02/05/2021
SEL-07015;Toko Seller Sukses 7014;Sidoarjo;16/09/2021
SEL-07016;Toko Seller Sukses 7015;Makassar;17/11/2022
SEL-07017;Toko Seller Sukses 7016;Bandung;17/01/2023
SEL-07018;Toko Seller Sukses 7017;Bandung;11/02/2023
SEL-07019;Toko Seller Sukses 7018;Surabaya;11/05/2022
SEL-07020;Toko Seller Sukses 7019;Bandung;28/11/2022
SEL-07021;Toko Seller Sukses 7020;Yogyakarta;08/08/2021
SEL-07022;Toko Seller Sukses 7021;Jakarta Pusat;28/07/2022
SEL-07023;Toko Seller Sukses 7022;Medan;01/05/2022
SEL-07024;Toko Seller Sukses 7023;Makassar;20/10/2021
SEL-07025;Toko Seller Sukses 7024;Jakarta Pusat;20/06/2023
SEL-07026;Toko Seller Sukses 7025;Makassar;19/02/2022
SEL-07027;Toko Seller Sukses 7026;Bandung;02/01/2022
SEL-07028;Toko Seller Sukses 7027;Cimahi;10/12/2022
SEL-07029;Toko Seller Sukses 7028;Sidoarjo;08/09/2021
SEL-07030;Toko Seller Sukses 7029;Bandung;24/01/2023
SEL-07031;Toko Seller Sukses 7030;Yogyakarta;19/10/2021
SEL-07032;Toko Seller Sukses 7031;Makassar;18/08/2022
SEL-07033;Toko Seller Sukses 7032;Jakarta Selatan;09/02/2022
SEL-07034;Toko Seller Sukses 7033;Jakarta Pusat;30/04/2022
SEL-07035;Toko Seller Sukses 7034;Jakarta Pusat;05/08/2022
SEL-07036;Toko Seller Sukses 7035;Bandung;20/08/2021
SEL-07037;Toko Seller Sukses 7036;Bandung;14/12/2021
SEL-07038;Toko Seller Sukses 7037;Medan;19/05/2021
SEL-07039;Toko Seller Sukses 7038;Surabaya;16/08/2021
SEL-07040;Toko Seller Sukses 7039;Cimahi;31/07/2021
SEL-07041;Toko Seller Sukses 7040;Jakarta Selatan;10/11/2022
SEL-07042;Toko Seller Sukses 7041;Cimahi;06/07/2022
SEL-07043;Toko Seller Sukses 7042;Medan;14/06/2022
SEL-07044;Toko Seller Sukses 7043;Jakarta Selatan;08/06/2022
SEL-07045;Toko Seller Sukses 7044;Cimahi;23/11/2021
SEL-07046;Toko Seller Sukses 7045;Jakarta Selatan;13/11/2021
SEL-07047;Toko Seller Sukses 7046;Jakarta Pusat;15/02/2022
SEL-07048;Toko Seller Sukses 7047;Makassar;09/01/2023
SEL-07049;Toko Seller Sukses 7048;Medan;06/03/2022
SEL-07050;Toko Seller Sukses 7049;Yogyakarta;10/07/2022
SEL-07051;Toko Seller Sukses 7050;Jakarta Pusat;04/09/2022
SEL-07052;Toko Seller Sukses 7051;Jakarta Selatan;25/07/2021
SEL-07053;Toko Seller Sukses 7052;Surabaya;30/01/2023
SEL-07054;Toko Seller Sukses 7053;Sidoarjo;14/02/2022
SEL-07055;Toko Seller Sukses 7054;Yogyakarta;06/03/2022
SEL-07056;Toko Seller Sukses 7055;Medan;13/05/2023
SEL-07057;Toko Seller Sukses 7056;Jakarta Selatan;16/07/2021
SEL-07058;Toko Seller Sukses 7057;Makassar;15/03/2023
SEL-07059;Toko Seller Sukses 7058;Makassar;23/04/2023
SEL-07060;Toko Seller Sukses 7059;Yogyakarta;26/07/2021
SEL-07061;Toko Seller Sukses 7060;Jakarta Pusat;16/01/2022
SEL-07062;Toko Seller Sukses 7061;Jakarta Pusat;15/01/2023
SEL-07063;Toko Seller Sukses 7062;Makassar;20/06/2021
SEL-07064;Toko Seller Sukses 7063;Jakarta Pusat;06/07/2022
SEL-07065;Toko Seller Sukses 7064;Yogyakarta;29/07/2022
SEL-07066;Toko Seller Sukses 7065;Cimahi;19/05/2021
SEL-07067;Toko Seller Sukses 7066;Medan;03/09/2022
SEL-07068;Toko Seller Sukses 7067;Bandung;14/01/2022
SEL-07069;Toko Seller Sukses 7068;Makassar;02/01/2022
SEL-07070;Toko Seller Sukses 7069;Surabaya;28/02/2022
SEL-07071;Toko Seller Sukses 7070;Surabaya;01/05/2023
SEL-07072;Toko Seller Sukses 7071;Bandung;13/07/2022
SEL-07073;Toko Seller Sukses 7072;Jakarta Pusat;02/01/2023
SEL-07074;Toko Seller Sukses 7073;Makassar;25/08/2021
SEL-07075;Toko Seller Sukses 7074;Jakarta Pusat;07/01/2023
SEL-07076;Toko Seller Sukses 7075;Cimahi;22/05/2023
SEL-07077;Toko Seller Sukses 7076;Jakarta Pusat;02/03/2023
SEL-07078;Toko Seller Sukses 7077;Sidoarjo;26/06/2022
SEL-07079;Toko Seller Sukses 7078;Sidoarjo;07/03/2022
SEL-07080;Toko Seller Sukses 7079;Surabaya;12/09/2022
SEL-07081;Toko Seller Sukses 7080;Surabaya;12/02/2022
SEL-07082;Toko Seller Sukses 7081;Sidoarjo;28/06/2023
SEL-07083;Toko Seller Sukses 7082;Sidoarjo;10/12/2022
SEL-07084;Toko Seller Sukses 7083;Jakarta Pusat;04/10/2022
SEL-07085;Toko Seller Sukses 7084;Medan;11/09/2022
SEL-07086;Toko Seller Sukses 7085;Yogyakarta;27/04/2023
SEL-07087;Toko Seller Sukses 7086;Jakarta Selatan;10/01/2022
SEL-07088;Toko Seller Sukses 7087;Sidoarjo;19/02/2022
SEL-07089;Toko Seller Sukses 7088;Yogyakarta;30/07/2022
SEL-07090;Toko Seller Sukses 7089;Medan;30/08/2021
SEL-07091;Toko Seller Sukses 7090;Yogyakarta;20/06/2023
SEL-07092;Toko Seller Sukses 7091;Jakarta Selatan;28/05/2021
SEL-07093;Toko Seller Sukses 7092;Bandung;13/10/2021
SEL-07094;Toko Seller Sukses 7093;Jakarta Pusat;01/06/2021
SEL-07095;Toko Seller Sukses 7094;Yogyakarta;30/10/2022
SEL-07096;Toko Seller Sukses 7095;Bandung;25/04/2023
SEL-07097;Toko Seller Sukses 7096;Sidoarjo;25/02/2022
SEL-07098;Toko Seller Sukses 7097;Makassar;25/02/2022
SEL-07099;Toko Seller Sukses 7098;Bandung;24/11/2021
SEL-07100;Toko Seller Sukses 7099;Jakarta Selatan;22/11/2022
SEL-07101;Toko Seller Sukses 7100;Jakarta Selatan;20/03/2022
SEL-07102;Toko Seller Sukses 7101;Cimahi;05/09/2021
SEL-07103;Toko Seller Sukses 7102;Jakarta Selatan;24/01/2022
SEL-07104;Toko Seller Sukses 7103;Makassar;08/08/2022
SEL-07105;Toko Seller Sukses 7104;Jakarta Pusat;16/09/2022
SEL-07106;Toko Seller Sukses 7105;Sidoarjo;05/08/2022
SEL-07107;Toko Seller Sukses 7106;Cimahi;13/03/2022
SEL-07108;Toko Seller Sukses 7107;Cimahi;26/06/2021
SEL-07109;Toko Seller Sukses 7108;Cimahi;22/10/2021
SEL-07110;Toko Seller Sukses 7109;Sidoarjo;08/05/2022
SEL-07111;Toko Seller Sukses 7110;Makassar;05/11/2021
SEL-07112;Toko Seller Sukses 7111;Medan;17/07/2021
SEL-07113;Toko Seller Sukses 7112;Medan;20/10/2021
SEL-07114;Toko Seller Sukses 7113;Jakarta Pusat;12/08/2022
SEL-07115;Toko Seller Sukses 7114;Jakarta Pusat;21/03/2022
SEL-07116;Toko Seller Sukses 7115;Sidoarjo;15/03/2023
SEL-07117;Toko Seller Sukses 7116;Bandung;01/07/2022
SEL-07118;Toko Seller Sukses 7117;Jakarta Selatan;01/03/2022
SEL-07119;Toko Seller Sukses 7118;Makassar;07/03/2023
SEL-07120;Toko Seller Sukses 7119;Cimahi;18/08/2021
SEL-07121;Toko Seller Sukses 7120;Surabaya;03/12/2022
SEL-07122;Toko Seller Sukses 7121;Medan;18/07/2021
SEL-07123;Toko Seller Sukses 7122;Jakarta Selatan;10/12/2021
SEL-07124;Toko Seller Sukses 7123;Sidoarjo;20/01/2023
SEL-07125;Toko Seller Sukses 7124;Jakarta Selatan;24/08/2021
SEL-07126;Toko Seller Sukses 7125;Medan;18/02/2023
SEL-07127;Toko Seller Sukses 7126;Jakarta Pusat;19/12/2021
SEL-07128;Toko Seller Sukses 7127;Jakarta Pusat;20/05/2023
SEL-07129;Toko Seller Sukses 7128;Sidoarjo;01/10/2022
SEL-07130;Toko Seller Sukses 7129;Yogyakarta;12/12/2022
SEL-07131;Toko Seller Sukses 7130;Cimahi;01/10/2021
SEL-07132;Toko Seller Sukses 7131;Cimahi;25/12/2021
SEL-07133;Toko Seller Sukses 7132;Makassar;21/04/2022
SEL-07134;Toko Seller Sukses 7133;Sidoarjo;26/06/2023
SEL-07135;Toko Seller Sukses 7134;Sidoarjo;22/01/2022
SEL-07136;Toko Seller Sukses 7135;Bandung;05/09/2021
SEL-07137;Toko Seller Sukses 7136;Bandung;11/05/2021
SEL-07138;Toko Seller Sukses 7137;Jakarta Selatan;08/01/2023
SEL-07139;Toko Seller Sukses 7138;Surabaya;04/03/2022
SEL-07140;Toko Seller Sukses 7139;Cimahi;10/02/2023
SEL-07141;Toko Seller Sukses 7140;Jakarta Pusat;02/11/2022
SEL-07142;Toko Seller Sukses 7141;Surabaya;30/09/2021
SEL-07143;Toko Seller Sukses 7142;Medan;22/05/2021
SEL-07144;Toko Seller Sukses 7143;Surabaya;23/05/2023
SEL-07145;Toko Seller Sukses 7144;Bandung;07/05/2021
SEL-07146;Toko Seller Sukses 7145;Medan;07/04/2022
SEL-07147;Toko Seller Sukses 7146;Cimahi;04/05/2021
SEL-07148;Toko Seller Sukses 7147;Surabaya;25/01/2022
SEL-07149;Toko Seller Sukses 7148;Medan;10/09/2021
SEL-07150;Toko Seller Sukses 7149;Jakarta Selatan;18/11/2022
SEL-07151;Toko Seller Sukses 7150;Makassar;18/08/2021
SEL-07152;Toko Seller Sukses 7151;Yogyakarta;30/11/2022
SEL-07153;Toko Seller Sukses 7152;Surabaya;26/03/2023
SEL-07154;Toko Seller Sukses 7153;Jakarta Pusat;25/08/2022
SEL-07155;Toko Seller Sukses 7154;Cimahi;02/09/2021
SEL-07156;Toko Seller Sukses 7155;Sidoarjo;14/01/2022
SEL-07157;Toko Seller Sukses 7156;Surabaya;03/04/2023
SEL-07158;Toko Seller Sukses 7157;Surabaya;04/01/2022
SEL-07159;Toko Seller Sukses 7158;Sidoarjo;28/06/2021
SEL-07160;Toko Seller Sukses 7159;Bandung;31/03/2022
SEL-07161;Toko Seller Sukses 7160;Yogyakarta;09/01/2022
SEL-07162;Toko Seller Sukses 7161;Jakarta Selatan;29/01/2023
SEL-07163;Toko Seller Sukses 7162;Cimahi;30/08/2021
SEL-07164;Toko Seller Sukses 7163;Makassar;30/08/2022
SEL-07165;Toko Seller Sukses 7164;Makassar;18/05/2022
SEL-07166;Toko Seller Sukses 7165;Cimahi;28/09/2021
SEL-07167;Toko Seller Sukses 7166;Yogyakarta;30/03/2022
SEL-07168;Toko Seller Sukses 7167;Sidoarjo;30/06/2022
SEL-07169;Toko Seller Sukses 7168;Surabaya;12/09/2022
SEL-07170;Toko Seller Sukses 7169;Yogyakarta;13/06/2022
SEL-07171;Toko Seller Sukses 7170;Makassar;26/11/2022
SEL-07172;Toko Seller Sukses 7171;Jakarta Selatan;21/01/2023
SEL-07173;Toko Seller Sukses 7172;Bandung;16/09/2021
SEL-07174;Toko Seller Sukses 7173;Yogyakarta;12/10/2021
SEL-07175;Toko Seller Sukses 7174;Cimahi;30/07/2022
SEL-07176;Toko Seller Sukses 7175;Surabaya;07/02/2023
SEL-07177;Toko Seller Sukses 7176;Jakarta Selatan;27/09/2022
SEL-07178;Toko Seller Sukses 7177;Jakarta Pusat;08/06/2021
SEL-07179;Toko Seller Sukses 7178;Cimahi;10/03/2022
SEL-07180;Toko Seller Sukses 7179;Jakarta Pusat;11/09/2022
SEL-07181;Toko Seller Sukses 7180;Sidoarjo;19/06/2021
SEL-07182;Toko Seller Sukses 7181;Jakarta Pusat;05/06/2023
SEL-07183;Toko Seller Sukses 7182;Jakarta Selatan;31/10/2021
SEL-07184;Toko Seller Sukses 7183;Bandung;01/09/2022
SEL-07185;Toko Seller Sukses 7184;Sidoarjo;13/02/2023
SEL-07186;Toko Seller Sukses 7185;Cimahi;28/05/2021
SEL-07187;Toko Seller Sukses 7186;Sidoarjo;27/05/2023
SEL-07188;Toko Seller Sukses 7187;Makassar;02/05/2022
SEL-07189;Toko Seller Sukses 7188;Medan;08/05/2023
SEL-07190;Toko Seller Sukses 7189;Surabaya;02/04/2023
SEL-07191;Toko Seller Sukses 7190;Sidoarjo;01/05/2023
SEL-07192;Toko Seller Sukses 7191;Makassar;18/03/2022
SEL-07193;Toko Seller Sukses 7192;Bandung;13/03/2023
SEL-07194;Toko Seller Sukses 7193;Jakarta Selatan;24/02/2022
SEL-07195;Toko Seller Sukses 7194;Makassar;06/09/2022
SEL-07196;Toko Seller Sukses 7195;Surabaya;14/05/2023
SEL-07197;Toko Seller Sukses 7196;Cimahi;13/09/2021
SEL-07198;Toko Seller Sukses 7197;Makassar;05/09/2021
SEL-07199;Toko Seller Sukses 7198;Makassar;25/06/2021
SEL-07200;Toko Seller Sukses 7199;Bandung;28/11/2022
SEL-07201;Toko Seller Sukses 7200;Jakarta Pusat;23/05/2021
SEL-07202;Toko Seller Sukses 7201;Bandung;20/08/2021
SEL-07203;Toko Seller Sukses 7202;Makassar;25/08/2022
SEL-07204;Toko Seller Sukses 7203;Makassar;09/02/2023
SEL-07205;Toko Seller Sukses 7204;Cimahi;03/12/2022
SEL-07206;Toko Seller Sukses 7205;Jakarta Pusat;17/06/2023
SEL-07207;Toko Seller Sukses 7206;Jakarta Pusat;28/03/2022
SEL-07208;Toko Seller Sukses 7207;Medan;25/06/2022
SEL-07209;Toko Seller Sukses 7208;Sidoarjo;14/06/2023
SEL-07210;Toko Seller Sukses 7209;Surabaya;20/09/2022
SEL-07211;Toko Seller Sukses 7210;Jakarta Selatan;27/08/2021
SEL-07212;Toko Seller Sukses 7211;Jakarta Selatan;23/01/2023
SEL-07213;Toko Seller Sukses 7212;Jakarta Pusat;30/06/2022
SEL-07214;Toko Seller Sukses 7213;Sidoarjo;18/09/2022
SEL-07215;Toko Seller Sukses 7214;Sidoarjo;13/11/2022
SEL-07216;Toko Seller Sukses 7215;Yogyakarta;20/05/2022
SEL-07217;Toko Seller Sukses 7216;Sidoarjo;04/05/2023
SEL-07218;Toko Seller Sukses 7217;Cimahi;17/02/2023
SEL-07219;Toko Seller Sukses 7218;Yogyakarta;02/05/2021
SEL-07220;Toko Seller Sukses 7219;Yogyakarta;12/10/2021
SEL-07221;Toko Seller Sukses 7220;Bandung;24/03/2022
SEL-07222;Toko Seller Sukses 7221;Jakarta Pusat;05/05/2021
SEL-07223;Toko Seller Sukses 7222;Surabaya;17/05/2022
SEL-07224;Toko Seller Sukses 7223;Bandung;26/12/2021
SEL-07225;Toko Seller Sukses 7224;Makassar;30/07/2022
SEL-07226;Toko Seller Sukses 7225;Medan;21/04/2023
SEL-07227;Toko Seller Sukses 7226;Surabaya;05/02/2022
SEL-07228;Toko Seller Sukses 7227;Sidoarjo;25/04/2022
SEL-07229;Toko Seller Sukses 7228;Makassar;15/11/2021
SEL-07230;Toko Seller Sukses 7229;Sidoarjo;22/07/2021
SEL-07231;Toko Seller Sukses 7230;Sidoarjo;07/09/2022
SEL-07232;Toko Seller Sukses 7231;Makassar;08/04/2022
SEL-07233;Toko Seller Sukses 7232;Bandung;02/04/2022
SEL-07234;Toko Seller Sukses 7233;Bandung;22/12/2022
SEL-07235;Toko Seller Sukses 7234;Yogyakarta;25/12/2021
SEL-07236;Toko Seller Sukses 7235;Cimahi;21/09/2021
SEL-07237;Toko Seller Sukses 7236;Jakarta Selatan;31/10/2021
SEL-07238;Toko Seller Sukses 7237;Makassar;04/04/2022
SEL-07239;Toko Seller Sukses 7238;Makassar;13/06/2022
SEL-07240;Toko Seller Sukses 7239;Yogyakarta;22/06/2022
SEL-07241;Toko Seller Sukses 7240;Sidoarjo;13/06/2023
SEL-07242;Toko Seller Sukses 7241;Bandung;31/01/2023
SEL-07243;Toko Seller Sukses 7242;Jakarta Selatan;26/05/2022
SEL-07244;Toko Seller Sukses 7243;Medan;17/05/2021
SEL-07245;Toko Seller Sukses 7244;Cimahi;18/01/2022
SEL-07246;Toko Seller Sukses 7245;Jakarta Selatan;16/10/2022
SEL-07247;Toko Seller Sukses 7246;Jakarta Pusat;19/10/2022
SEL-07248;Toko Seller Sukses 7247;Jakarta Pusat;03/08/2021
SEL-07249;Toko Seller Sukses 7248;Sidoarjo;12/04/2023
SEL-07250;Toko Seller Sukses 7249;Yogyakarta;11/09/2021
SEL-07251;Toko Seller Sukses 7250;Jakarta Selatan;18/08/2022
SEL-07252;Toko Seller Sukses 7251;Medan;21/12/2021
SEL-07253;Toko Seller Sukses 7252;Cimahi;19/01/2023
SEL-07254;Toko Seller Sukses 7253;Surabaya;22/02/2023
SEL-07255;Toko Seller Sukses 7254;Yogyakarta;04/09/2021
SEL-07256;Toko Seller Sukses 7255;Cimahi;19/12/2021
SEL-07257;Toko Seller Sukses 7256;Surabaya;22/09/2022
SEL-07258;Toko Seller Sukses 7257;Bandung;03/04/2022
SEL-07259;Toko Seller Sukses 7258;Bandung;10/05/2021
SEL-07260;Toko Seller Sukses 7259;Yogyakarta;11/10/2022
SEL-07261;Toko Seller Sukses 7260;Jakarta Selatan;22/12/2021
SEL-07262;Toko Seller Sukses 7261;Yogyakarta;03/07/2022
SEL-07263;Toko Seller Sukses 7262;Cimahi;20/06/2021
SEL-07264;Toko Seller Sukses 7263;Jakarta Pusat;16/05/2023
SEL-07265;Toko Seller Sukses 7264;Jakarta Selatan;06/11/2021
SEL-07266;Toko Seller Sukses 7265;Jakarta Pusat;08/11/2021
SEL-07267;Toko Seller Sukses 7266;Cimahi;15/02/2023
SEL-07268;Toko Seller Sukses 7267;Medan;16/05/2021
SEL-07269;Toko Seller Sukses 7268;Makassar;15/01/2022
SEL-07270;Toko Seller Sukses 7269;Bandung;05/09/2022
SEL-07271;Toko Seller Sukses 7270;Bandung;12/10/2021
SEL-07272;Toko Seller Sukses 7271;Surabaya;29/03/2023
SEL-07273;Toko Seller Sukses 7272;Makassar;14/03/2022
SEL-07274;Toko Seller Sukses 7273;Jakarta Selatan;22/09/2021
SEL-07275;Toko Seller Sukses 7274;Jakarta Pusat;13/03/2022
SEL-07276;Toko Seller Sukses 7275;Bandung;01/07/2021
SEL-07277;Toko Seller Sukses 7276;Yogyakarta;01/02/2023
SEL-07278;Toko Seller Sukses 7277;Makassar;13/11/2022
SEL-07279;Toko Seller Sukses 7278;Yogyakarta;30/07/2022
SEL-07280;Toko Seller Sukses 7279;Yogyakarta;24/05/2021
SEL-07281;Toko Seller Sukses 7280;Makassar;12/05/2022
SEL-07282;Toko Seller Sukses 7281;Yogyakarta;23/06/2022
SEL-07283;Toko Seller Sukses 7282;Sidoarjo;15/08/2022
SEL-07284;Toko Seller Sukses 7283;Makassar;20/09/2021
SEL-07285;Toko Seller Sukses 7284;Medan;17/07/2022
SEL-07286;Toko Seller Sukses 7285;Cimahi;28/02/2023
SEL-07287;Toko Seller Sukses 7286;Medan;03/06/2023
SEL-07288;Toko Seller Sukses 7287;Makassar;25/12/2022
SEL-07289;Toko Seller Sukses 7288;Jakarta Selatan;07/12/2021
SEL-07290;Toko Seller Sukses 7289;Cimahi;23/10/2021
SEL-07291;Toko Seller Sukses 7290;Surabaya;02/12/2022
SEL-07292;Toko Seller Sukses 7291;Cimahi;14/05/2021
SEL-07293;Toko Seller Sukses 7292;Surabaya;10/02/2023
SEL-07294;Toko Seller Sukses 7293;Medan;18/05/2021
SEL-07295;Toko Seller Sukses 7294;Sidoarjo;13/06/2022
SEL-07296;Toko Seller Sukses 7295;Bandung;19/10/2021
SEL-07297;Toko Seller Sukses 7296;Cimahi;18/12/2021
SEL-07298;Toko Seller Sukses 7297;Medan;19/09/2022
SEL-07299;Toko Seller Sukses 7298;Medan;15/09/2022
SEL-07300;Toko Seller Sukses 7299;Jakarta Selatan;17/02/2023
SEL-07301;Toko Seller Sukses 7300;Sidoarjo;18/03/2023
SEL-07302;Toko Seller Sukses 7301;Yogyakarta;06/12/2021
SEL-07303;Toko Seller Sukses 7302;Cimahi;27/08/2021
SEL-07304;Toko Seller Sukses 7303;Sidoarjo;07/09/2022
SEL-07305;Toko Seller Sukses 7304;Yogyakarta;12/05/2021
SEL-07306;Toko Seller Sukses 7305;Surabaya;17/02/2022
SEL-07307;Toko Seller Sukses 7306;Medan;12/12/2021
SEL-07308;Toko Seller Sukses 7307;Makassar;29/12/2021
SEL-07309;Toko Seller Sukses 7308;Jakarta Pusat;12/06/2022
SEL-07310;Toko Seller Sukses 7309;Sidoarjo;25/12/2021
SEL-07311;Toko Seller Sukses 7310;Bandung;08/06/2021
SEL-07312;Toko Seller Sukses 7311;Jakarta Selatan;01/01/2023
SEL-07313;Toko Seller Sukses 7312;Jakarta Pusat;21/05/2022
SEL-07314;Toko Seller Sukses 7313;Surabaya;18/06/2021
SEL-07315;Toko Seller Sukses 7314;Makassar;01/07/2022
SEL-07316;Toko Seller Sukses 7315;Cimahi;25/11/2022
SEL-07317;Toko Seller Sukses 7316;Jakarta Selatan;25/01/2023
SEL-07318;Toko Seller Sukses 7317;Bandung;20/04/2022
SEL-07319;Toko Seller Sukses 7318;Yogyakarta;26/05/2021
SEL-07320;Toko Seller Sukses 7319;Jakarta Pusat;18/09/2022
SEL-07321;Toko Seller Sukses 7320;Jakarta Selatan;14/04/2022
SEL-07322;Toko Seller Sukses 7321;Surabaya;29/10/2022
SEL-07323;Toko Seller Sukses 7322;Jakarta Selatan;02/07/2022
SEL-07324;Toko Seller Sukses 7323;Jakarta Selatan;29/05/2023
SEL-07325;Toko Seller Sukses 7324;Cimahi;16/09/2022
SEL-07326;Toko Seller Sukses 7325;Bandung;04/04/2023
SEL-07327;Toko Seller Sukses 7326;Makassar;29/11/2021
SEL-07328;Toko Seller Sukses 7327;Jakarta Selatan;22/01/2022
SEL-07329;Toko Seller Sukses 7328;Surabaya;13/08/2021
SEL-07330;Toko Seller Sukses 7329;Makassar;06/08/2021
SEL-07331;Toko Seller Sukses 7330;Cimahi;07/07/2022
SEL-07332;Toko Seller Sukses 7331;Makassar;30/11/2021
SEL-07333;Toko Seller Sukses 7332;Jakarta Selatan;10/09/2021
SEL-07334;Toko Seller Sukses 7333;Cimahi;30/09/2021
SEL-07335;Toko Seller Sukses 7334;Jakarta Pusat;05/07/2022
SEL-07336;Toko Seller Sukses 7335;Medan;01/04/2023
SEL-07337;Toko Seller Sukses 7336;Makassar;27/06/2022
SEL-07338;Toko Seller Sukses 7337;Sidoarjo;16/10/2021
SEL-07339;Toko Seller Sukses 7338;Makassar;07/04/2022
SEL-07340;Toko Seller Sukses 7339;Jakarta Selatan;14/06/2022
SEL-07341;Toko Seller Sukses 7340;Medan;19/06/2023
SEL-07342;Toko Seller Sukses 7341;Bandung;06/03/2022
SEL-07343;Toko Seller Sukses 7342;Medan;04/01/2022
SEL-07344;Toko Seller Sukses 7343;Surabaya;09/06/2021
SEL-07345;Toko Seller Sukses 7344;Yogyakarta;18/04/2022
SEL-07346;Toko Seller Sukses 7345;Surabaya;24/04/2023
SEL-07347;Toko Seller Sukses 7346;Yogyakarta;10/03/2023
SEL-07348;Toko Seller Sukses 7347;Makassar;15/07/2022
SEL-07349;Toko Seller Sukses 7348;Sidoarjo;10/08/2022
SEL-07350;Toko Seller Sukses 7349;Cimahi;16/11/2021
SEL-07351;Toko Seller Sukses 7350;Cimahi;09/08/2021
SEL-07352;Toko Seller Sukses 7351;Medan;14/07/2021
SEL-07353;Toko Seller Sukses 7352;Bandung;03/05/2022
SEL-07354;Toko Seller Sukses 7353;Cimahi;23/02/2022
SEL-07355;Toko Seller Sukses 7354;Jakarta Pusat;18/11/2021
SEL-07356;Toko Seller Sukses 7355;Sidoarjo;21/04/2022
SEL-07357;Toko Seller Sukses 7356;Jakarta Selatan;30/08/2022
SEL-07358;Toko Seller Sukses 7357;Sidoarjo;11/08/2021
SEL-07359;Toko Seller Sukses 7358;Jakarta Selatan;15/04/2023
SEL-07360;Toko Seller Sukses 7359;Sidoarjo;24/05/2021
SEL-07361;Toko Seller Sukses 7360;Medan;01/04/2022
SEL-07362;Toko Seller Sukses 7361;Bandung;06/09/2021
SEL-07363;Toko Seller Sukses 7362;Jakarta Selatan;27/11/2021
SEL-07364;Toko Seller Sukses 7363;Cimahi;17/03/2022
SEL-07365;Toko Seller Sukses 7364;Jakarta Pusat;07/07/2022
SEL-07366;Toko Seller Sukses 7365;Medan;13/06/2023
SEL-07367;Toko Seller Sukses 7366;Yogyakarta;28/07/2022
SEL-07368;Toko Seller Sukses 7367;Jakarta Pusat;28/10/2021
SEL-07369;Toko Seller Sukses 7368;Sidoarjo;14/10/2022
SEL-07370;Toko Seller Sukses 7369;Bandung;10/03/2022
SEL-07371;Toko Seller Sukses 7370;Surabaya;15/10/2021
SEL-07372;Toko Seller Sukses 7371;Bandung;12/01/2022
SEL-07373;Toko Seller Sukses 7372;Medan;08/06/2021
SEL-07374;Toko Seller Sukses 7373;Surabaya;27/02/2022
SEL-07375;Toko Seller Sukses 7374;Medan;30/10/2021
SEL-07376;Toko Seller Sukses 7375;Makassar;24/03/2022
SEL-07377;Toko Seller Sukses 7376;Medan;05/01/2023
SEL-07378;Toko Seller Sukses 7377;Makassar;09/01/2022
SEL-07379;Toko Seller Sukses 7378;Jakarta Pusat;12/09/2021
SEL-07380;Toko Seller Sukses 7379;Jakarta Pusat;03/02/2023
SEL-07381;Toko Seller Sukses 7380;Medan;01/10/2022
SEL-07382;Toko Seller Sukses 7381;Sidoarjo;24/01/2023
SEL-07383;Toko Seller Sukses 7382;Surabaya;16/06/2021
SEL-07384;Toko Seller Sukses 7383;Makassar;15/05/2022
SEL-07385;Toko Seller Sukses 7384;Sidoarjo;05/07/2023
SEL-07386;Toko Seller Sukses 7385;Cimahi;23/04/2022
SEL-07387;Toko Seller Sukses 7386;Yogyakarta;11/10/2021
SEL-07388;Toko Seller Sukses 7387;Bandung;25/07/2021
SEL-07389;Toko Seller Sukses 7388;Surabaya;24/06/2021
SEL-07390;Toko Seller Sukses 7389;Makassar;13/04/2022
SEL-07391;Toko Seller Sukses 7390;Cimahi;25/11/2021
SEL-07392;Toko Seller Sukses 7391;Cimahi;06/11/2021
SEL-07393;Toko Seller Sukses 7392;Makassar;08/01/2023
SEL-07394;Toko Seller Sukses 7393;Jakarta Selatan;12/06/2023
SEL-07395;Toko Seller Sukses 7394;Surabaya;02/05/2023
SEL-07396;Toko Seller Sukses 7395;Makassar;24/06/2022
SEL-07397;Toko Seller Sukses 7396;Surabaya;26/06/2022
SEL-07398;Toko Seller Sukses 7397;Cimahi;11/10/2022
SEL-07399;Toko Seller Sukses 7398;Cimahi;15/11/2021
SEL-07400;Toko Seller Sukses 7399;Makassar;09/11/2021
SEL-07401;Toko Seller Sukses 7400;Sidoarjo;04/06/2023
SEL-07402;Toko Seller Sukses 7401;Sidoarjo;24/11/2021
SEL-07403;Toko Seller Sukses 7402;Sidoarjo;31/07/2021
SEL-07404;Toko Seller Sukses 7403;Jakarta Pusat;29/08/2022
SEL-07405;Toko Seller Sukses 7404;Cimahi;24/06/2023
SEL-07406;Toko Seller Sukses 7405;Surabaya;27/11/2022
SEL-07407;Toko Seller Sukses 7406;Yogyakarta;18/08/2022
SEL-07408;Toko Seller Sukses 7407;Cimahi;27/11/2022
SEL-07409;Toko Seller Sukses 7408;Medan;30/08/2022
SEL-07410;Toko Seller Sukses 7409;Medan;25/06/2021
SEL-07411;Toko Seller Sukses 7410;Cimahi;13/05/2023
SEL-07412;Toko Seller Sukses 7411;Cimahi;08/04/2022
SEL-07413;Toko Seller Sukses 7412;Bandung;22/01/2023
SEL-07414;Toko Seller Sukses 7413;Jakarta Selatan;01/03/2022
SEL-07415;Toko Seller Sukses 7414;Bandung;04/04/2022
SEL-07416;Toko Seller Sukses 7415;Makassar;03/02/2023
SEL-07417;Toko Seller Sukses 7416;Cimahi;19/05/2022
SEL-07418;Toko Seller Sukses 7417;Jakarta Selatan;01/07/2023
SEL-07419;Toko Seller Sukses 7418;Cimahi;19/05/2022
SEL-07420;Toko Seller Sukses 7419;Jakarta Selatan;05/07/2022
SEL-07421;Toko Seller Sukses 7420;Makassar;22/10/2021
SEL-07422;Toko Seller Sukses 7421;Medan;09/03/2022
SEL-07423;Toko Seller Sukses 7422;Jakarta Pusat;13/06/2023
SEL-07424;Toko Seller Sukses 7423;Yogyakarta;22/04/2022
SEL-07425;Toko Seller Sukses 7424;Cimahi;13/11/2022
SEL-07426;Toko Seller Sukses 7425;Makassar;23/01/2023
SEL-07427;Toko Seller Sukses 7426;Makassar;19/08/2022
SEL-07428;Toko Seller Sukses 7427;Jakarta Pusat;31/05/2021
SEL-07429;Toko Seller Sukses 7428;Surabaya;14/06/2023
SEL-07430;Toko Seller Sukses 7429;Bandung;28/05/2023
SEL-07431;Toko Seller Sukses 7430;Yogyakarta;15/06/2021
SEL-07432;Toko Seller Sukses 7431;Medan;15/04/2022
SEL-07433;Toko Seller Sukses 7432;Jakarta Selatan;25/01/2022
SEL-07434;Toko Seller Sukses 7433;Makassar;14/09/2022
SEL-07435;Toko Seller Sukses 7434;Makassar;04/01/2022
SEL-07436;Toko Seller Sukses 7435;Surabaya;23/05/2023
SEL-07437;Toko Seller Sukses 7436;Sidoarjo;10/05/2021
SEL-07438;Toko Seller Sukses 7437;Yogyakarta;09/11/2021
SEL-07439;Toko Seller Sukses 7438;Jakarta Pusat;14/04/2022
SEL-07440;Toko Seller Sukses 7439;Makassar;02/02/2022
SEL-07441;Toko Seller Sukses 7440;Surabaya;12/11/2022
SEL-07442;Toko Seller Sukses 7441;Jakarta Pusat;18/11/2022
SEL-07443;Toko Seller Sukses 7442;Sidoarjo;02/05/2022
SEL-07444;Toko Seller Sukses 7443;Cimahi;18/05/2021
SEL-07445;Toko Seller Sukses 7444;Yogyakarta;02/01/2022
SEL-07446;Toko Seller Sukses 7445;Yogyakarta;01/05/2023
SEL-07447;Toko Seller Sukses 7446;Sidoarjo;16/06/2021
SEL-07448;Toko Seller Sukses 7447;Jakarta Selatan;16/12/2021
SEL-07449;Toko Seller Sukses 7448;Jakarta Selatan;14/01/2022
SEL-07450;Toko Seller Sukses 7449;Surabaya;15/01/2023
SEL-07451;Toko Seller Sukses 7450;Bandung;12/09/2022
SEL-07452;Toko Seller Sukses 7451;Surabaya;29/04/2023
SEL-07453;Toko Seller Sukses 7452;Bandung;27/05/2021
SEL-07454;Toko Seller Sukses 7453;Sidoarjo;27/12/2022
SEL-07455;Toko Seller Sukses 7454;Cimahi;12/11/2021
SEL-07456;Toko Seller Sukses 7455;Cimahi;23/06/2023
SEL-07457;Toko Seller Sukses 7456;Yogyakarta;14/01/2022
SEL-07458;Toko Seller Sukses 7457;Yogyakarta;25/06/2021
SEL-07459;Toko Seller Sukses 7458;Yogyakarta;24/07/2022
SEL-07460;Toko Seller Sukses 7459;Jakarta Selatan;10/03/2023
SEL-07461;Toko Seller Sukses 7460;Yogyakarta;25/04/2023
SEL-07462;Toko Seller Sukses 7461;Surabaya;27/10/2022
SEL-07463;Toko Seller Sukses 7462;Cimahi;07/09/2022
SEL-07464;Toko Seller Sukses 7463;Jakarta Pusat;01/05/2023
SEL-07465;Toko Seller Sukses 7464;Surabaya;06/10/2022
SEL-07466;Toko Seller Sukses 7465;Jakarta Pusat;27/03/2022
SEL-07467;Toko Seller Sukses 7466;Jakarta Selatan;04/07/2021
SEL-07468;Toko Seller Sukses 7467;Bandung;01/07/2022
SEL-07469;Toko Seller Sukses 7468;Bandung;22/08/2022
SEL-07470;Toko Seller Sukses 7469;Sidoarjo;22/12/2021
SEL-07471;Toko Seller Sukses 7470;Makassar;08/11/2022
SEL-07472;Toko Seller Sukses 7471;Makassar;11/11/2022
SEL-07473;Toko Seller Sukses 7472;Makassar;03/09/2022
SEL-07474;Toko Seller Sukses 7473;Cimahi;29/01/2022
SEL-07475;Toko Seller Sukses 7474;Medan;15/12/2022
SEL-07476;Toko Seller Sukses 7475;Jakarta Pusat;02/12/2022
SEL-07477;Toko Seller Sukses 7476;Makassar;22/10/2021
SEL-07478;Toko Seller Sukses 7477;Surabaya;16/11/2021
SEL-07479;Toko Seller Sukses 7478;Yogyakarta;08/08/2022
SEL-07480;Toko Seller Sukses 7479;Jakarta Selatan;22/05/2022
SEL-07481;Toko Seller Sukses 7480;Bandung;07/08/2021
SEL-07482;Toko Seller Sukses 7481;Yogyakarta;18/12/2022
SEL-07483;Toko Seller Sukses 7482;Sidoarjo;13/11/2021
SEL-07484;Toko Seller Sukses 7483;Jakarta Selatan;16/05/2022
SEL-07485;Toko Seller Sukses 7484;Bandung;28/08/2021
SEL-07486;Toko Seller Sukses 7485;Jakarta Selatan;30/06/2022
SEL-07487;Toko Seller Sukses 7486;Jakarta Pusat;11/12/2022
SEL-07488;Toko Seller Sukses 7487;Surabaya;27/03/2022
SEL-07489;Toko Seller Sukses 7488;Jakarta Pusat;06/08/2022
SEL-07490;Toko Seller Sukses 7489;Bandung;07/06/2022
SEL-07491;Toko Seller Sukses 7490;Makassar;28/02/2023
SEL-07492;Toko Seller Sukses 7491;Cimahi;23/06/2023
SEL-07493;Toko Seller Sukses 7492;Yogyakarta;12/02/2023
SEL-07494;Toko Seller Sukses 7493;Sidoarjo;18/04/2023
SEL-07495;Toko Seller Sukses 7494;Makassar;24/04/2022
SEL-07496;Toko Seller Sukses 7495;Bandung;23/05/2022
SEL-07497;Toko Seller Sukses 7496;Sidoarjo;19/05/2021
SEL-07498;Toko Seller Sukses 7497;Surabaya;08/03/2023
SEL-07499;Toko Seller Sukses 7498;Jakarta Selatan;05/09/2021
SEL-07500;Toko Seller Sukses 7499;Cimahi;07/04/2022
SEL-07501;Toko Seller Sukses 7500;Cimahi;18/12/2021
SEL-07502;Toko Seller Sukses 7501;Makassar;15/03/2023
SEL-07503;Toko Seller Sukses 7502;Surabaya;15/05/2022
SEL-07504;Toko Seller Sukses 7503;Sidoarjo;25/03/2022
SEL-07505;Toko Seller Sukses 7504;Sidoarjo;08/04/2023
SEL-07506;Toko Seller Sukses 7505;Cimahi;04/07/2021
SEL-07507;Toko Seller Sukses 7506;Jakarta Pusat;06/12/2022
SEL-07508;Toko Seller Sukses 7507;Medan;31/05/2022
SEL-07509;Toko Seller Sukses 7508;Medan;21/07/2022
SEL-07510;Toko Seller Sukses 7509;Yogyakarta;15/08/2021
SEL-07511;Toko Seller Sukses 7510;Yogyakarta;10/03/2022
SEL-07512;Toko Seller Sukses 7511;Jakarta Selatan;28/07/2022
SEL-07513;Toko Seller Sukses 7512;Sidoarjo;15/11/2022
SEL-07514;Toko Seller Sukses 7513;Yogyakarta;17/10/2022
SEL-07515;Toko Seller Sukses 7514;Jakarta Pusat;20/05/2021
SEL-07516;Toko Seller Sukses 7515;Bandung;11/03/2023
SEL-07517;Toko Seller Sukses 7516;Cimahi;16/10/2022
SEL-07518;Toko Seller Sukses 7517;Yogyakarta;27/05/2023
SEL-07519;Toko Seller Sukses 7518;Jakarta Selatan;17/03/2022
SEL-07520;Toko Seller Sukses 7519;Surabaya;24/07/2021
SEL-07521;Toko Seller Sukses 7520;Sidoarjo;19/10/2021
SEL-07522;Toko Seller Sukses 7521;Jakarta Pusat;11/04/2022
SEL-07523;Toko Seller Sukses 7522;Jakarta Selatan;07/02/2023
SEL-07524;Toko Seller Sukses 7523;Yogyakarta;31/07/2021
SEL-07525;Toko Seller Sukses 7524;Bandung;23/05/2023
SEL-07526;Toko Seller Sukses 7525;Jakarta Selatan;19/08/2022
SEL-07527;Toko Seller Sukses 7526;Bandung;21/01/2023
SEL-07528;Toko Seller Sukses 7527;Cimahi;18/06/2022
SEL-07529;Toko Seller Sukses 7528;Cimahi;15/11/2021
SEL-07530;Toko Seller Sukses 7529;Bandung;28/05/2022
SEL-07531;Toko Seller Sukses 7530;Sidoarjo;03/04/2023
SEL-07532;Toko Seller Sukses 7531;Cimahi;17/11/2021
SEL-07533;Toko Seller Sukses 7532;Sidoarjo;17/08/2021
SEL-07534;Toko Seller Sukses 7533;Medan;10/09/2022
SEL-07535;Toko Seller Sukses 7534;Jakarta Selatan;15/12/2022
SEL-07536;Toko Seller Sukses 7535;Cimahi;09/04/2023
SEL-07537;Toko Seller Sukses 7536;Yogyakarta;15/12/2022
SEL-07538;Toko Seller Sukses 7537;Jakarta Pusat;20/03/2022
SEL-07539;Toko Seller Sukses 7538;Jakarta Selatan;03/09/2021
SEL-07540;Toko Seller Sukses 7539;Surabaya;28/06/2023
SEL-07541;Toko Seller Sukses 7540;Cimahi;28/07/2021
SEL-07542;Toko Seller Sukses 7541;Cimahi;18/03/2023
SEL-07543;Toko Seller Sukses 7542;Sidoarjo;25/08/2021
SEL-07544;Toko Seller Sukses 7543;Jakarta Selatan;03/02/2022
SEL-07545;Toko Seller Sukses 7544;Makassar;25/10/2022
SEL-07546;Toko Seller Sukses 7545;Cimahi;03/09/2021
SEL-07547;Toko Seller Sukses 7546;Jakarta Selatan;19/08/2021
SEL-07548;Toko Seller Sukses 7547;Sidoarjo;14/08/2022
SEL-07549;Toko Seller Sukses 7548;Yogyakarta;27/06/2021
SEL-07550;Toko Seller Sukses 7549;Surabaya;21/08/2021
SEL-07551;Toko Seller Sukses 7550;Medan;11/05/2022
SEL-07552;Toko Seller Sukses 7551;Cimahi;23/06/2021
SEL-07553;Toko Seller Sukses 7552;Sidoarjo;01/09/2022
SEL-07554;Toko Seller Sukses 7553;Surabaya;29/06/2023
SEL-07555;Toko Seller Sukses 7554;Makassar;12/09/2021
SEL-07556;Toko Seller Sukses 7555;Yogyakarta;19/11/2022
SEL-07557;Toko Seller Sukses 7556;Yogyakarta;28/05/2021
SEL-07558;Toko Seller Sukses 7557;Cimahi;08/05/2021
SEL-07559;Toko Seller Sukses 7558;Makassar;19/04/2022
SEL-07560;Toko Seller Sukses 7559;Bandung;01/11/2022
SEL-07561;Toko Seller Sukses 7560;Sidoarjo;31/05/2021
SEL-07562;Toko Seller Sukses 7561;Jakarta Pusat;04/06/2022
SEL-07563;Toko Seller Sukses 7562;Medan;13/11/2022
SEL-07564;Toko Seller Sukses 7563;Medan;08/04/2022
SEL-07565;Toko Seller Sukses 7564;Yogyakarta;23/05/2021
SEL-07566;Toko Seller Sukses 7565;Medan;03/11/2021
SEL-07567;Toko Seller Sukses 7566;Yogyakarta;11/08/2021
SEL-07568;Toko Seller Sukses 7567;Yogyakarta;10/12/2021
SEL-07569;Toko Seller Sukses 7568;Cimahi;24/01/2022
SEL-07570;Toko Seller Sukses 7569;Jakarta Selatan;18/08/2021
SEL-07571;Toko Seller Sukses 7570;Bandung;25/09/2021
SEL-07572;Toko Seller Sukses 7571;Jakarta Selatan;22/11/2021
SEL-07573;Toko Seller Sukses 7572;Makassar;26/12/2021
SEL-07574;Toko Seller Sukses 7573;Surabaya;23/02/2023
SEL-07575;Toko Seller Sukses 7574;Sidoarjo;03/07/2022
SEL-07576;Toko Seller Sukses 7575;Cimahi;24/11/2021
SEL-07577;Toko Seller Sukses 7576;Jakarta Selatan;14/07/2021
SEL-07578;Toko Seller Sukses 7577;Jakarta Selatan;21/06/2021
SEL-07579;Toko Seller Sukses 7578;Bandung;14/06/2023
SEL-07580;Toko Seller Sukses 7579;Medan;11/12/2021
SEL-07581;Toko Seller Sukses 7580;Yogyakarta;14/02/2022
SEL-07582;Toko Seller Sukses 7581;Jakarta Pusat;09/12/2022
SEL-07583;Toko Seller Sukses 7582;Medan;23/01/2023
SEL-07584;Toko Seller Sukses 7583;Yogyakarta;28/04/2022
SEL-07585;Toko Seller Sukses 7584;Surabaya;01/12/2022
SEL-07586;Toko Seller Sukses 7585;Sidoarjo;21/11/2021
SEL-07587;Toko Seller Sukses 7586;Yogyakarta;31/07/2022
SEL-07588;Toko Seller Sukses 7587;Sidoarjo;15/06/2023
SEL-07589;Toko Seller Sukses 7588;Cimahi;17/06/2021
SEL-07590;Toko Seller Sukses 7589;Yogyakarta;12/09/2021
SEL-07591;Toko Seller Sukses 7590;Yogyakarta;14/10/2021
SEL-07592;Toko Seller Sukses 7591;Jakarta Selatan;13/06/2021
SEL-07593;Toko Seller Sukses 7592;Cimahi;07/11/2021
SEL-07594;Toko Seller Sukses 7593;Surabaya;07/02/2023
SEL-07595;Toko Seller Sukses 7594;Sidoarjo;29/08/2022
SEL-07596;Toko Seller Sukses 7595;Yogyakarta;18/07/2021
SEL-07597;Toko Seller Sukses 7596;Yogyakarta;28/10/2021
SEL-07598;Toko Seller Sukses 7597;Jakarta Pusat;16/09/2021
SEL-07599;Toko Seller Sukses 7598;Medan;17/11/2021
SEL-07600;Toko Seller Sukses 7599;Medan;05/05/2023
SEL-07601;Toko Seller Sukses 7600;Cimahi;09/08/2022
SEL-07602;Toko Seller Sukses 7601;Surabaya;14/08/2022
SEL-07603;Toko Seller Sukses 7602;Medan;03/03/2023
SEL-07604;Toko Seller Sukses 7603;Cimahi;25/06/2022
SEL-07605;Toko Seller Sukses 7604;Sidoarjo;19/04/2022
SEL-07606;Toko Seller Sukses 7605;Yogyakarta;18/05/2023
SEL-07607;Toko Seller Sukses 7606;Jakarta Pusat;30/11/2022
SEL-07608;Toko Seller Sukses 7607;Sidoarjo;22/11/2022
SEL-07609;Toko Seller Sukses 7608;Sidoarjo;10/05/2021
SEL-07610;Toko Seller Sukses 7609;Yogyakarta;04/02/2022
SEL-07611;Toko Seller Sukses 7610;Yogyakarta;23/09/2022
SEL-07612;Toko Seller Sukses 7611;Surabaya;02/09/2022
SEL-07613;Toko Seller Sukses 7612;Medan;13/06/2022
SEL-07614;Toko Seller Sukses 7613;Sidoarjo;09/06/2022
SEL-07615;Toko Seller Sukses 7614;Makassar;26/04/2022
SEL-07616;Toko Seller Sukses 7615;Jakarta Pusat;19/04/2022
SEL-07617;Toko Seller Sukses 7616;Surabaya;09/11/2021
SEL-07618;Toko Seller Sukses 7617;Medan;11/10/2021
SEL-07619;Toko Seller Sukses 7618;Sidoarjo;17/03/2023
SEL-07620;Toko Seller Sukses 7619;Cimahi;17/04/2023
SEL-07621;Toko Seller Sukses 7620;Sidoarjo;06/01/2023
SEL-07622;Toko Seller Sukses 7621;Medan;24/02/2023
SEL-07623;Toko Seller Sukses 7622;Sidoarjo;04/10/2021
SEL-07624;Toko Seller Sukses 7623;Jakarta Pusat;19/05/2021
SEL-07625;Toko Seller Sukses 7624;Sidoarjo;03/01/2023
SEL-07626;Toko Seller Sukses 7625;Jakarta Selatan;09/03/2022
SEL-07627;Toko Seller Sukses 7626;Cimahi;28/08/2021
SEL-07628;Toko Seller Sukses 7627;Yogyakarta;24/05/2021
SEL-07629;Toko Seller Sukses 7628;Jakarta Selatan;17/09/2021
SEL-07630;Toko Seller Sukses 7629;Cimahi;20/07/2021
SEL-07631;Toko Seller Sukses 7630;Cimahi;01/06/2023
SEL-07632;Toko Seller Sukses 7631;Yogyakarta;01/02/2022
SEL-07633;Toko Seller Sukses 7632;Medan;08/05/2022
SEL-07634;Toko Seller Sukses 7633;Yogyakarta;21/11/2021
SEL-07635;Toko Seller Sukses 7634;Sidoarjo;01/01/2022
SEL-07636;Toko Seller Sukses 7635;Sidoarjo;27/10/2022
SEL-07637;Toko Seller Sukses 7636;Surabaya;22/05/2021
SEL-07638;Toko Seller Sukses 7637;Medan;25/05/2022
SEL-07639;Toko Seller Sukses 7638;Jakarta Pusat;23/07/2021
SEL-07640;Toko Seller Sukses 7639;Jakarta Selatan;05/02/2023
SEL-07641;Toko Seller Sukses 7640;Medan;15/12/2021
SEL-07642;Toko Seller Sukses 7641;Cimahi;01/03/2022
SEL-07643;Toko Seller Sukses 7642;Jakarta Selatan;20/10/2022
SEL-07644;Toko Seller Sukses 7643;Jakarta Pusat;18/09/2021
SEL-07645;Toko Seller Sukses 7644;Surabaya;02/07/2022
SEL-07646;Toko Seller Sukses 7645;Jakarta Selatan;11/07/2022
SEL-07647;Toko Seller Sukses 7646;Surabaya;15/06/2022
SEL-07648;Toko Seller Sukses 7647;Yogyakarta;21/08/2021
SEL-07649;Toko Seller Sukses 7648;Medan;18/07/2022
SEL-07650;Toko Seller Sukses 7649;Bandung;03/09/2022
SEL-07651;Toko Seller Sukses 7650;Medan;13/05/2023
SEL-07652;Toko Seller Sukses 7651;Sidoarjo;04/04/2023
SEL-07653;Toko Seller Sukses 7652;Jakarta Pusat;15/04/2023
SEL-07654;Toko Seller Sukses 7653;Medan;24/08/2021
SEL-07655;Toko Seller Sukses 7654;Yogyakarta;20/07/2021
SEL-07656;Toko Seller Sukses 7655;Bandung;15/06/2021
SEL-07657;Toko Seller Sukses 7656;Yogyakarta;27/02/2023
SEL-07658;Toko Seller Sukses 7657;Makassar;28/08/2022
SEL-07659;Toko Seller Sukses 7658;Jakarta Pusat;10/05/2023
SEL-07660;Toko Seller Sukses 7659;Medan;09/05/2023
SEL-07661;Toko Seller Sukses 7660;Medan;24/10/2021
SEL-07662;Toko Seller Sukses 7661;Sidoarjo;18/10/2022
SEL-07663;Toko Seller Sukses 7662;Jakarta Selatan;30/06/2022
SEL-07664;Toko Seller Sukses 7663;Makassar;15/02/2022
SEL-07665;Toko Seller Sukses 7664;Jakarta Selatan;08/10/2022
SEL-07666;Toko Seller Sukses 7665;Medan;01/02/2023
SEL-07667;Toko Seller Sukses 7666;Cimahi;01/11/2022
SEL-07668;Toko Seller Sukses 7667;Sidoarjo;22/12/2021
SEL-07669;Toko Seller Sukses 7668;Medan;18/08/2022
SEL-07670;Toko Seller Sukses 7669;Jakarta Pusat;28/02/2022
SEL-07671;Toko Seller Sukses 7670;Makassar;29/05/2021
SEL-07672;Toko Seller Sukses 7671;Sidoarjo;05/07/2021
SEL-07673;Toko Seller Sukses 7672;Surabaya;30/12/2022
SEL-07674;Toko Seller Sukses 7673;Jakarta Pusat;22/02/2022
SEL-07675;Toko Seller Sukses 7674;Medan;06/01/2022
SEL-07676;Toko Seller Sukses 7675;Sidoarjo;07/12/2021
SEL-07677;Toko Seller Sukses 7676;Sidoarjo;06/07/2022
SEL-07678;Toko Seller Sukses 7677;Cimahi;17/12/2022
SEL-07679;Toko Seller Sukses 7678;Yogyakarta;05/03/2023
SEL-07680;Toko Seller Sukses 7679;Yogyakarta;31/07/2022
SEL-07681;Toko Seller Sukses 7680;Sidoarjo;12/03/2022
SEL-07682;Toko Seller Sukses 7681;Medan;27/04/2022
SEL-07683;Toko Seller Sukses 7682;Cimahi;16/08/2021
SEL-07684;Toko Seller Sukses 7683;Bandung;15/09/2022
SEL-07685;Toko Seller Sukses 7684;Yogyakarta;14/01/2023
SEL-07686;Toko Seller Sukses 7685;Makassar;11/06/2021
SEL-07687;Toko Seller Sukses 7686;Makassar;07/07/2023
SEL-07688;Toko Seller Sukses 7687;Makassar;11/12/2022
SEL-07689;Toko Seller Sukses 7688;Jakarta Pusat;20/06/2023
SEL-07690;Toko Seller Sukses 7689;Bandung;29/09/2022
SEL-07691;Toko Seller Sukses 7690;Jakarta Pusat;09/12/2022
SEL-07692;Toko Seller Sukses 7691;Jakarta Pusat;12/07/2022
SEL-07693;Toko Seller Sukses 7692;Jakarta Pusat;08/07/2022
SEL-07694;Toko Seller Sukses 7693;Surabaya;29/10/2021
SEL-07695;Toko Seller Sukses 7694;Cimahi;06/04/2023
SEL-07696;Toko Seller Sukses 7695;Cimahi;30/06/2021
SEL-07697;Toko Seller Sukses 7696;Yogyakarta;17/10/2021
SEL-07698;Toko Seller Sukses 7697;Surabaya;30/08/2021
SEL-07699;Toko Seller Sukses 7698;Jakarta Selatan;31/08/2022
SEL-07700;Toko Seller Sukses 7699;Medan;18/12/2021
SEL-07701;Toko Seller Sukses 7700;Jakarta Selatan;16/10/2022
SEL-07702;Toko Seller Sukses 7701;Bandung;15/04/2023
SEL-07703;Toko Seller Sukses 7702;Surabaya;03/05/2022
SEL-07704;Toko Seller Sukses 7703;Jakarta Pusat;04/08/2021
SEL-07705;Toko Seller Sukses 7704;Yogyakarta;18/03/2022
SEL-07706;Toko Seller Sukses 7705;Bandung;03/08/2021
SEL-07707;Toko Seller Sukses 7706;Medan;01/03/2023
SEL-07708;Toko Seller Sukses 7707;Jakarta Selatan;23/12/2021
SEL-07709;Toko Seller Sukses 7708;Yogyakarta;01/03/2022
SEL-07710;Toko Seller Sukses 7709;Yogyakarta;23/03/2022
SEL-07711;Toko Seller Sukses 7710;Yogyakarta;18/07/2022
SEL-07712;Toko Seller Sukses 7711;Jakarta Pusat;12/02/2023
SEL-07713;Toko Seller Sukses 7712;Cimahi;17/11/2021
SEL-07714;Toko Seller Sukses 7713;Medan;02/08/2022
SEL-07715;Toko Seller Sukses 7714;Medan;10/06/2023
SEL-07716;Toko Seller Sukses 7715;Sidoarjo;14/05/2023
SEL-07717;Toko Seller Sukses 7716;Sidoarjo;05/02/2022
SEL-07718;Toko Seller Sukses 7717;Bandung;26/07/2022
SEL-07719;Toko Seller Sukses 7718;Jakarta Selatan;05/04/2023
SEL-07720;Toko Seller Sukses 7719;Sidoarjo;28/12/2022
SEL-07721;Toko Seller Sukses 7720;Makassar;03/03/2023
SEL-07722;Toko Seller Sukses 7721;Cimahi;28/06/2021
SEL-07723;Toko Seller Sukses 7722;Cimahi;14/08/2021
SEL-07724;Toko Seller Sukses 7723;Sidoarjo;06/05/2022
SEL-07725;Toko Seller Sukses 7724;Sidoarjo;07/11/2022
SEL-07726;Toko Seller Sukses 7725;Sidoarjo;09/05/2022
SEL-07727;Toko Seller Sukses 7726;Bandung;21/02/2023
SEL-07728;Toko Seller Sukses 7727;Medan;05/06/2021
SEL-07729;Toko Seller Sukses 7728;Jakarta Pusat;02/06/2022
SEL-07730;Toko Seller Sukses 7729;Bandung;22/05/2021
SEL-07731;Toko Seller Sukses 7730;Surabaya;02/06/2022
SEL-07732;Toko Seller Sukses 7731;Yogyakarta;03/10/2022
SEL-07733;Toko Seller Sukses 7732;Makassar;21/03/2022
SEL-07734;Toko Seller Sukses 7733;Jakarta Pusat;09/06/2021
SEL-07735;Toko Seller Sukses 7734;Yogyakarta;09/01/2023
SEL-07736;Toko Seller Sukses 7735;Cimahi;29/07/2022
SEL-07737;Toko Seller Sukses 7736;Bandung;13/04/2023
SEL-07738;Toko Seller Sukses 7737;Medan;19/11/2022
SEL-07739;Toko Seller Sukses 7738;Surabaya;02/03/2023
SEL-07740;Toko Seller Sukses 7739;Yogyakarta;27/04/2023
SEL-07741;Toko Seller Sukses 7740;Sidoarjo;04/05/2022
SEL-07742;Toko Seller Sukses 7741;Sidoarjo;27/06/2022
SEL-07743;Toko Seller Sukses 7742;Jakarta Pusat;22/02/2022
SEL-07744;Toko Seller Sukses 7743;Makassar;02/05/2021
SEL-07745;Toko Seller Sukses 7744;Jakarta Pusat;09/11/2021
SEL-07746;Toko Seller Sukses 7745;Jakarta Pusat;06/01/2022
SEL-07747;Toko Seller Sukses 7746;Surabaya;06/07/2023
SEL-07748;Toko Seller Sukses 7747;Cimahi;03/08/2022
SEL-07749;Toko Seller Sukses 7748;Surabaya;20/12/2021
SEL-07750;Toko Seller Sukses 7749;Yogyakarta;14/05/2021
SEL-07751;Toko Seller Sukses 7750;Sidoarjo;14/10/2021
SEL-07752;Toko Seller Sukses 7751;Cimahi;01/08/2021
SEL-07753;Toko Seller Sukses 7752;Cimahi;29/11/2021
SEL-07754;Toko Seller Sukses 7753;Jakarta Pusat;10/12/2022
SEL-07755;Toko Seller Sukses 7754;Sidoarjo;28/02/2022
SEL-07756;Toko Seller Sukses 7755;Bandung;08/04/2022
SEL-07757;Toko Seller Sukses 7756;Makassar;06/05/2021
SEL-07758;Toko Seller Sukses 7757;Cimahi;17/01/2023
SEL-07759;Toko Seller Sukses 7758;Bandung;22/06/2021
SEL-07760;Toko Seller Sukses 7759;Surabaya;30/07/2021
SEL-07761;Toko Seller Sukses 7760;Bandung;30/11/2021
SEL-07762;Toko Seller Sukses 7761;Cimahi;19/05/2021
SEL-07763;Toko Seller Sukses 7762;Sidoarjo;06/07/2022
SEL-07764;Toko Seller Sukses 7763;Cimahi;16/09/2021
SEL-07765;Toko Seller Sukses 7764;Jakarta Selatan;25/06/2022
SEL-07766;Toko Seller Sukses 7765;Bandung;05/02/2022
SEL-07767;Toko Seller Sukses 7766;Yogyakarta;08/10/2021
SEL-07768;Toko Seller Sukses 7767;Jakarta Pusat;17/02/2022
SEL-07769;Toko Seller Sukses 7768;Medan;04/10/2022
SEL-07770;Toko Seller Sukses 7769;Yogyakarta;23/12/2022
SEL-07771;Toko Seller Sukses 7770;Cimahi;27/09/2021
SEL-07772;Toko Seller Sukses 7771;Makassar;02/10/2021
SEL-07773;Toko Seller Sukses 7772;Cimahi;13/10/2022
SEL-07774;Toko Seller Sukses 7773;Cimahi;01/04/2022
SEL-07775;Toko Seller Sukses 7774;Yogyakarta;12/09/2021
SEL-07776;Toko Seller Sukses 7775;Medan;17/06/2022
SEL-07777;Toko Seller Sukses 7776;Makassar;22/04/2022
SEL-07778;Toko Seller Sukses 7777;Bandung;27/11/2022
SEL-07779;Toko Seller Sukses 7778;Surabaya;21/01/2022
SEL-07780;Toko Seller Sukses 7779;Bandung;27/05/2023
SEL-07781;Toko Seller Sukses 7780;Yogyakarta;17/01/2022
SEL-07782;Toko Seller Sukses 7781;Surabaya;02/06/2023
SEL-07783;Toko Seller Sukses 7782;Bandung;12/11/2022
SEL-07784;Toko Seller Sukses 7783;Makassar;26/09/2022
SEL-07785;Toko Seller Sukses 7784;Makassar;03/04/2023
SEL-07786;Toko Seller Sukses 7785;Sidoarjo;23/02/2022
SEL-07787;Toko Seller Sukses 7786;Bandung;02/10/2021
SEL-07788;Toko Seller Sukses 7787;Sidoarjo;23/02/2022
SEL-07789;Toko Seller Sukses 7788;Cimahi;19/04/2023
SEL-07790;Toko Seller Sukses 7789;Yogyakarta;13/08/2022
SEL-07791;Toko Seller Sukses 7790;Sidoarjo;06/06/2021
SEL-07792;Toko Seller Sukses 7791;Medan;10/10/2021
SEL-07793;Toko Seller Sukses 7792;Sidoarjo;09/03/2022
SEL-07794;Toko Seller Sukses 7793;Jakarta Pusat;30/12/2021
SEL-07795;Toko Seller Sukses 7794;Bandung;31/01/2023
SEL-07796;Toko Seller Sukses 7795;Cimahi;01/09/2021
SEL-07797;Toko Seller Sukses 7796;Medan;09/07/2023
SEL-07798;Toko Seller Sukses 7797;Bandung;21/02/2022
SEL-07799;Toko Seller Sukses 7798;Cimahi;26/01/2022
SEL-07800;Toko Seller Sukses 7799;Cimahi;19/01/2023
SEL-07801;Toko Seller Sukses 7800;Yogyakarta;06/03/2023
SEL-07802;Toko Seller Sukses 7801;Medan;16/01/2022
SEL-07803;Toko Seller Sukses 7802;Sidoarjo;30/06/2023
SEL-07804;Toko Seller Sukses 7803;Cimahi;30/10/2022
SEL-07805;Toko Seller Sukses 7804;Jakarta Pusat;26/01/2023
SEL-07806;Toko Seller Sukses 7805;Yogyakarta;03/11/2021
SEL-07807;Toko Seller Sukses 7806;Cimahi;01/08/2021
SEL-07808;Toko Seller Sukses 7807;Jakarta Pusat;10/12/2021
SEL-07809;Toko Seller Sukses 7808;Jakarta Selatan;30/12/2021
SEL-07810;Toko Seller Sukses 7809;Cimahi;13/06/2023
SEL-07811;Toko Seller Sukses 7810;Jakarta Selatan;26/07/2021
SEL-07812;Toko Seller Sukses 7811;Medan;14/10/2022
SEL-07813;Toko Seller Sukses 7812;Yogyakarta;24/01/2023
SEL-07814;Toko Seller Sukses 7813;Bandung;19/07/2021
SEL-07815;Toko Seller Sukses 7814;Jakarta Pusat;17/04/2023
SEL-07816;Toko Seller Sukses 7815;Jakarta Pusat;06/07/2021
SEL-07817;Toko Seller Sukses 7816;Makassar;29/09/2021
SEL-07818;Toko Seller Sukses 7817;Yogyakarta;01/12/2022
SEL-07819;Toko Seller Sukses 7818;Cimahi;17/08/2021
SEL-07820;Toko Seller Sukses 7819;Jakarta Selatan;01/02/2022
SEL-07821;Toko Seller Sukses 7820;Yogyakarta;22/11/2022
SEL-07822;Toko Seller Sukses 7821;Makassar;24/06/2021
SEL-07823;Toko Seller Sukses 7822;Jakarta Selatan;11/11/2022
SEL-07824;Toko Seller Sukses 7823;Bandung;24/05/2021
SEL-07825;Toko Seller Sukses 7824;Medan;02/03/2023
SEL-07826;Toko Seller Sukses 7825;Bandung;04/08/2021
SEL-07827;Toko Seller Sukses 7826;Medan;01/01/2023
SEL-07828;Toko Seller Sukses 7827;Jakarta Pusat;15/02/2022
SEL-07829;Toko Seller Sukses 7828;Jakarta Pusat;04/07/2023
SEL-07830;Toko Seller Sukses 7829;Sidoarjo;10/02/2023
SEL-07831;Toko Seller Sukses 7830;Jakarta Selatan;04/05/2023
SEL-07832;Toko Seller Sukses 7831;Yogyakarta;10/06/2022
SEL-07833;Toko Seller Sukses 7832;Sidoarjo;29/05/2023
SEL-07834;Toko Seller Sukses 7833;Jakarta Selatan;10/09/2022
SEL-07835;Toko Seller Sukses 7834;Bandung;02/05/2021
SEL-07836;Toko Seller Sukses 7835;Yogyakarta;31/05/2021
SEL-07837;Toko Seller Sukses 7836;Bandung;06/08/2022
SEL-07838;Toko Seller Sukses 7837;Medan;04/02/2023
SEL-07839;Toko Seller Sukses 7838;Yogyakarta;23/09/2022
SEL-07840;Toko Seller Sukses 7839;Jakarta Selatan;27/01/2022
SEL-07841;Toko Seller Sukses 7840;Yogyakarta;19/11/2022
SEL-07842;Toko Seller Sukses 7841;Jakarta Pusat;30/03/2022
SEL-07843;Toko Seller Sukses 7842;Medan;29/01/2023
SEL-07844;Toko Seller Sukses 7843;Surabaya;26/06/2023
SEL-07845;Toko Seller Sukses 7844;Bandung;29/05/2023
SEL-07846;Toko Seller Sukses 7845;Jakarta Selatan;15/05/2023
SEL-07847;Toko Seller Sukses 7846;Yogyakarta;23/09/2022
SEL-07848;Toko Seller Sukses 7847;Sidoarjo;30/05/2021
SEL-07849;Toko Seller Sukses 7848;Bandung;14/07/2021
SEL-07850;Toko Seller Sukses 7849;Jakarta Pusat;02/06/2021
SEL-07851;Toko Seller Sukses 7850;Jakarta Pusat;20/01/2023
SEL-07852;Toko Seller Sukses 7851;Bandung;28/07/2022
SEL-07853;Toko Seller Sukses 7852;Bandung;15/08/2022
SEL-07854;Toko Seller Sukses 7853;Surabaya;21/04/2022
SEL-07855;Toko Seller Sukses 7854;Cimahi;30/05/2023
SEL-07856;Toko Seller Sukses 7855;Bandung;05/12/2022
SEL-07857;Toko Seller Sukses 7856;Medan;11/09/2022
SEL-07858;Toko Seller Sukses 7857;Makassar;10/11/2021
SEL-07859;Toko Seller Sukses 7858;Cimahi;19/03/2023
SEL-07860;Toko Seller Sukses 7859;Jakarta Pusat;05/09/2022
SEL-07861;Toko Seller Sukses 7860;Yogyakarta;08/04/2022
SEL-07862;Toko Seller Sukses 7861;Yogyakarta;08/05/2021
SEL-07863;Toko Seller Sukses 7862;Makassar;17/10/2022
SEL-07864;Toko Seller Sukses 7863;Sidoarjo;01/12/2021
SEL-07865;Toko Seller Sukses 7864;Bandung;10/07/2021
SEL-07866;Toko Seller Sukses 7865;Jakarta Selatan;01/06/2021
SEL-07867;Toko Seller Sukses 7866;Jakarta Selatan;14/01/2023
SEL-07868;Toko Seller Sukses 7867;Cimahi;14/08/2022
SEL-07869;Toko Seller Sukses 7868;Bandung;14/03/2023
SEL-07870;Toko Seller Sukses 7869;Bandung;31/03/2023
SEL-07871;Toko Seller Sukses 7870;Jakarta Selatan;12/07/2022
SEL-07872;Toko Seller Sukses 7871;Jakarta Selatan;22/04/2023
SEL-07873;Toko Seller Sukses 7872;Yogyakarta;08/01/2023
SEL-07874;Toko Seller Sukses 7873;Yogyakarta;19/12/2021
SEL-07875;Toko Seller Sukses 7874;Jakarta Selatan;10/07/2022
SEL-07876;Toko Seller Sukses 7875;Sidoarjo;24/11/2021
SEL-07877;Toko Seller Sukses 7876;Bandung;31/05/2022
SEL-07878;Toko Seller Sukses 7877;Bandung;06/06/2023
SEL-07879;Toko Seller Sukses 7878;Jakarta Selatan;17/03/2023
SEL-07880;Toko Seller Sukses 7879;Surabaya;01/03/2022
SEL-07881;Toko Seller Sukses 7880;Cimahi;16/02/2023
SEL-07882;Toko Seller Sukses 7881;Yogyakarta;12/12/2022
SEL-07883;Toko Seller Sukses 7882;Surabaya;01/10/2021
SEL-07884;Toko Seller Sukses 7883;Cimahi;20/02/2023
SEL-07885;Toko Seller Sukses 7884;Bandung;08/07/2023
SEL-07886;Toko Seller Sukses 7885;Makassar;11/06/2022
SEL-07887;Toko Seller Sukses 7886;Yogyakarta;12/01/2022
SEL-07888;Toko Seller Sukses 7887;Cimahi;13/06/2021
SEL-07889;Toko Seller Sukses 7888;Cimahi;03/02/2022
SEL-07890;Toko Seller Sukses 7889;Medan;30/07/2022
SEL-07891;Toko Seller Sukses 7890;Makassar;07/05/2021
SEL-07892;Toko Seller Sukses 7891;Jakarta Selatan;08/07/2022
SEL-07893;Toko Seller Sukses 7892;Jakarta Selatan;16/04/2022
SEL-07894;Toko Seller Sukses 7893;Jakarta Selatan;02/01/2023
SEL-07895;Toko Seller Sukses 7894;Medan;08/12/2021
SEL-07896;Toko Seller Sukses 7895;Yogyakarta;02/04/2022
SEL-07897;Toko Seller Sukses 7896;Jakarta Selatan;15/02/2023
SEL-07898;Toko Seller Sukses 7897;Bandung;09/06/2021
SEL-07899;Toko Seller Sukses 7898;Medan;09/06/2023
SEL-07900;Toko Seller Sukses 7899;Jakarta Pusat;28/02/2023
SEL-07901;Toko Seller Sukses 7900;Cimahi;30/10/2021
SEL-07902;Toko Seller Sukses 7901;Cimahi;27/06/2022
SEL-07903;Toko Seller Sukses 7902;Surabaya;03/05/2023
SEL-07904;Toko Seller Sukses 7903;Surabaya;02/12/2022
SEL-07905;Toko Seller Sukses 7904;Sidoarjo;27/08/2022
SEL-07906;Toko Seller Sukses 7905;Jakarta Selatan;24/09/2022
SEL-07907;Toko Seller Sukses 7906;Jakarta Pusat;04/10/2021
SEL-07908;Toko Seller Sukses 7907;Medan;05/02/2022
SEL-07909;Toko Seller Sukses 7908;Medan;06/12/2021
SEL-07910;Toko Seller Sukses 7909;Sidoarjo;19/11/2022
SEL-07911;Toko Seller Sukses 7910;Jakarta Pusat;12/03/2023
SEL-07912;Toko Seller Sukses 7911;Surabaya;27/03/2022
SEL-07913;Toko Seller Sukses 7912;Bandung;09/11/2022
SEL-07914;Toko Seller Sukses 7913;Yogyakarta;01/03/2022
SEL-07915;Toko Seller Sukses 7914;Makassar;12/02/2023
SEL-07916;Toko Seller Sukses 7915;Surabaya;04/03/2023
SEL-07917;Toko Seller Sukses 7916;Bandung;03/01/2023
SEL-07918;Toko Seller Sukses 7917;Surabaya;06/07/2021
SEL-07919;Toko Seller Sukses 7918;Bandung;12/07/2022
SEL-07920;Toko Seller Sukses 7919;Medan;05/06/2023
SEL-07921;Toko Seller Sukses 7920;Yogyakarta;30/01/2022
SEL-07922;Toko Seller Sukses 7921;Yogyakarta;25/10/2022
SEL-07923;Toko Seller Sukses 7922;Bandung;11/05/2022
SEL-07924;Toko Seller Sukses 7923;Yogyakarta;02/07/2022
SEL-07925;Toko Seller Sukses 7924;Medan;08/06/2022
SEL-07926;Toko Seller Sukses 7925;Jakarta Selatan;01/06/2022
SEL-07927;Toko Seller Sukses 7926;Bandung;14/04/2022
SEL-07928;Toko Seller Sukses 7927;Sidoarjo;18/05/2023
SEL-07929;Toko Seller Sukses 7928;Yogyakarta;30/12/2021
SEL-07930;Toko Seller Sukses 7929;Cimahi;11/09/2022
SEL-07931;Toko Seller Sukses 7930;Makassar;20/09/2021
SEL-07932;Toko Seller Sukses 7931;Bandung;25/09/2021
SEL-07933;Toko Seller Sukses 7932;Yogyakarta;05/02/2023
SEL-07934;Toko Seller Sukses 7933;Jakarta Selatan;28/10/2021
SEL-07935;Toko Seller Sukses 7934;Bandung;01/11/2022
SEL-07936;Toko Seller Sukses 7935;Jakarta Pusat;19/02/2022
SEL-07937;Toko Seller Sukses 7936;Jakarta Selatan;24/01/2023
SEL-07938;Toko Seller Sukses 7937;Yogyakarta;21/01/2023
SEL-07939;Toko Seller Sukses 7938;Cimahi;25/11/2022
SEL-07940;Toko Seller Sukses 7939;Jakarta Pusat;02/05/2021
SEL-07941;Toko Seller Sukses 7940;Yogyakarta;25/06/2021
SEL-07942;Toko Seller Sukses 7941;Sidoarjo;07/12/2022
SEL-07943;Toko Seller Sukses 7942;Jakarta Selatan;11/12/2022
SEL-07944;Toko Seller Sukses 7943;Cimahi;06/05/2023
SEL-07945;Toko Seller Sukses 7944;Jakarta Pusat;23/06/2023
SEL-07946;Toko Seller Sukses 7945;Jakarta Pusat;13/02/2022
SEL-07947;Toko Seller Sukses 7946;Bandung;09/07/2022
SEL-07948;Toko Seller Sukses 7947;Sidoarjo;30/05/2023
SEL-07949;Toko Seller Sukses 7948;Surabaya;03/01/2022
SEL-07950;Toko Seller Sukses 7949;Bandung;04/12/2021
SEL-07951;Toko Seller Sukses 7950;Bandung;26/05/2023
SEL-07952;Toko Seller Sukses 7951;Medan;06/03/2023
SEL-07953;Toko Seller Sukses 7952;Surabaya;25/10/2022
SEL-07954;Toko Seller Sukses 7953;Cimahi;08/08/2021
SEL-07955;Toko Seller Sukses 7954;Jakarta Selatan;02/11/2022
SEL-07956;Toko Seller Sukses 7955;Jakarta Selatan;13/08/2021
SEL-07957;Toko Seller Sukses 7956;Bandung;20/03/2023
SEL-07958;Toko Seller Sukses 7957;Surabaya;04/08/2022
SEL-07959;Toko Seller Sukses 7958;Medan;05/06/2022
SEL-07960;Toko Seller Sukses 7959;Jakarta Selatan;31/05/2022
SEL-07961;Toko Seller Sukses 7960;Cimahi;17/03/2022
SEL-07962;Toko Seller Sukses 7961;Sidoarjo;08/01/2022
SEL-07963;Toko Seller Sukses 7962;Bandung;10/10/2021
SEL-07964;Toko Seller Sukses 7963;Surabaya;25/04/2023
SEL-07965;Toko Seller Sukses 7964;Surabaya;07/12/2021
SEL-07966;Toko Seller Sukses 7965;Bandung;13/04/2022
SEL-07967;Toko Seller Sukses 7966;Sidoarjo;08/06/2022
SEL-07968;Toko Seller Sukses 7967;Jakarta Selatan;28/09/2022
SEL-07969;Toko Seller Sukses 7968;Surabaya;06/11/2022
SEL-07970;Toko Seller Sukses 7969;Sidoarjo;12/12/2021
SEL-07971;Toko Seller Sukses 7970;Jakarta Selatan;19/05/2021
SEL-07972;Toko Seller Sukses 7971;Medan;29/03/2022
SEL-07973;Toko Seller Sukses 7972;Yogyakarta;04/05/2023
SEL-07974;Toko Seller Sukses 7973;Cimahi;20/05/2021
SEL-07975;Toko Seller Sukses 7974;Jakarta Pusat;01/06/2022
SEL-07976;Toko Seller Sukses 7975;Jakarta Pusat;19/08/2022
SEL-07977;Toko Seller Sukses 7976;Jakarta Selatan;10/03/2022
SEL-07978;Toko Seller Sukses 7977;Jakarta Selatan;24/07/2021
SEL-07979;Toko Seller Sukses 7978;Medan;22/10/2021
SEL-07980;Toko Seller Sukses 7979;Medan;13/05/2021
SEL-07981;Toko Seller Sukses 7980;Surabaya;30/09/2021
SEL-07982;Toko Seller Sukses 7981;Yogyakarta;24/09/2022
SEL-07983;Toko Seller Sukses 7982;Makassar;26/08/2021
SEL-07984;Toko Seller Sukses 7983;Medan;25/04/2023
SEL-07985;Toko Seller Sukses 7984;Jakarta Pusat;27/08/2022
SEL-07986;Toko Seller Sukses 7985;Jakarta Selatan;20/07/2022
SEL-07987;Toko Seller Sukses 7986;Jakarta Selatan;05/06/2023
SEL-07988;Toko Seller Sukses 7987;Surabaya;03/06/2023
SEL-07989;Toko Seller Sukses 7988;Sidoarjo;26/06/2022
SEL-07990;Toko Seller Sukses 7989;Sidoarjo;25/08/2022
SEL-07991;Toko Seller Sukses 7990;Cimahi;31/01/2022
SEL-07992;Toko Seller Sukses 7991;Jakarta Pusat;22/07/2021
SEL-07993;Toko Seller Sukses 7992;Makassar;19/08/2022
SEL-07994;Toko Seller Sukses 7993;Jakarta Pusat;08/02/2023
SEL-07995;Toko Seller Sukses 7994;Sidoarjo;24/02/2023
SEL-07996;Toko Seller Sukses 7995;Surabaya;04/06/2022
SEL-07997;Toko Seller Sukses 7996;Cimahi;07/07/2021
SEL-07998;Toko Seller Sukses 7997;Medan;09/05/2023
SEL-07999;Toko Seller Sukses 7998;Jakarta Selatan;12/05/2021
SEL-08000;Toko Seller Sukses 7999;Sidoarjo;04/04/2022
SEL-08001;Toko Seller Sukses 8000;Sidoarjo;23/11/2022
SEL-08002;Toko Seller Sukses 8001;Bandung;17/06/2022
SEL-08003;Toko Seller Sukses 8002;Medan;04/03/2022
SEL-08004;Toko Seller Sukses 8003;Yogyakarta;12/01/2023
SEL-08005;Toko Seller Sukses 8004;Makassar;22/04/2023
SEL-08006;Toko Seller Sukses 8005;Makassar;16/08/2021
SEL-08007;Toko Seller Sukses 8006;Cimahi;13/01/2023
SEL-08008;Toko Seller Sukses 8007;Bandung;31/01/2023
SEL-08009;Toko Seller Sukses 8008;Medan;02/03/2022
SEL-08010;Toko Seller Sukses 8009;Jakarta Pusat;26/05/2022
SEL-08011;Toko Seller Sukses 8010;Jakarta Selatan;02/05/2022
SEL-08012;Toko Seller Sukses 8011;Sidoarjo;21/12/2022
SEL-08013;Toko Seller Sukses 8012;Makassar;03/07/2021
SEL-08014;Toko Seller Sukses 8013;Jakarta Selatan;29/01/2022
SEL-08015;Toko Seller Sukses 8014;Bandung;19/04/2023
SEL-08016;Toko Seller Sukses 8015;Cimahi;02/02/2023
SEL-08017;Toko Seller Sukses 8016;Sidoarjo;06/03/2023
SEL-08018;Toko Seller Sukses 8017;Jakarta Pusat;19/06/2021
SEL-08019;Toko Seller Sukses 8018;Makassar;01/02/2023
SEL-08020;Toko Seller Sukses 8019;Jakarta Selatan;26/08/2021
SEL-08021;Toko Seller Sukses 8020;Sidoarjo;02/01/2022
SEL-08022;Toko Seller Sukses 8021;Surabaya;21/08/2022
SEL-08023;Toko Seller Sukses 8022;Jakarta Selatan;30/05/2022
SEL-08024;Toko Seller Sukses 8023;Surabaya;13/06/2021
SEL-08025;Toko Seller Sukses 8024;Bandung;25/07/2022
SEL-08026;Toko Seller Sukses 8025;Medan;26/02/2022
SEL-08027;Toko Seller Sukses 8026;Makassar;07/06/2022
SEL-08028;Toko Seller Sukses 8027;Surabaya;10/05/2021
SEL-08029;Toko Seller Sukses 8028;Sidoarjo;24/03/2023
SEL-08030;Toko Seller Sukses 8029;Jakarta Pusat;06/02/2023
SEL-08031;Toko Seller Sukses 8030;Makassar;05/07/2022
SEL-08032;Toko Seller Sukses 8031;Cimahi;09/07/2022
SEL-08033;Toko Seller Sukses 8032;Jakarta Selatan;07/04/2022
SEL-08034;Toko Seller Sukses 8033;Yogyakarta;19/11/2022
SEL-08035;Toko Seller Sukses 8034;Jakarta Pusat;15/08/2022
SEL-08036;Toko Seller Sukses 8035;Surabaya;21/04/2022
SEL-08037;Toko Seller Sukses 8036;Surabaya;30/09/2022
SEL-08038;Toko Seller Sukses 8037;Sidoarjo;09/07/2022
SEL-08039;Toko Seller Sukses 8038;Makassar;25/12/2022
SEL-08040;Toko Seller Sukses 8039;Sidoarjo;31/12/2021
SEL-08041;Toko Seller Sukses 8040;Surabaya;18/04/2022
SEL-08042;Toko Seller Sukses 8041;Cimahi;25/01/2022
SEL-08043;Toko Seller Sukses 8042;Bandung;27/08/2021
SEL-08044;Toko Seller Sukses 8043;Cimahi;05/01/2023
SEL-08045;Toko Seller Sukses 8044;Yogyakarta;31/05/2022
SEL-08046;Toko Seller Sukses 8045;Cimahi;12/05/2023
SEL-08047;Toko Seller Sukses 8046;Cimahi;05/07/2023
SEL-08048;Toko Seller Sukses 8047;Sidoarjo;08/12/2022
SEL-08049;Toko Seller Sukses 8048;Makassar;10/12/2022
SEL-08050;Toko Seller Sukses 8049;Cimahi;29/09/2021
SEL-08051;Toko Seller Sukses 8050;Jakarta Selatan;20/07/2021
SEL-08052;Toko Seller Sukses 8051;Cimahi;22/04/2023
SEL-08053;Toko Seller Sukses 8052;Yogyakarta;09/05/2022
SEL-08054;Toko Seller Sukses 8053;Jakarta Pusat;14/10/2022
SEL-08055;Toko Seller Sukses 8054;Sidoarjo;09/12/2022
SEL-08056;Toko Seller Sukses 8055;Medan;15/12/2021
SEL-08057;Toko Seller Sukses 8056;Sidoarjo;21/02/2023
SEL-08058;Toko Seller Sukses 8057;Cimahi;02/04/2023
SEL-08059;Toko Seller Sukses 8058;Medan;02/01/2022
SEL-08060;Toko Seller Sukses 8059;Yogyakarta;25/11/2022
SEL-08061;Toko Seller Sukses 8060;Bandung;24/11/2022
SEL-08062;Toko Seller Sukses 8061;Surabaya;25/05/2023
SEL-08063;Toko Seller Sukses 8062;Cimahi;09/07/2021
SEL-08064;Toko Seller Sukses 8063;Sidoarjo;17/05/2021
SEL-08065;Toko Seller Sukses 8064;Makassar;10/06/2023
SEL-08066;Toko Seller Sukses 8065;Sidoarjo;13/06/2021
SEL-08067;Toko Seller Sukses 8066;Medan;22/03/2022
SEL-08068;Toko Seller Sukses 8067;Jakarta Pusat;04/09/2022
SEL-08069;Toko Seller Sukses 8068;Makassar;15/07/2021
SEL-08070;Toko Seller Sukses 8069;Jakarta Pusat;20/04/2022
SEL-08071;Toko Seller Sukses 8070;Jakarta Pusat;15/04/2022
SEL-08072;Toko Seller Sukses 8071;Cimahi;16/04/2023
SEL-08073;Toko Seller Sukses 8072;Sidoarjo;09/05/2023
SEL-08074;Toko Seller Sukses 8073;Medan;07/01/2022
SEL-08075;Toko Seller Sukses 8074;Jakarta Selatan;27/02/2022
SEL-08076;Toko Seller Sukses 8075;Makassar;14/02/2022
SEL-08077;Toko Seller Sukses 8076;Jakarta Pusat;31/10/2022
SEL-08078;Toko Seller Sukses 8077;Bandung;29/11/2022
SEL-08079;Toko Seller Sukses 8078;Sidoarjo;29/04/2022
SEL-08080;Toko Seller Sukses 8079;Jakarta Selatan;07/08/2021
SEL-08081;Toko Seller Sukses 8080;Cimahi;23/05/2023
SEL-08082;Toko Seller Sukses 8081;Jakarta Selatan;07/07/2022
SEL-08083;Toko Seller Sukses 8082;Jakarta Pusat;14/01/2023
SEL-08084;Toko Seller Sukses 8083;Bandung;02/11/2021
SEL-08085;Toko Seller Sukses 8084;Medan;27/06/2021
SEL-08086;Toko Seller Sukses 8085;Jakarta Pusat;30/01/2023
SEL-08087;Toko Seller Sukses 8086;Yogyakarta;09/12/2021
SEL-08088;Toko Seller Sukses 8087;Sidoarjo;15/05/2021
SEL-08089;Toko Seller Sukses 8088;Surabaya;01/06/2023
SEL-08090;Toko Seller Sukses 8089;Sidoarjo;15/03/2022
SEL-08091;Toko Seller Sukses 8090;Surabaya;01/05/2021
SEL-08092;Toko Seller Sukses 8091;Medan;24/11/2021
SEL-08093;Toko Seller Sukses 8092;Jakarta Selatan;04/01/2023
SEL-08094;Toko Seller Sukses 8093;Medan;26/08/2021
SEL-08095;Toko Seller Sukses 8094;Surabaya;10/05/2021
SEL-08096;Toko Seller Sukses 8095;Jakarta Selatan;12/12/2022
SEL-08097;Toko Seller Sukses 8096;Surabaya;19/06/2021
SEL-08098;Toko Seller Sukses 8097;Yogyakarta;12/05/2021
SEL-08099;Toko Seller Sukses 8098;Yogyakarta;07/02/2022
SEL-08100;Toko Seller Sukses 8099;Medan;06/02/2022
SEL-08101;Toko Seller Sukses 8100;Sidoarjo;07/11/2022
SEL-08102;Toko Seller Sukses 8101;Surabaya;05/05/2022
SEL-08103;Toko Seller Sukses 8102;Yogyakarta;03/06/2022
SEL-08104;Toko Seller Sukses 8103;Medan;21/09/2021
SEL-08105;Toko Seller Sukses 8104;Medan;10/03/2022
SEL-08106;Toko Seller Sukses 8105;Yogyakarta;02/03/2023
SEL-08107;Toko Seller Sukses 8106;Medan;12/04/2022
SEL-08108;Toko Seller Sukses 8107;Jakarta Selatan;17/01/2022
SEL-08109;Toko Seller Sukses 8108;Bandung;20/05/2021
SEL-08110;Toko Seller Sukses 8109;Jakarta Selatan;19/09/2021
SEL-08111;Toko Seller Sukses 8110;Jakarta Selatan;16/05/2021
SEL-08112;Toko Seller Sukses 8111;Jakarta Pusat;03/10/2021
SEL-08113;Toko Seller Sukses 8112;Medan;14/11/2021
SEL-08114;Toko Seller Sukses 8113;Cimahi;13/09/2022
SEL-08115;Toko Seller Sukses 8114;Surabaya;16/11/2021
SEL-08116;Toko Seller Sukses 8115;Surabaya;27/06/2023
SEL-08117;Toko Seller Sukses 8116;Surabaya;06/09/2021
SEL-08118;Toko Seller Sukses 8117;Yogyakarta;14/06/2021
SEL-08119;Toko Seller Sukses 8118;Sidoarjo;06/04/2023
SEL-08120;Toko Seller Sukses 8119;Bandung;28/03/2022
SEL-08121;Toko Seller Sukses 8120;Surabaya;01/06/2023
SEL-08122;Toko Seller Sukses 8121;Sidoarjo;07/08/2021
SEL-08123;Toko Seller Sukses 8122;Yogyakarta;07/02/2022
SEL-08124;Toko Seller Sukses 8123;Cimahi;28/08/2021
SEL-08125;Toko Seller Sukses 8124;Medan;12/02/2023
SEL-08126;Toko Seller Sukses 8125;Cimahi;12/09/2021
SEL-08127;Toko Seller Sukses 8126;Cimahi;10/06/2021
SEL-08128;Toko Seller Sukses 8127;Jakarta Selatan;25/02/2023
SEL-08129;Toko Seller Sukses 8128;Makassar;18/05/2022
SEL-08130;Toko Seller Sukses 8129;Surabaya;27/01/2022
SEL-08131;Toko Seller Sukses 8130;Yogyakarta;17/06/2022
SEL-08132;Toko Seller Sukses 8131;Yogyakarta;29/06/2021
SEL-08133;Toko Seller Sukses 8132;Yogyakarta;14/06/2022
SEL-08134;Toko Seller Sukses 8133;Makassar;20/07/2021
SEL-08135;Toko Seller Sukses 8134;Bandung;25/04/2023
SEL-08136;Toko Seller Sukses 8135;Jakarta Selatan;01/09/2022
SEL-08137;Toko Seller Sukses 8136;Surabaya;18/07/2022
SEL-08138;Toko Seller Sukses 8137;Medan;21/03/2022
SEL-08139;Toko Seller Sukses 8138;Bandung;14/10/2022
SEL-08140;Toko Seller Sukses 8139;Cimahi;01/01/2022
SEL-08141;Toko Seller Sukses 8140;Cimahi;14/03/2023
SEL-08142;Toko Seller Sukses 8141;Makassar;12/10/2022
SEL-08143;Toko Seller Sukses 8142;Makassar;21/08/2021
SEL-08144;Toko Seller Sukses 8143;Makassar;19/04/2022
SEL-08145;Toko Seller Sukses 8144;Cimahi;07/01/2022
SEL-08146;Toko Seller Sukses 8145;Surabaya;10/03/2023
SEL-08147;Toko Seller Sukses 8146;Sidoarjo;27/01/2023
SEL-08148;Toko Seller Sukses 8147;Cimahi;07/12/2021
SEL-08149;Toko Seller Sukses 8148;Jakarta Selatan;13/12/2022
SEL-08150;Toko Seller Sukses 8149;Jakarta Pusat;15/04/2022
SEL-08151;Toko Seller Sukses 8150;Medan;05/04/2022
SEL-08152;Toko Seller Sukses 8151;Makassar;18/09/2021
SEL-08153;Toko Seller Sukses 8152;Bandung;05/05/2023
SEL-08154;Toko Seller Sukses 8153;Jakarta Selatan;16/05/2023
SEL-08155;Toko Seller Sukses 8154;Makassar;02/10/2021
SEL-08156;Toko Seller Sukses 8155;Makassar;30/06/2022
SEL-08157;Toko Seller Sukses 8156;Jakarta Selatan;15/10/2021
SEL-08158;Toko Seller Sukses 8157;Yogyakarta;14/05/2023
SEL-08159;Toko Seller Sukses 8158;Yogyakarta;02/07/2022
SEL-08160;Toko Seller Sukses 8159;Cimahi;27/04/2022
SEL-08161;Toko Seller Sukses 8160;Makassar;02/09/2022
SEL-08162;Toko Seller Sukses 8161;Yogyakarta;21/06/2021
SEL-08163;Toko Seller Sukses 8162;Jakarta Selatan;06/12/2022
SEL-08164;Toko Seller Sukses 8163;Surabaya;26/09/2021
SEL-08165;Toko Seller Sukses 8164;Sidoarjo;02/06/2022
SEL-08166;Toko Seller Sukses 8165;Sidoarjo;24/07/2022
SEL-08167;Toko Seller Sukses 8166;Makassar;18/01/2023
SEL-08168;Toko Seller Sukses 8167;Jakarta Selatan;31/10/2022
SEL-08169;Toko Seller Sukses 8168;Bandung;13/01/2022
SEL-08170;Toko Seller Sukses 8169;Surabaya;15/03/2022
SEL-08171;Toko Seller Sukses 8170;Cimahi;19/01/2022
SEL-08172;Toko Seller Sukses 8171;Bandung;12/07/2021
SEL-08173;Toko Seller Sukses 8172;Sidoarjo;09/04/2023
SEL-08174;Toko Seller Sukses 8173;Makassar;20/12/2021
SEL-08175;Toko Seller Sukses 8174;Surabaya;10/11/2022
SEL-08176;Toko Seller Sukses 8175;Medan;19/06/2023
SEL-08177;Toko Seller Sukses 8176;Jakarta Pusat;21/09/2021
SEL-08178;Toko Seller Sukses 8177;Jakarta Selatan;23/12/2021
SEL-08179;Toko Seller Sukses 8178;Sidoarjo;25/02/2023
SEL-08180;Toko Seller Sukses 8179;Sidoarjo;06/09/2022
SEL-08181;Toko Seller Sukses 8180;Bandung;17/06/2023
SEL-08182;Toko Seller Sukses 8181;Makassar;26/12/2021
SEL-08183;Toko Seller Sukses 8182;Sidoarjo;21/11/2021
SEL-08184;Toko Seller Sukses 8183;Yogyakarta;27/10/2022
SEL-08185;Toko Seller Sukses 8184;Cimahi;25/02/2023
SEL-08186;Toko Seller Sukses 8185;Makassar;27/05/2023
SEL-08187;Toko Seller Sukses 8186;Jakarta Pusat;31/08/2022
SEL-08188;Toko Seller Sukses 8187;Medan;30/10/2021
SEL-08189;Toko Seller Sukses 8188;Bandung;25/02/2023
SEL-08190;Toko Seller Sukses 8189;Surabaya;10/02/2022
SEL-08191;Toko Seller Sukses 8190;Medan;23/06/2022
SEL-08192;Toko Seller Sukses 8191;Surabaya;19/03/2022
SEL-08193;Toko Seller Sukses 8192;Surabaya;26/07/2021
SEL-08194;Toko Seller Sukses 8193;Yogyakarta;02/01/2023
SEL-08195;Toko Seller Sukses 8194;Jakarta Selatan;11/08/2022
SEL-08196;Toko Seller Sukses 8195;Jakarta Selatan;11/06/2021
SEL-08197;Toko Seller Sukses 8196;Yogyakarta;11/03/2023
SEL-08198;Toko Seller Sukses 8197;Surabaya;21/11/2022
SEL-08199;Toko Seller Sukses 8198;Medan;03/04/2023
SEL-08200;Toko Seller Sukses 8199;Cimahi;04/04/2022
SEL-08201;Toko Seller Sukses 8200;Jakarta Selatan;04/07/2021
SEL-08202;Toko Seller Sukses 8201;Bandung;01/06/2021
SEL-08203;Toko Seller Sukses 8202;Cimahi;09/08/2022
SEL-08204;Toko Seller Sukses 8203;Sidoarjo;10/02/2022
SEL-08205;Toko Seller Sukses 8204;Jakarta Pusat;03/07/2021
SEL-08206;Toko Seller Sukses 8205;Medan;12/07/2021
SEL-08207;Toko Seller Sukses 8206;Jakarta Pusat;03/06/2022
SEL-08208;Toko Seller Sukses 8207;Sidoarjo;14/06/2023
SEL-08209;Toko Seller Sukses 8208;Cimahi;01/08/2021
SEL-08210;Toko Seller Sukses 8209;Medan;10/02/2022
SEL-08211;Toko Seller Sukses 8210;Jakarta Selatan;18/08/2021
SEL-08212;Toko Seller Sukses 8211;Jakarta Pusat;19/06/2021
SEL-08213;Toko Seller Sukses 8212;Jakarta Selatan;03/12/2022
SEL-08214;Toko Seller Sukses 8213;Makassar;04/07/2021
SEL-08215;Toko Seller Sukses 8214;Jakarta Selatan;24/01/2023
SEL-08216;Toko Seller Sukses 8215;Medan;18/06/2021
SEL-08217;Toko Seller Sukses 8216;Surabaya;24/06/2023
SEL-08218;Toko Seller Sukses 8217;Yogyakarta;02/01/2023
SEL-08219;Toko Seller Sukses 8218;Jakarta Selatan;21/03/2023
SEL-08220;Toko Seller Sukses 8219;Sidoarjo;27/01/2022
SEL-08221;Toko Seller Sukses 8220;Surabaya;19/06/2023
SEL-08222;Toko Seller Sukses 8221;Bandung;07/03/2023
SEL-08223;Toko Seller Sukses 8222;Jakarta Pusat;04/06/2023
SEL-08224;Toko Seller Sukses 8223;Yogyakarta;24/08/2021
SEL-08225;Toko Seller Sukses 8224;Sidoarjo;22/05/2021
SEL-08226;Toko Seller Sukses 8225;Surabaya;18/04/2023
SEL-08227;Toko Seller Sukses 8226;Surabaya;09/03/2023
SEL-08228;Toko Seller Sukses 8227;Sidoarjo;04/10/2021
SEL-08229;Toko Seller Sukses 8228;Bandung;01/08/2022
SEL-08230;Toko Seller Sukses 8229;Bandung;08/06/2021
SEL-08231;Toko Seller Sukses 8230;Jakarta Pusat;01/08/2022
SEL-08232;Toko Seller Sukses 8231;Sidoarjo;12/12/2021
SEL-08233;Toko Seller Sukses 8232;Makassar;27/06/2023
SEL-08234;Toko Seller Sukses 8233;Makassar;29/12/2022
SEL-08235;Toko Seller Sukses 8234;Jakarta Pusat;08/09/2022
SEL-08236;Toko Seller Sukses 8235;Medan;04/09/2021
SEL-08237;Toko Seller Sukses 8236;Sidoarjo;14/06/2022
SEL-08238;Toko Seller Sukses 8237;Surabaya;06/01/2022
SEL-08239;Toko Seller Sukses 8238;Jakarta Selatan;30/06/2022
SEL-08240;Toko Seller Sukses 8239;Jakarta Selatan;27/06/2023
SEL-08241;Toko Seller Sukses 8240;Bandung;08/03/2023
SEL-08242;Toko Seller Sukses 8241;Yogyakarta;28/05/2023
SEL-08243;Toko Seller Sukses 8242;Makassar;03/02/2023
SEL-08244;Toko Seller Sukses 8243;Yogyakarta;08/10/2021
SEL-08245;Toko Seller Sukses 8244;Medan;29/05/2023
SEL-08246;Toko Seller Sukses 8245;Bandung;02/06/2022
SEL-08247;Toko Seller Sukses 8246;Sidoarjo;10/05/2021
SEL-08248;Toko Seller Sukses 8247;Medan;12/07/2022
SEL-08249;Toko Seller Sukses 8248;Yogyakarta;25/10/2022
SEL-08250;Toko Seller Sukses 8249;Makassar;26/04/2023
SEL-08251;Toko Seller Sukses 8250;Surabaya;26/08/2022
SEL-08252;Toko Seller Sukses 8251;Medan;05/04/2022
SEL-08253;Toko Seller Sukses 8252;Cimahi;30/07/2021
SEL-08254;Toko Seller Sukses 8253;Medan;05/04/2023
SEL-08255;Toko Seller Sukses 8254;Medan;19/01/2022
SEL-08256;Toko Seller Sukses 8255;Medan;12/01/2023
SEL-08257;Toko Seller Sukses 8256;Makassar;10/09/2021
SEL-08258;Toko Seller Sukses 8257;Jakarta Selatan;04/07/2023
SEL-08259;Toko Seller Sukses 8258;Sidoarjo;25/08/2021
SEL-08260;Toko Seller Sukses 8259;Surabaya;21/03/2022
SEL-08261;Toko Seller Sukses 8260;Surabaya;24/05/2022
SEL-08262;Toko Seller Sukses 8261;Yogyakarta;09/07/2023
SEL-08263;Toko Seller Sukses 8262;Bandung;14/05/2023
SEL-08264;Toko Seller Sukses 8263;Cimahi;07/04/2023
SEL-08265;Toko Seller Sukses 8264;Surabaya;07/07/2022
SEL-08266;Toko Seller Sukses 8265;Makassar;20/01/2023
SEL-08267;Toko Seller Sukses 8266;Cimahi;13/05/2022
SEL-08268;Toko Seller Sukses 8267;Jakarta Selatan;06/07/2021
SEL-08269;Toko Seller Sukses 8268;Jakarta Selatan;13/05/2021
SEL-08270;Toko Seller Sukses 8269;Medan;01/07/2022
SEL-08271;Toko Seller Sukses 8270;Bandung;23/04/2023
SEL-08272;Toko Seller Sukses 8271;Sidoarjo;09/10/2021
SEL-08273;Toko Seller Sukses 8272;Yogyakarta;13/05/2023
SEL-08274;Toko Seller Sukses 8273;Cimahi;05/07/2021
SEL-08275;Toko Seller Sukses 8274;Sidoarjo;10/10/2021
SEL-08276;Toko Seller Sukses 8275;Makassar;22/12/2022
SEL-08277;Toko Seller Sukses 8276;Medan;09/07/2023
SEL-08278;Toko Seller Sukses 8277;Surabaya;26/10/2022
SEL-08279;Toko Seller Sukses 8278;Surabaya;09/04/2023
SEL-08280;Toko Seller Sukses 8279;Yogyakarta;08/10/2021
SEL-08281;Toko Seller Sukses 8280;Yogyakarta;19/04/2023
SEL-08282;Toko Seller Sukses 8281;Bandung;17/04/2022
SEL-08283;Toko Seller Sukses 8282;Jakarta Pusat;30/09/2021
SEL-08284;Toko Seller Sukses 8283;Cimahi;05/05/2022
SEL-08285;Toko Seller Sukses 8284;Medan;10/06/2023
SEL-08286;Toko Seller Sukses 8285;Medan;26/06/2021
SEL-08287;Toko Seller Sukses 8286;Jakarta Pusat;28/12/2021
SEL-08288;Toko Seller Sukses 8287;Sidoarjo;12/06/2023
SEL-08289;Toko Seller Sukses 8288;Medan;24/10/2022
SEL-08290;Toko Seller Sukses 8289;Jakarta Pusat;30/08/2021
SEL-08291;Toko Seller Sukses 8290;Jakarta Pusat;22/10/2022
SEL-08292;Toko Seller Sukses 8291;Medan;16/03/2022
SEL-08293;Toko Seller Sukses 8292;Surabaya;09/08/2021
SEL-08294;Toko Seller Sukses 8293;Jakarta Selatan;04/01/2022
SEL-08295;Toko Seller Sukses 8294;Yogyakarta;09/02/2023
SEL-08296;Toko Seller Sukses 8295;Jakarta Selatan;08/12/2021
SEL-08297;Toko Seller Sukses 8296;Jakarta Selatan;23/05/2021
SEL-08298;Toko Seller Sukses 8297;Makassar;29/05/2022
SEL-08299;Toko Seller Sukses 8298;Medan;30/06/2021
SEL-08300;Toko Seller Sukses 8299;Yogyakarta;10/12/2022
SEL-08301;Toko Seller Sukses 8300;Jakarta Pusat;12/02/2023
SEL-08302;Toko Seller Sukses 8301;Cimahi;05/07/2022
SEL-08303;Toko Seller Sukses 8302;Makassar;28/03/2022
SEL-08304;Toko Seller Sukses 8303;Jakarta Selatan;01/11/2022
SEL-08305;Toko Seller Sukses 8304;Sidoarjo;15/05/2021
SEL-08306;Toko Seller Sukses 8305;Jakarta Selatan;04/06/2021
SEL-08307;Toko Seller Sukses 8306;Cimahi;24/12/2022
SEL-08308;Toko Seller Sukses 8307;Medan;14/03/2022
SEL-08309;Toko Seller Sukses 8308;Jakarta Selatan;05/07/2023
SEL-08310;Toko Seller Sukses 8309;Surabaya;20/12/2022
SEL-08311;Toko Seller Sukses 8310;Yogyakarta;07/05/2022
SEL-08312;Toko Seller Sukses 8311;Sidoarjo;19/04/2022
SEL-08313;Toko Seller Sukses 8312;Jakarta Pusat;23/04/2022
SEL-08314;Toko Seller Sukses 8313;Sidoarjo;30/03/2023
SEL-08315;Toko Seller Sukses 8314;Jakarta Selatan;28/12/2021
SEL-08316;Toko Seller Sukses 8315;Medan;13/06/2022
SEL-08317;Toko Seller Sukses 8316;Jakarta Selatan;13/07/2022
SEL-08318;Toko Seller Sukses 8317;Sidoarjo;09/06/2021
SEL-08319;Toko Seller Sukses 8318;Surabaya;31/01/2023
SEL-08320;Toko Seller Sukses 8319;Surabaya;11/03/2022
SEL-08321;Toko Seller Sukses 8320;Jakarta Pusat;14/05/2021
SEL-08322;Toko Seller Sukses 8321;Cimahi;24/10/2022
SEL-08323;Toko Seller Sukses 8322;Surabaya;06/09/2021
SEL-08324;Toko Seller Sukses 8323;Surabaya;20/08/2021
SEL-08325;Toko Seller Sukses 8324;Yogyakarta;27/03/2023
SEL-08326;Toko Seller Sukses 8325;Makassar;28/09/2021
SEL-08327;Toko Seller Sukses 8326;Medan;29/11/2021
SEL-08328;Toko Seller Sukses 8327;Yogyakarta;28/09/2022
SEL-08329;Toko Seller Sukses 8328;Cimahi;09/11/2022
SEL-08330;Toko Seller Sukses 8329;Yogyakarta;25/08/2021
SEL-08331;Toko Seller Sukses 8330;Yogyakarta;17/09/2021
SEL-08332;Toko Seller Sukses 8331;Jakarta Pusat;23/09/2022
SEL-08333;Toko Seller Sukses 8332;Cimahi;14/03/2023
SEL-08334;Toko Seller Sukses 8333;Cimahi;05/03/2023
SEL-08335;Toko Seller Sukses 8334;Makassar;01/03/2023
SEL-08336;Toko Seller Sukses 8335;Medan;17/06/2022
SEL-08337;Toko Seller Sukses 8336;Yogyakarta;08/02/2023
SEL-08338;Toko Seller Sukses 8337;Medan;29/08/2022
SEL-08339;Toko Seller Sukses 8338;Yogyakarta;01/01/2022
SEL-08340;Toko Seller Sukses 8339;Surabaya;29/07/2021
SEL-08341;Toko Seller Sukses 8340;Yogyakarta;06/09/2022
SEL-08342;Toko Seller Sukses 8341;Medan;31/01/2022
SEL-08343;Toko Seller Sukses 8342;Makassar;17/03/2022
SEL-08344;Toko Seller Sukses 8343;Jakarta Pusat;27/06/2022
SEL-08345;Toko Seller Sukses 8344;Yogyakarta;04/06/2021
SEL-08346;Toko Seller Sukses 8345;Medan;15/12/2022
SEL-08347;Toko Seller Sukses 8346;Cimahi;04/05/2022
SEL-08348;Toko Seller Sukses 8347;Bandung;21/06/2023
SEL-08349;Toko Seller Sukses 8348;Cimahi;13/10/2022
SEL-08350;Toko Seller Sukses 8349;Medan;11/01/2023
SEL-08351;Toko Seller Sukses 8350;Sidoarjo;15/03/2022
SEL-08352;Toko Seller Sukses 8351;Surabaya;29/07/2021
SEL-08353;Toko Seller Sukses 8352;Jakarta Pusat;09/11/2022
SEL-08354;Toko Seller Sukses 8353;Sidoarjo;19/07/2022
SEL-08355;Toko Seller Sukses 8354;Jakarta Pusat;06/06/2023
SEL-08356;Toko Seller Sukses 8355;Cimahi;25/04/2022
SEL-08357;Toko Seller Sukses 8356;Jakarta Selatan;08/06/2021
SEL-08358;Toko Seller Sukses 8357;Jakarta Selatan;10/08/2022
SEL-08359;Toko Seller Sukses 8358;Bandung;07/05/2023
SEL-08360;Toko Seller Sukses 8359;Surabaya;13/03/2022
SEL-08361;Toko Seller Sukses 8360;Bandung;12/09/2021
SEL-08362;Toko Seller Sukses 8361;Sidoarjo;07/06/2023
SEL-08363;Toko Seller Sukses 8362;Sidoarjo;13/11/2021
SEL-08364;Toko Seller Sukses 8363;Bandung;18/11/2021
SEL-08365;Toko Seller Sukses 8364;Jakarta Selatan;10/06/2022
SEL-08366;Toko Seller Sukses 8365;Sidoarjo;11/06/2021
SEL-08367;Toko Seller Sukses 8366;Jakarta Selatan;16/08/2022
SEL-08368;Toko Seller Sukses 8367;Surabaya;06/05/2022
SEL-08369;Toko Seller Sukses 8368;Surabaya;28/12/2022
SEL-08370;Toko Seller Sukses 8369;Surabaya;20/06/2022
SEL-08371;Toko Seller Sukses 8370;Surabaya;02/05/2021
SEL-08372;Toko Seller Sukses 8371;Jakarta Selatan;07/04/2022
SEL-08373;Toko Seller Sukses 8372;Surabaya;07/12/2022
SEL-08374;Toko Seller Sukses 8373;Surabaya;21/06/2021
SEL-08375;Toko Seller Sukses 8374;Medan;20/04/2022
SEL-08376;Toko Seller Sukses 8375;Bandung;06/06/2021
SEL-08377;Toko Seller Sukses 8376;Yogyakarta;19/07/2022
SEL-08378;Toko Seller Sukses 8377;Sidoarjo;30/06/2022
SEL-08379;Toko Seller Sukses 8378;Medan;19/08/2022
SEL-08380;Toko Seller Sukses 8379;Makassar;21/10/2022
SEL-08381;Toko Seller Sukses 8380;Medan;30/05/2022
SEL-08382;Toko Seller Sukses 8381;Makassar;15/12/2021
SEL-08383;Toko Seller Sukses 8382;Sidoarjo;19/06/2022
SEL-08384;Toko Seller Sukses 8383;Bandung;21/05/2022
SEL-08385;Toko Seller Sukses 8384;Bandung;13/08/2022
SEL-08386;Toko Seller Sukses 8385;Surabaya;08/11/2022
SEL-08387;Toko Seller Sukses 8386;Yogyakarta;24/11/2022
SEL-08388;Toko Seller Sukses 8387;Makassar;09/07/2023
SEL-08389;Toko Seller Sukses 8388;Bandung;03/09/2022
SEL-08390;Toko Seller Sukses 8389;Surabaya;18/06/2021
SEL-08391;Toko Seller Sukses 8390;Cimahi;27/10/2021
SEL-08392;Toko Seller Sukses 8391;Cimahi;12/03/2023
SEL-08393;Toko Seller Sukses 8392;Cimahi;09/12/2022
SEL-08394;Toko Seller Sukses 8393;Medan;23/01/2023
SEL-08395;Toko Seller Sukses 8394;Medan;17/01/2022
SEL-08396;Toko Seller Sukses 8395;Sidoarjo;10/10/2022
SEL-08397;Toko Seller Sukses 8396;Sidoarjo;16/09/2022
SEL-08398;Toko Seller Sukses 8397;Medan;02/06/2022
SEL-08399;Toko Seller Sukses 8398;Surabaya;04/10/2022
SEL-08400;Toko Seller Sukses 8399;Surabaya;18/12/2022
SEL-08401;Toko Seller Sukses 8400;Jakarta Selatan;20/03/2022
SEL-08402;Toko Seller Sukses 8401;Jakarta Selatan;26/04/2022
SEL-08403;Toko Seller Sukses 8402;Jakarta Selatan;29/06/2022
SEL-08404;Toko Seller Sukses 8403;Bandung;10/05/2021
SEL-08405;Toko Seller Sukses 8404;Jakarta Pusat;25/01/2023
SEL-08406;Toko Seller Sukses 8405;Yogyakarta;14/12/2021
SEL-08407;Toko Seller Sukses 8406;Makassar;30/11/2021
SEL-08408;Toko Seller Sukses 8407;Sidoarjo;03/02/2022
SEL-08409;Toko Seller Sukses 8408;Sidoarjo;26/01/2023
SEL-08410;Toko Seller Sukses 8409;Cimahi;31/12/2021
SEL-08411;Toko Seller Sukses 8410;Medan;12/05/2023
SEL-08412;Toko Seller Sukses 8411;Jakarta Selatan;19/05/2023
SEL-08413;Toko Seller Sukses 8412;Surabaya;09/11/2022
SEL-08414;Toko Seller Sukses 8413;Yogyakarta;08/02/2022
SEL-08415;Toko Seller Sukses 8414;Medan;22/09/2021
SEL-08416;Toko Seller Sukses 8415;Bandung;31/01/2022
SEL-08417;Toko Seller Sukses 8416;Bandung;01/01/2023
SEL-08418;Toko Seller Sukses 8417;Medan;12/05/2021
SEL-08419;Toko Seller Sukses 8418;Jakarta Selatan;05/05/2023
SEL-08420;Toko Seller Sukses 8419;Yogyakarta;29/05/2023
SEL-08421;Toko Seller Sukses 8420;Medan;30/03/2023
SEL-08422;Toko Seller Sukses 8421;Jakarta Pusat;22/11/2021
SEL-08423;Toko Seller Sukses 8422;Makassar;08/04/2023
SEL-08424;Toko Seller Sukses 8423;Bandung;24/03/2022
SEL-08425;Toko Seller Sukses 8424;Surabaya;07/03/2022
SEL-08426;Toko Seller Sukses 8425;Bandung;13/02/2022
SEL-08427;Toko Seller Sukses 8426;Makassar;08/12/2021
SEL-08428;Toko Seller Sukses 8427;Medan;16/02/2023
SEL-08429;Toko Seller Sukses 8428;Surabaya;14/08/2022
SEL-08430;Toko Seller Sukses 8429;Cimahi;18/02/2022
SEL-08431;Toko Seller Sukses 8430;Yogyakarta;24/08/2022
SEL-08432;Toko Seller Sukses 8431;Jakarta Pusat;29/06/2022
SEL-08433;Toko Seller Sukses 8432;Jakarta Pusat;11/08/2022
SEL-08434;Toko Seller Sukses 8433;Sidoarjo;16/01/2022
SEL-08435;Toko Seller Sukses 8434;Sidoarjo;06/05/2022
SEL-08436;Toko Seller Sukses 8435;Medan;13/09/2021
SEL-08437;Toko Seller Sukses 8436;Surabaya;02/06/2022
SEL-08438;Toko Seller Sukses 8437;Jakarta Selatan;16/06/2022
SEL-08439;Toko Seller Sukses 8438;Surabaya;13/03/2022
SEL-08440;Toko Seller Sukses 8439;Surabaya;20/08/2021
SEL-08441;Toko Seller Sukses 8440;Medan;15/06/2023
SEL-08442;Toko Seller Sukses 8441;Jakarta Pusat;04/05/2023
SEL-08443;Toko Seller Sukses 8442;Jakarta Pusat;30/03/2022
SEL-08444;Toko Seller Sukses 8443;Cimahi;23/09/2021
SEL-08445;Toko Seller Sukses 8444;Surabaya;24/09/2021
SEL-08446;Toko Seller Sukses 8445;Medan;19/10/2021
SEL-08447;Toko Seller Sukses 8446;Bandung;19/07/2022
SEL-08448;Toko Seller Sukses 8447;Surabaya;05/04/2022
SEL-08449;Toko Seller Sukses 8448;Surabaya;12/02/2023
SEL-08450;Toko Seller Sukses 8449;Cimahi;14/01/2022
SEL-08451;Toko Seller Sukses 8450;Makassar;23/06/2021
SEL-08452;Toko Seller Sukses 8451;Bandung;24/06/2022
SEL-08453;Toko Seller Sukses 8452;Jakarta Selatan;08/07/2023
SEL-08454;Toko Seller Sukses 8453;Yogyakarta;16/05/2023
SEL-08455;Toko Seller Sukses 8454;Makassar;03/07/2022
SEL-08456;Toko Seller Sukses 8455;Yogyakarta;24/11/2021
SEL-08457;Toko Seller Sukses 8456;Medan;22/06/2022
SEL-08458;Toko Seller Sukses 8457;Jakarta Pusat;08/05/2022
SEL-08459;Toko Seller Sukses 8458;Jakarta Selatan;13/11/2022
SEL-08460;Toko Seller Sukses 8459;Makassar;30/06/2023
SEL-08461;Toko Seller Sukses 8460;Surabaya;02/12/2021
SEL-08462;Toko Seller Sukses 8461;Bandung;08/12/2022
SEL-08463;Toko Seller Sukses 8462;Makassar;07/07/2021
SEL-08464;Toko Seller Sukses 8463;Sidoarjo;21/12/2022
SEL-08465;Toko Seller Sukses 8464;Yogyakarta;21/07/2022
SEL-08466;Toko Seller Sukses 8465;Bandung;13/04/2023
SEL-08467;Toko Seller Sukses 8466;Surabaya;20/03/2022
SEL-08468;Toko Seller Sukses 8467;Surabaya;14/03/2023
SEL-08469;Toko Seller Sukses 8468;Sidoarjo;16/02/2023
SEL-08470;Toko Seller Sukses 8469;Sidoarjo;24/04/2022
SEL-08471;Toko Seller Sukses 8470;Jakarta Pusat;13/01/2022
SEL-08472;Toko Seller Sukses 8471;Jakarta Pusat;21/09/2022
SEL-08473;Toko Seller Sukses 8472;Jakarta Pusat;26/09/2021
SEL-08474;Toko Seller Sukses 8473;Sidoarjo;28/12/2022
SEL-08475;Toko Seller Sukses 8474;Cimahi;30/03/2023
SEL-08476;Toko Seller Sukses 8475;Yogyakarta;28/07/2022
SEL-08477;Toko Seller Sukses 8476;Jakarta Selatan;26/11/2021
SEL-08478;Toko Seller Sukses 8477;Jakarta Pusat;19/11/2021
SEL-08479;Toko Seller Sukses 8478;Jakarta Selatan;27/04/2023
SEL-08480;Toko Seller Sukses 8479;Sidoarjo;28/03/2023
SEL-08481;Toko Seller Sukses 8480;Jakarta Pusat;23/05/2021
SEL-08482;Toko Seller Sukses 8481;Makassar;06/08/2021
SEL-08483;Toko Seller Sukses 8482;Jakarta Pusat;14/11/2021
SEL-08484;Toko Seller Sukses 8483;Sidoarjo;17/06/2022
SEL-08485;Toko Seller Sukses 8484;Yogyakarta;04/01/2022
SEL-08486;Toko Seller Sukses 8485;Yogyakarta;15/04/2023
SEL-08487;Toko Seller Sukses 8486;Medan;01/11/2021
SEL-08488;Toko Seller Sukses 8487;Jakarta Selatan;13/08/2021
SEL-08489;Toko Seller Sukses 8488;Cimahi;07/12/2022
SEL-08490;Toko Seller Sukses 8489;Cimahi;27/01/2023
SEL-08491;Toko Seller Sukses 8490;Cimahi;30/08/2022
SEL-08492;Toko Seller Sukses 8491;Bandung;10/01/2023
SEL-08493;Toko Seller Sukses 8492;Yogyakarta;07/07/2022
SEL-08494;Toko Seller Sukses 8493;Jakarta Pusat;14/10/2022
SEL-08495;Toko Seller Sukses 8494;Makassar;02/08/2022
SEL-08496;Toko Seller Sukses 8495;Cimahi;13/11/2022
SEL-08497;Toko Seller Sukses 8496;Cimahi;21/11/2022
SEL-08498;Toko Seller Sukses 8497;Bandung;01/06/2022
SEL-08499;Toko Seller Sukses 8498;Cimahi;30/05/2023
SEL-08500;Toko Seller Sukses 8499;Makassar;21/05/2022
SEL-08501;Toko Seller Sukses 8500;Medan;03/05/2023
SEL-08502;Toko Seller Sukses 8501;Jakarta Selatan;04/12/2021
SEL-08503;Toko Seller Sukses 8502;Yogyakarta;09/06/2023
SEL-08504;Toko Seller Sukses 8503;Medan;26/10/2022
SEL-08505;Toko Seller Sukses 8504;Makassar;26/08/2021
SEL-08506;Toko Seller Sukses 8505;Jakarta Pusat;30/09/2022
SEL-08507;Toko Seller Sukses 8506;Yogyakarta;16/05/2022
SEL-08508;Toko Seller Sukses 8507;Medan;22/02/2022
SEL-08509;Toko Seller Sukses 8508;Sidoarjo;07/05/2022
SEL-08510;Toko Seller Sukses 8509;Cimahi;02/11/2022
SEL-08511;Toko Seller Sukses 8510;Jakarta Pusat;24/11/2021
SEL-08512;Toko Seller Sukses 8511;Cimahi;28/08/2022
SEL-08513;Toko Seller Sukses 8512;Sidoarjo;19/06/2021
SEL-08514;Toko Seller Sukses 8513;Surabaya;12/06/2023
SEL-08515;Toko Seller Sukses 8514;Bandung;03/05/2022
SEL-08516;Toko Seller Sukses 8515;Sidoarjo;25/07/2021
SEL-08517;Toko Seller Sukses 8516;Medan;24/09/2022
SEL-08518;Toko Seller Sukses 8517;Cimahi;14/05/2021
SEL-08519;Toko Seller Sukses 8518;Makassar;03/01/2022
SEL-08520;Toko Seller Sukses 8519;Jakarta Pusat;26/04/2023
SEL-08521;Toko Seller Sukses 8520;Jakarta Pusat;14/07/2022
SEL-08522;Toko Seller Sukses 8521;Sidoarjo;06/09/2021
SEL-08523;Toko Seller Sukses 8522;Cimahi;20/10/2021
SEL-08524;Toko Seller Sukses 8523;Jakarta Selatan;11/03/2023
SEL-08525;Toko Seller Sukses 8524;Jakarta Selatan;29/08/2021
SEL-08526;Toko Seller Sukses 8525;Cimahi;09/01/2022
SEL-08527;Toko Seller Sukses 8526;Surabaya;17/05/2023
SEL-08528;Toko Seller Sukses 8527;Bandung;25/06/2023
SEL-08529;Toko Seller Sukses 8528;Jakarta Selatan;12/06/2022
SEL-08530;Toko Seller Sukses 8529;Jakarta Selatan;12/07/2021
SEL-08531;Toko Seller Sukses 8530;Jakarta Selatan;04/12/2021
SEL-08532;Toko Seller Sukses 8531;Medan;30/09/2021
SEL-08533;Toko Seller Sukses 8532;Jakarta Pusat;11/08/2022
SEL-08534;Toko Seller Sukses 8533;Jakarta Pusat;08/05/2022
SEL-08535;Toko Seller Sukses 8534;Surabaya;11/11/2022
SEL-08536;Toko Seller Sukses 8535;Makassar;30/03/2022
SEL-08537;Toko Seller Sukses 8536;Jakarta Pusat;04/03/2023
SEL-08538;Toko Seller Sukses 8537;Yogyakarta;17/05/2021
SEL-08539;Toko Seller Sukses 8538;Makassar;20/11/2022
SEL-08540;Toko Seller Sukses 8539;Medan;27/12/2022
SEL-08541;Toko Seller Sukses 8540;Makassar;18/02/2022
SEL-08542;Toko Seller Sukses 8541;Jakarta Selatan;01/04/2023
SEL-08543;Toko Seller Sukses 8542;Jakarta Pusat;03/10/2022
SEL-08544;Toko Seller Sukses 8543;Bandung;01/08/2021
SEL-08545;Toko Seller Sukses 8544;Medan;29/06/2023
SEL-08546;Toko Seller Sukses 8545;Sidoarjo;28/02/2022
SEL-08547;Toko Seller Sukses 8546;Sidoarjo;07/05/2023
SEL-08548;Toko Seller Sukses 8547;Jakarta Selatan;28/09/2021
SEL-08549;Toko Seller Sukses 8548;Bandung;09/07/2023
SEL-08550;Toko Seller Sukses 8549;Surabaya;23/06/2022
SEL-08551;Toko Seller Sukses 8550;Surabaya;26/07/2021
SEL-08552;Toko Seller Sukses 8551;Makassar;04/12/2022
SEL-08553;Toko Seller Sukses 8552;Sidoarjo;25/02/2023
SEL-08554;Toko Seller Sukses 8553;Cimahi;06/12/2022
SEL-08555;Toko Seller Sukses 8554;Surabaya;06/08/2022
SEL-08556;Toko Seller Sukses 8555;Jakarta Pusat;19/09/2021
SEL-08557;Toko Seller Sukses 8556;Jakarta Pusat;11/03/2022
SEL-08558;Toko Seller Sukses 8557;Yogyakarta;23/04/2022
SEL-08559;Toko Seller Sukses 8558;Bandung;04/10/2021
SEL-08560;Toko Seller Sukses 8559;Sidoarjo;26/09/2021
SEL-08561;Toko Seller Sukses 8560;Bandung;15/03/2022
SEL-08562;Toko Seller Sukses 8561;Jakarta Pusat;14/02/2023
SEL-08563;Toko Seller Sukses 8562;Bandung;19/07/2021
SEL-08564;Toko Seller Sukses 8563;Jakarta Selatan;13/06/2021
SEL-08565;Toko Seller Sukses 8564;Cimahi;24/06/2022
SEL-08566;Toko Seller Sukses 8565;Makassar;05/01/2023
SEL-08567;Toko Seller Sukses 8566;Makassar;16/12/2021
SEL-08568;Toko Seller Sukses 8567;Makassar;28/01/2023
SEL-08569;Toko Seller Sukses 8568;Medan;07/08/2022
SEL-08570;Toko Seller Sukses 8569;Makassar;27/04/2022
SEL-08571;Toko Seller Sukses 8570;Surabaya;02/06/2023
SEL-08572;Toko Seller Sukses 8571;Cimahi;15/05/2023
SEL-08573;Toko Seller Sukses 8572;Bandung;07/02/2023
SEL-08574;Toko Seller Sukses 8573;Medan;10/06/2021
SEL-08575;Toko Seller Sukses 8574;Jakarta Pusat;23/06/2023
SEL-08576;Toko Seller Sukses 8575;Sidoarjo;25/09/2022
SEL-08577;Toko Seller Sukses 8576;Sidoarjo;06/10/2021
SEL-08578;Toko Seller Sukses 8577;Cimahi;10/05/2022
SEL-08579;Toko Seller Sukses 8578;Medan;23/07/2022
SEL-08580;Toko Seller Sukses 8579;Medan;09/02/2022
SEL-08581;Toko Seller Sukses 8580;Makassar;10/11/2021
SEL-08582;Toko Seller Sukses 8581;Medan;25/08/2021
SEL-08583;Toko Seller Sukses 8582;Surabaya;23/03/2023
SEL-08584;Toko Seller Sukses 8583;Sidoarjo;31/03/2022
SEL-08585;Toko Seller Sukses 8584;Jakarta Pusat;09/05/2021
SEL-08586;Toko Seller Sukses 8585;Sidoarjo;14/01/2023
SEL-08587;Toko Seller Sukses 8586;Yogyakarta;05/01/2022
SEL-08588;Toko Seller Sukses 8587;Medan;11/02/2023
SEL-08589;Toko Seller Sukses 8588;Jakarta Pusat;24/08/2021
SEL-08590;Toko Seller Sukses 8589;Bandung;26/03/2022
SEL-08591;Toko Seller Sukses 8590;Yogyakarta;04/07/2021
SEL-08592;Toko Seller Sukses 8591;Jakarta Selatan;10/05/2021
SEL-08593;Toko Seller Sukses 8592;Makassar;01/03/2023
SEL-08594;Toko Seller Sukses 8593;Sidoarjo;18/07/2022
SEL-08595;Toko Seller Sukses 8594;Jakarta Pusat;21/12/2022
SEL-08596;Toko Seller Sukses 8595;Bandung;09/10/2022
SEL-08597;Toko Seller Sukses 8596;Jakarta Pusat;14/01/2022
SEL-08598;Toko Seller Sukses 8597;Cimahi;04/09/2021
SEL-08599;Toko Seller Sukses 8598;Bandung;09/05/2023
SEL-08600;Toko Seller Sukses 8599;Surabaya;23/09/2022
SEL-08601;Toko Seller Sukses 8600;Medan;29/03/2022
SEL-08602;Toko Seller Sukses 8601;Cimahi;09/06/2022
SEL-08603;Toko Seller Sukses 8602;Bandung;09/05/2021
SEL-08604;Toko Seller Sukses 8603;Bandung;06/11/2021
SEL-08605;Toko Seller Sukses 8604;Surabaya;02/04/2022
SEL-08606;Toko Seller Sukses 8605;Jakarta Pusat;11/08/2021
SEL-08607;Toko Seller Sukses 8606;Surabaya;31/05/2022
SEL-08608;Toko Seller Sukses 8607;Jakarta Selatan;24/10/2022
SEL-08609;Toko Seller Sukses 8608;Makassar;11/12/2022
SEL-08610;Toko Seller Sukses 8609;Cimahi;14/03/2023
SEL-08611;Toko Seller Sukses 8610;Cimahi;12/09/2021
SEL-08612;Toko Seller Sukses 8611;Jakarta Pusat;07/05/2023
SEL-08613;Toko Seller Sukses 8612;Sidoarjo;20/05/2022
SEL-08614;Toko Seller Sukses 8613;Jakarta Selatan;13/06/2022
SEL-08615;Toko Seller Sukses 8614;Jakarta Pusat;07/12/2021
SEL-08616;Toko Seller Sukses 8615;Jakarta Selatan;18/11/2021
SEL-08617;Toko Seller Sukses 8616;Sidoarjo;14/09/2021
SEL-08618;Toko Seller Sukses 8617;Surabaya;14/01/2023
SEL-08619;Toko Seller Sukses 8618;Makassar;10/12/2021
SEL-08620;Toko Seller Sukses 8619;Jakarta Selatan;09/09/2022
SEL-08621;Toko Seller Sukses 8620;Bandung;21/06/2022
SEL-08622;Toko Seller Sukses 8621;Makassar;20/04/2023
SEL-08623;Toko Seller Sukses 8622;Bandung;16/05/2021
SEL-08624;Toko Seller Sukses 8623;Medan;30/05/2023
SEL-08625;Toko Seller Sukses 8624;Jakarta Selatan;18/07/2021
SEL-08626;Toko Seller Sukses 8625;Sidoarjo;27/01/2023
SEL-08627;Toko Seller Sukses 8626;Sidoarjo;19/05/2021
SEL-08628;Toko Seller Sukses 8627;Yogyakarta;24/09/2022
SEL-08629;Toko Seller Sukses 8628;Bandung;11/01/2023
SEL-08630;Toko Seller Sukses 8629;Cimahi;05/10/2022
SEL-08631;Toko Seller Sukses 8630;Jakarta Pusat;18/10/2022
SEL-08632;Toko Seller Sukses 8631;Jakarta Pusat;25/09/2022
SEL-08633;Toko Seller Sukses 8632;Cimahi;04/01/2023
SEL-08634;Toko Seller Sukses 8633;Jakarta Selatan;14/08/2022
SEL-08635;Toko Seller Sukses 8634;Surabaya;09/01/2023
SEL-08636;Toko Seller Sukses 8635;Yogyakarta;08/04/2023
SEL-08637;Toko Seller Sukses 8636;Medan;03/10/2021
SEL-08638;Toko Seller Sukses 8637;Cimahi;05/07/2021
SEL-08639;Toko Seller Sukses 8638;Bandung;02/07/2023
SEL-08640;Toko Seller Sukses 8639;Jakarta Selatan;06/10/2022
SEL-08641;Toko Seller Sukses 8640;Jakarta Selatan;13/03/2022
SEL-08642;Toko Seller Sukses 8641;Surabaya;12/02/2022
SEL-08643;Toko Seller Sukses 8642;Jakarta Selatan;12/01/2022
SEL-08644;Toko Seller Sukses 8643;Surabaya;09/03/2023
SEL-08645;Toko Seller Sukses 8644;Yogyakarta;25/05/2022
SEL-08646;Toko Seller Sukses 8645;Yogyakarta;03/03/2023
SEL-08647;Toko Seller Sukses 8646;Yogyakarta;24/12/2022
SEL-08648;Toko Seller Sukses 8647;Jakarta Selatan;06/05/2022
SEL-08649;Toko Seller Sukses 8648;Cimahi;31/05/2021
SEL-08650;Toko Seller Sukses 8649;Sidoarjo;08/06/2023
SEL-08651;Toko Seller Sukses 8650;Makassar;13/03/2022
SEL-08652;Toko Seller Sukses 8651;Jakarta Selatan;12/07/2021
SEL-08653;Toko Seller Sukses 8652;Surabaya;27/05/2022
SEL-08654;Toko Seller Sukses 8653;Surabaya;07/09/2022
SEL-08655;Toko Seller Sukses 8654;Cimahi;12/10/2022
SEL-08656;Toko Seller Sukses 8655;Medan;12/06/2023
SEL-08657;Toko Seller Sukses 8656;Yogyakarta;19/04/2022
SEL-08658;Toko Seller Sukses 8657;Makassar;15/02/2023
SEL-08659;Toko Seller Sukses 8658;Medan;20/09/2022
SEL-08660;Toko Seller Sukses 8659;Surabaya;06/11/2021
SEL-08661;Toko Seller Sukses 8660;Yogyakarta;28/01/2023
SEL-08662;Toko Seller Sukses 8661;Sidoarjo;22/06/2023
SEL-08663;Toko Seller Sukses 8662;Jakarta Selatan;18/10/2022
SEL-08664;Toko Seller Sukses 8663;Jakarta Pusat;19/06/2022
SEL-08665;Toko Seller Sukses 8664;Yogyakarta;11/04/2022
SEL-08666;Toko Seller Sukses 8665;Medan;02/02/2023
SEL-08667;Toko Seller Sukses 8666;Bandung;01/02/2022
SEL-08668;Toko Seller Sukses 8667;Jakarta Pusat;29/03/2022
SEL-08669;Toko Seller Sukses 8668;Makassar;30/06/2021
SEL-08670;Toko Seller Sukses 8669;Jakarta Pusat;20/05/2023
SEL-08671;Toko Seller Sukses 8670;Yogyakarta;29/10/2022
SEL-08672;Toko Seller Sukses 8671;Medan;01/05/2022
SEL-08673;Toko Seller Sukses 8672;Sidoarjo;14/07/2021
SEL-08674;Toko Seller Sukses 8673;Jakarta Pusat;01/12/2022
SEL-08675;Toko Seller Sukses 8674;Makassar;08/09/2021
SEL-08676;Toko Seller Sukses 8675;Jakarta Selatan;13/01/2022
SEL-08677;Toko Seller Sukses 8676;Yogyakarta;17/02/2023
SEL-08678;Toko Seller Sukses 8677;Cimahi;05/11/2022
SEL-08679;Toko Seller Sukses 8678;Makassar;07/06/2023
SEL-08680;Toko Seller Sukses 8679;Makassar;06/08/2021
SEL-08681;Toko Seller Sukses 8680;Makassar;16/12/2021
SEL-08682;Toko Seller Sukses 8681;Bandung;08/11/2022
SEL-08683;Toko Seller Sukses 8682;Surabaya;05/04/2023
SEL-08684;Toko Seller Sukses 8683;Medan;25/03/2023
SEL-08685;Toko Seller Sukses 8684;Makassar;21/12/2021
SEL-08686;Toko Seller Sukses 8685;Makassar;20/10/2021
SEL-08687;Toko Seller Sukses 8686;Medan;03/11/2022
SEL-08688;Toko Seller Sukses 8687;Bandung;03/06/2022
SEL-08689;Toko Seller Sukses 8688;Bandung;31/05/2022
SEL-08690;Toko Seller Sukses 8689;Cimahi;14/11/2021
SEL-08691;Toko Seller Sukses 8690;Jakarta Selatan;18/02/2022
SEL-08692;Toko Seller Sukses 8691;Bandung;02/06/2021
SEL-08693;Toko Seller Sukses 8692;Yogyakarta;01/11/2022
SEL-08694;Toko Seller Sukses 8693;Yogyakarta;02/08/2021
SEL-08695;Toko Seller Sukses 8694;Makassar;30/01/2022
SEL-08696;Toko Seller Sukses 8695;Medan;19/05/2023
SEL-08697;Toko Seller Sukses 8696;Jakarta Selatan;13/12/2021
SEL-08698;Toko Seller Sukses 8697;Medan;17/11/2022
SEL-08699;Toko Seller Sukses 8698;Surabaya;01/11/2022
SEL-08700;Toko Seller Sukses 8699;Surabaya;30/04/2023
SEL-08701;Toko Seller Sukses 8700;Yogyakarta;15/05/2022
SEL-08702;Toko Seller Sukses 8701;Jakarta Pusat;30/11/2021
SEL-08703;Toko Seller Sukses 8702;Sidoarjo;08/12/2022
SEL-08704;Toko Seller Sukses 8703;Medan;27/07/2022
SEL-08705;Toko Seller Sukses 8704;Sidoarjo;31/10/2022
SEL-08706;Toko Seller Sukses 8705;Yogyakarta;29/06/2023
SEL-08707;Toko Seller Sukses 8706;Bandung;22/06/2023
SEL-08708;Toko Seller Sukses 8707;Jakarta Selatan;02/10/2021
SEL-08709;Toko Seller Sukses 8708;Cimahi;08/05/2023
SEL-08710;Toko Seller Sukses 8709;Cimahi;24/01/2022
SEL-08711;Toko Seller Sukses 8710;Yogyakarta;03/04/2022
SEL-08712;Toko Seller Sukses 8711;Surabaya;21/08/2021
SEL-08713;Toko Seller Sukses 8712;Yogyakarta;14/11/2021
SEL-08714;Toko Seller Sukses 8713;Yogyakarta;02/12/2021
SEL-08715;Toko Seller Sukses 8714;Bandung;18/11/2022
SEL-08716;Toko Seller Sukses 8715;Sidoarjo;05/03/2022
SEL-08717;Toko Seller Sukses 8716;Jakarta Pusat;07/03/2022
SEL-08718;Toko Seller Sukses 8717;Jakarta Selatan;07/06/2023
SEL-08719;Toko Seller Sukses 8718;Medan;18/06/2022
SEL-08720;Toko Seller Sukses 8719;Cimahi;30/03/2023
SEL-08721;Toko Seller Sukses 8720;Yogyakarta;05/04/2023
SEL-08722;Toko Seller Sukses 8721;Yogyakarta;31/08/2021
SEL-08723;Toko Seller Sukses 8722;Yogyakarta;27/04/2022
SEL-08724;Toko Seller Sukses 8723;Yogyakarta;24/06/2022
SEL-08725;Toko Seller Sukses 8724;Bandung;07/11/2021
SEL-08726;Toko Seller Sukses 8725;Sidoarjo;24/12/2021
SEL-08727;Toko Seller Sukses 8726;Cimahi;23/09/2022
SEL-08728;Toko Seller Sukses 8727;Jakarta Selatan;04/12/2022
SEL-08729;Toko Seller Sukses 8728;Makassar;27/07/2021
SEL-08730;Toko Seller Sukses 8729;Jakarta Pusat;30/06/2023
SEL-08731;Toko Seller Sukses 8730;Makassar;06/08/2022
SEL-08732;Toko Seller Sukses 8731;Bandung;25/07/2021
SEL-08733;Toko Seller Sukses 8732;Surabaya;03/01/2023
SEL-08734;Toko Seller Sukses 8733;Jakarta Selatan;03/05/2022
SEL-08735;Toko Seller Sukses 8734;Jakarta Selatan;17/11/2022
SEL-08736;Toko Seller Sukses 8735;Surabaya;31/08/2022
SEL-08737;Toko Seller Sukses 8736;Surabaya;07/01/2023
SEL-08738;Toko Seller Sukses 8737;Yogyakarta;18/02/2023
SEL-08739;Toko Seller Sukses 8738;Makassar;05/11/2022
SEL-08740;Toko Seller Sukses 8739;Makassar;12/09/2022
SEL-08741;Toko Seller Sukses 8740;Yogyakarta;01/07/2023
SEL-08742;Toko Seller Sukses 8741;Surabaya;25/03/2023
SEL-08743;Toko Seller Sukses 8742;Yogyakarta;18/06/2021
SEL-08744;Toko Seller Sukses 8743;Yogyakarta;27/07/2021
SEL-08745;Toko Seller Sukses 8744;Jakarta Pusat;13/11/2022
SEL-08746;Toko Seller Sukses 8745;Bandung;11/12/2021
SEL-08747;Toko Seller Sukses 8746;Makassar;23/06/2021
SEL-08748;Toko Seller Sukses 8747;Jakarta Selatan;16/09/2022
SEL-08749;Toko Seller Sukses 8748;Makassar;10/09/2021
SEL-08750;Toko Seller Sukses 8749;Surabaya;28/05/2022
SEL-08751;Toko Seller Sukses 8750;Surabaya;22/05/2023
SEL-08752;Toko Seller Sukses 8751;Makassar;07/05/2021
SEL-08753;Toko Seller Sukses 8752;Cimahi;06/06/2022
SEL-08754;Toko Seller Sukses 8753;Cimahi;03/11/2021
SEL-08755;Toko Seller Sukses 8754;Jakarta Pusat;22/07/2021
SEL-08756;Toko Seller Sukses 8755;Sidoarjo;26/12/2022
SEL-08757;Toko Seller Sukses 8756;Surabaya;06/11/2022
SEL-08758;Toko Seller Sukses 8757;Makassar;21/01/2022
SEL-08759;Toko Seller Sukses 8758;Jakarta Pusat;03/10/2021
SEL-08760;Toko Seller Sukses 8759;Makassar;15/06/2023
SEL-08761;Toko Seller Sukses 8760;Jakarta Pusat;05/03/2023
SEL-08762;Toko Seller Sukses 8761;Medan;14/09/2022
SEL-08763;Toko Seller Sukses 8762;Makassar;25/10/2022
SEL-08764;Toko Seller Sukses 8763;Medan;10/06/2022
SEL-08765;Toko Seller Sukses 8764;Yogyakarta;29/09/2021
SEL-08766;Toko Seller Sukses 8765;Sidoarjo;14/10/2021
SEL-08767;Toko Seller Sukses 8766;Makassar;27/09/2022
SEL-08768;Toko Seller Sukses 8767;Medan;29/03/2022
SEL-08769;Toko Seller Sukses 8768;Sidoarjo;06/09/2022
SEL-08770;Toko Seller Sukses 8769;Sidoarjo;30/03/2023
SEL-08771;Toko Seller Sukses 8770;Bandung;28/04/2023
SEL-08772;Toko Seller Sukses 8771;Surabaya;04/06/2022
SEL-08773;Toko Seller Sukses 8772;Jakarta Selatan;28/07/2021
SEL-08774;Toko Seller Sukses 8773;Bandung;31/07/2022
SEL-08775;Toko Seller Sukses 8774;Cimahi;25/01/2023
SEL-08776;Toko Seller Sukses 8775;Sidoarjo;24/02/2022
SEL-08777;Toko Seller Sukses 8776;Sidoarjo;25/12/2021
SEL-08778;Toko Seller Sukses 8777;Bandung;09/08/2021
SEL-08779;Toko Seller Sukses 8778;Cimahi;20/07/2021
SEL-08780;Toko Seller Sukses 8779;Jakarta Selatan;27/05/2023
SEL-08781;Toko Seller Sukses 8780;Surabaya;03/05/2021
SEL-08782;Toko Seller Sukses 8781;Makassar;05/03/2023
SEL-08783;Toko Seller Sukses 8782;Sidoarjo;30/05/2021
SEL-08784;Toko Seller Sukses 8783;Jakarta Selatan;12/06/2022
SEL-08785;Toko Seller Sukses 8784;Yogyakarta;22/06/2023
SEL-08786;Toko Seller Sukses 8785;Jakarta Pusat;09/05/2021
SEL-08787;Toko Seller Sukses 8786;Jakarta Selatan;03/01/2022
SEL-08788;Toko Seller Sukses 8787;Bandung;15/01/2022
SEL-08789;Toko Seller Sukses 8788;Jakarta Selatan;14/08/2021
SEL-08790;Toko Seller Sukses 8789;Jakarta Selatan;24/07/2022
SEL-08791;Toko Seller Sukses 8790;Cimahi;05/11/2021
SEL-08792;Toko Seller Sukses 8791;Cimahi;27/06/2022
SEL-08793;Toko Seller Sukses 8792;Jakarta Pusat;12/02/2022
SEL-08794;Toko Seller Sukses 8793;Cimahi;04/06/2021
SEL-08795;Toko Seller Sukses 8794;Yogyakarta;18/10/2021
SEL-08796;Toko Seller Sukses 8795;Medan;02/09/2021
SEL-08797;Toko Seller Sukses 8796;Medan;27/01/2023
SEL-08798;Toko Seller Sukses 8797;Medan;26/06/2022
SEL-08799;Toko Seller Sukses 8798;Cimahi;13/10/2022
SEL-08800;Toko Seller Sukses 8799;Sidoarjo;22/01/2023
SEL-08801;Toko Seller Sukses 8800;Bandung;30/01/2022
SEL-08802;Toko Seller Sukses 8801;Sidoarjo;25/02/2023
SEL-08803;Toko Seller Sukses 8802;Cimahi;12/03/2023
SEL-08804;Toko Seller Sukses 8803;Cimahi;17/08/2021
SEL-08805;Toko Seller Sukses 8804;Jakarta Pusat;20/11/2021
SEL-08806;Toko Seller Sukses 8805;Jakarta Pusat;04/07/2022
SEL-08807;Toko Seller Sukses 8806;Makassar;17/11/2021
SEL-08808;Toko Seller Sukses 8807;Cimahi;10/11/2022
SEL-08809;Toko Seller Sukses 8808;Bandung;11/04/2022
SEL-08810;Toko Seller Sukses 8809;Yogyakarta;09/07/2021
SEL-08811;Toko Seller Sukses 8810;Surabaya;16/03/2022
SEL-08812;Toko Seller Sukses 8811;Jakarta Pusat;21/07/2021
SEL-08813;Toko Seller Sukses 8812;Bandung;24/07/2021
SEL-08814;Toko Seller Sukses 8813;Sidoarjo;10/05/2022
SEL-08815;Toko Seller Sukses 8814;Yogyakarta;22/09/2021
SEL-08816;Toko Seller Sukses 8815;Yogyakarta;25/11/2021
SEL-08817;Toko Seller Sukses 8816;Yogyakarta;07/08/2022
SEL-08818;Toko Seller Sukses 8817;Yogyakarta;09/08/2022
SEL-08819;Toko Seller Sukses 8818;Cimahi;05/10/2022
SEL-08820;Toko Seller Sukses 8819;Yogyakarta;08/05/2022
SEL-08821;Toko Seller Sukses 8820;Makassar;06/06/2022
SEL-08822;Toko Seller Sukses 8821;Bandung;15/01/2022
SEL-08823;Toko Seller Sukses 8822;Cimahi;24/01/2023
SEL-08824;Toko Seller Sukses 8823;Makassar;21/05/2022
SEL-08825;Toko Seller Sukses 8824;Surabaya;07/07/2022
SEL-08826;Toko Seller Sukses 8825;Jakarta Pusat;06/01/2022
SEL-08827;Toko Seller Sukses 8826;Makassar;16/05/2021
SEL-08828;Toko Seller Sukses 8827;Surabaya;23/08/2021
SEL-08829;Toko Seller Sukses 8828;Makassar;19/12/2021
SEL-08830;Toko Seller Sukses 8829;Medan;15/08/2022
SEL-08831;Toko Seller Sukses 8830;Medan;01/06/2022
SEL-08832;Toko Seller Sukses 8831;Jakarta Pusat;22/06/2022
SEL-08833;Toko Seller Sukses 8832;Medan;18/04/2022
SEL-08834;Toko Seller Sukses 8833;Jakarta Selatan;19/04/2022
SEL-08835;Toko Seller Sukses 8834;Makassar;20/03/2022
SEL-08836;Toko Seller Sukses 8835;Surabaya;02/04/2022
SEL-08837;Toko Seller Sukses 8836;Surabaya;20/07/2021
SEL-08838;Toko Seller Sukses 8837;Medan;24/03/2023
SEL-08839;Toko Seller Sukses 8838;Surabaya;15/06/2021
SEL-08840;Toko Seller Sukses 8839;Bandung;07/02/2022
SEL-08841;Toko Seller Sukses 8840;Surabaya;04/11/2022
SEL-08842;Toko Seller Sukses 8841;Sidoarjo;10/08/2022
SEL-08843;Toko Seller Sukses 8842;Jakarta Pusat;26/04/2022
SEL-08844;Toko Seller Sukses 8843;Yogyakarta;07/05/2021
SEL-08845;Toko Seller Sukses 8844;Yogyakarta;19/07/2021
SEL-08846;Toko Seller Sukses 8845;Jakarta Selatan;17/04/2023
SEL-08847;Toko Seller Sukses 8846;Yogyakarta;09/03/2022
SEL-08848;Toko Seller Sukses 8847;Bandung;22/03/2022
SEL-08849;Toko Seller Sukses 8848;Cimahi;02/06/2023
SEL-08850;Toko Seller Sukses 8849;Sidoarjo;19/04/2022
SEL-08851;Toko Seller Sukses 8850;Jakarta Pusat;19/09/2022
SEL-08852;Toko Seller Sukses 8851;Jakarta Selatan;05/08/2021
SEL-08853;Toko Seller Sukses 8852;Makassar;25/04/2022
SEL-08854;Toko Seller Sukses 8853;Medan;22/10/2021
SEL-08855;Toko Seller Sukses 8854;Cimahi;14/09/2021
SEL-08856;Toko Seller Sukses 8855;Medan;05/10/2022
SEL-08857;Toko Seller Sukses 8856;Cimahi;15/10/2022
SEL-08858;Toko Seller Sukses 8857;Jakarta Pusat;14/04/2022
SEL-08859;Toko Seller Sukses 8858;Yogyakarta;29/08/2022
SEL-08860;Toko Seller Sukses 8859;Jakarta Pusat;13/03/2022
SEL-08861;Toko Seller Sukses 8860;Jakarta Selatan;06/02/2023
SEL-08862;Toko Seller Sukses 8861;Yogyakarta;03/10/2022
SEL-08863;Toko Seller Sukses 8862;Surabaya;09/05/2022
SEL-08864;Toko Seller Sukses 8863;Yogyakarta;31/07/2021
SEL-08865;Toko Seller Sukses 8864;Bandung;10/09/2022
SEL-08866;Toko Seller Sukses 8865;Jakarta Selatan;29/06/2023
SEL-08867;Toko Seller Sukses 8866;Jakarta Selatan;21/04/2022
SEL-08868;Toko Seller Sukses 8867;Medan;26/03/2022
SEL-08869;Toko Seller Sukses 8868;Jakarta Pusat;28/08/2021
SEL-08870;Toko Seller Sukses 8869;Makassar;02/09/2022
SEL-08871;Toko Seller Sukses 8870;Bandung;28/01/2023
SEL-08872;Toko Seller Sukses 8871;Makassar;31/10/2022
SEL-08873;Toko Seller Sukses 8872;Cimahi;26/07/2022
SEL-08874;Toko Seller Sukses 8873;Surabaya;06/05/2023
SEL-08875;Toko Seller Sukses 8874;Yogyakarta;24/03/2023
SEL-08876;Toko Seller Sukses 8875;Medan;09/04/2022
SEL-08877;Toko Seller Sukses 8876;Jakarta Selatan;27/05/2021
SEL-08878;Toko Seller Sukses 8877;Cimahi;26/06/2023
SEL-08879;Toko Seller Sukses 8878;Yogyakarta;15/06/2021
SEL-08880;Toko Seller Sukses 8879;Surabaya;10/02/2022
SEL-08881;Toko Seller Sukses 8880;Yogyakarta;23/07/2022
SEL-08882;Toko Seller Sukses 8881;Cimahi;20/12/2022
SEL-08883;Toko Seller Sukses 8882;Jakarta Selatan;14/09/2022
SEL-08884;Toko Seller Sukses 8883;Jakarta Pusat;22/03/2022
SEL-08885;Toko Seller Sukses 8884;Bandung;20/08/2022
SEL-08886;Toko Seller Sukses 8885;Medan;23/12/2021
SEL-08887;Toko Seller Sukses 8886;Yogyakarta;21/02/2022
SEL-08888;Toko Seller Sukses 8887;Makassar;21/06/2021
SEL-08889;Toko Seller Sukses 8888;Makassar;07/05/2021
SEL-08890;Toko Seller Sukses 8889;Cimahi;22/04/2023
SEL-08891;Toko Seller Sukses 8890;Makassar;13/11/2022
SEL-08892;Toko Seller Sukses 8891;Surabaya;18/04/2023
SEL-08893;Toko Seller Sukses 8892;Bandung;15/11/2022
SEL-08894;Toko Seller Sukses 8893;Medan;16/05/2022
SEL-08895;Toko Seller Sukses 8894;Makassar;04/05/2022
SEL-08896;Toko Seller Sukses 8895;Bandung;27/04/2022
SEL-08897;Toko Seller Sukses 8896;Jakarta Selatan;21/10/2022
SEL-08898;Toko Seller Sukses 8897;Sidoarjo;26/03/2022
SEL-08899;Toko Seller Sukses 8898;Jakarta Pusat;15/05/2023
SEL-08900;Toko Seller Sukses 8899;Makassar;29/10/2021
SEL-08901;Toko Seller Sukses 8900;Cimahi;27/02/2022
SEL-08902;Toko Seller Sukses 8901;Jakarta Pusat;14/04/2023
SEL-08903;Toko Seller Sukses 8902;Medan;09/03/2022
SEL-08904;Toko Seller Sukses 8903;Cimahi;23/03/2023
SEL-08905;Toko Seller Sukses 8904;Bandung;24/01/2023
SEL-08906;Toko Seller Sukses 8905;Makassar;28/05/2023
SEL-08907;Toko Seller Sukses 8906;Jakarta Pusat;06/10/2021
SEL-08908;Toko Seller Sukses 8907;Bandung;02/12/2022
SEL-08909;Toko Seller Sukses 8908;Medan;15/01/2023
SEL-08910;Toko Seller Sukses 8909;Jakarta Selatan;10/01/2022
SEL-08911;Toko Seller Sukses 8910;Bandung;03/11/2021
SEL-08912;Toko Seller Sukses 8911;Jakarta Selatan;05/06/2022
SEL-08913;Toko Seller Sukses 8912;Surabaya;13/11/2021
SEL-08914;Toko Seller Sukses 8913;Bandung;17/10/2022
SEL-08915;Toko Seller Sukses 8914;Sidoarjo;22/01/2022
SEL-08916;Toko Seller Sukses 8915;Yogyakarta;26/07/2022
SEL-08917;Toko Seller Sukses 8916;Jakarta Pusat;20/12/2021
SEL-08918;Toko Seller Sukses 8917;Makassar;19/05/2023
SEL-08919;Toko Seller Sukses 8918;Bandung;20/09/2021
SEL-08920;Toko Seller Sukses 8919;Yogyakarta;17/05/2023
SEL-08921;Toko Seller Sukses 8920;Sidoarjo;13/07/2022
SEL-08922;Toko Seller Sukses 8921;Cimahi;19/03/2022
SEL-08923;Toko Seller Sukses 8922;Jakarta Pusat;21/01/2022
SEL-08924;Toko Seller Sukses 8923;Cimahi;15/05/2023
SEL-08925;Toko Seller Sukses 8924;Yogyakarta;25/04/2022
SEL-08926;Toko Seller Sukses 8925;Yogyakarta;28/11/2021
SEL-08927;Toko Seller Sukses 8926;Cimahi;30/11/2022
SEL-08928;Toko Seller Sukses 8927;Makassar;16/02/2022
SEL-08929;Toko Seller Sukses 8928;Makassar;13/04/2023
SEL-08930;Toko Seller Sukses 8929;Sidoarjo;06/01/2022
SEL-08931;Toko Seller Sukses 8930;Bandung;03/07/2022
SEL-08932;Toko Seller Sukses 8931;Medan;19/01/2023
SEL-08933;Toko Seller Sukses 8932;Medan;15/04/2023
SEL-08934;Toko Seller Sukses 8933;Jakarta Selatan;15/10/2021
SEL-08935;Toko Seller Sukses 8934;Cimahi;15/02/2022
SEL-08936;Toko Seller Sukses 8935;Medan;15/08/2021
SEL-08937;Toko Seller Sukses 8936;Makassar;09/07/2022
SEL-08938;Toko Seller Sukses 8937;Sidoarjo;09/01/2023
SEL-08939;Toko Seller Sukses 8938;Surabaya;15/11/2021
SEL-08940;Toko Seller Sukses 8939;Makassar;04/10/2021
SEL-08941;Toko Seller Sukses 8940;Surabaya;02/10/2022
SEL-08942;Toko Seller Sukses 8941;Jakarta Pusat;08/11/2022
SEL-08943;Toko Seller Sukses 8942;Bandung;31/10/2021
SEL-08944;Toko Seller Sukses 8943;Sidoarjo;14/02/2022
SEL-08945;Toko Seller Sukses 8944;Jakarta Pusat;22/03/2023
SEL-08946;Toko Seller Sukses 8945;Surabaya;21/01/2023
SEL-08947;Toko Seller Sukses 8946;Makassar;14/04/2023
SEL-08948;Toko Seller Sukses 8947;Surabaya;16/10/2022
SEL-08949;Toko Seller Sukses 8948;Cimahi;27/04/2023
SEL-08950;Toko Seller Sukses 8949;Jakarta Pusat;30/12/2021
SEL-08951;Toko Seller Sukses 8950;Cimahi;06/11/2021
SEL-08952;Toko Seller Sukses 8951;Jakarta Pusat;22/06/2022
SEL-08953;Toko Seller Sukses 8952;Yogyakarta;02/08/2022
SEL-08954;Toko Seller Sukses 8953;Jakarta Pusat;02/07/2023
SEL-08955;Toko Seller Sukses 8954;Cimahi;14/10/2021
SEL-08956;Toko Seller Sukses 8955;Yogyakarta;11/05/2021
SEL-08957;Toko Seller Sukses 8956;Cimahi;19/10/2022
SEL-08958;Toko Seller Sukses 8957;Bandung;18/11/2021
SEL-08959;Toko Seller Sukses 8958;Jakarta Pusat;07/04/2023
SEL-08960;Toko Seller Sukses 8959;Sidoarjo;31/05/2022
SEL-08961;Toko Seller Sukses 8960;Medan;26/03/2022
SEL-08962;Toko Seller Sukses 8961;Bandung;03/10/2022
SEL-08963;Toko Seller Sukses 8962;Makassar;03/08/2021
SEL-08964;Toko Seller Sukses 8963;Jakarta Selatan;03/02/2023
SEL-08965;Toko Seller Sukses 8964;Surabaya;01/12/2021
SEL-08966;Toko Seller Sukses 8965;Makassar;22/03/2022
SEL-08967;Toko Seller Sukses 8966;Medan;07/04/2023
SEL-08968;Toko Seller Sukses 8967;Jakarta Selatan;23/02/2022
SEL-08969;Toko Seller Sukses 8968;Makassar;15/02/2022
SEL-08970;Toko Seller Sukses 8969;Bandung;09/11/2021
SEL-08971;Toko Seller Sukses 8970;Sidoarjo;20/10/2022
SEL-08972;Toko Seller Sukses 8971;Medan;17/05/2021
SEL-08973;Toko Seller Sukses 8972;Jakarta Pusat;08/09/2021
SEL-08974;Toko Seller Sukses 8973;Bandung;23/12/2022
SEL-08975;Toko Seller Sukses 8974;Cimahi;17/05/2021
SEL-08976;Toko Seller Sukses 8975;Medan;30/10/2022
SEL-08977;Toko Seller Sukses 8976;Bandung;14/12/2022
SEL-08978;Toko Seller Sukses 8977;Surabaya;21/06/2021
SEL-08979;Toko Seller Sukses 8978;Jakarta Pusat;02/08/2021
SEL-08980;Toko Seller Sukses 8979;Jakarta Selatan;05/03/2022
SEL-08981;Toko Seller Sukses 8980;Jakarta Pusat;06/12/2021
SEL-08982;Toko Seller Sukses 8981;Medan;18/07/2021
SEL-08983;Toko Seller Sukses 8982;Sidoarjo;14/07/2021
SEL-08984;Toko Seller Sukses 8983;Yogyakarta;30/06/2021
SEL-08985;Toko Seller Sukses 8984;Sidoarjo;11/05/2023
SEL-08986;Toko Seller Sukses 8985;Cimahi;03/10/2021
SEL-08987;Toko Seller Sukses 8986;Surabaya;02/02/2022
SEL-08988;Toko Seller Sukses 8987;Bandung;18/05/2023
SEL-08989;Toko Seller Sukses 8988;Bandung;14/08/2021
SEL-08990;Toko Seller Sukses 8989;Jakarta Pusat;13/12/2022
SEL-08991;Toko Seller Sukses 8990;Cimahi;08/05/2021
SEL-08992;Toko Seller Sukses 8991;Medan;05/11/2021
SEL-08993;Toko Seller Sukses 8992;Cimahi;06/05/2021
SEL-08994;Toko Seller Sukses 8993;Medan;17/06/2022
SEL-08995;Toko Seller Sukses 8994;Surabaya;09/04/2022
SEL-08996;Toko Seller Sukses 8995;Cimahi;22/12/2022
SEL-08997;Toko Seller Sukses 8996;Bandung;28/06/2022
SEL-08998;Toko Seller Sukses 8997;Jakarta Pusat;03/07/2023
SEL-08999;Toko Seller Sukses 8998;Surabaya;23/02/2023
SEL-09000;Toko Seller Sukses 8999;Jakarta Selatan;05/04/2023
SEL-09001;Toko Seller Sukses 9000;Makassar;09/03/2022
SEL-09002;Toko Seller Sukses 9001;Bandung;09/10/2021
SEL-09003;Toko Seller Sukses 9002;Makassar;17/03/2022
SEL-09004;Toko Seller Sukses 9003;Cimahi;05/05/2022
SEL-09005;Toko Seller Sukses 9004;Yogyakarta;17/10/2021
SEL-09006;Toko Seller Sukses 9005;Surabaya;01/12/2021
SEL-09007;Toko Seller Sukses 9006;Yogyakarta;08/01/2023
SEL-09008;Toko Seller Sukses 9007;Surabaya;16/04/2022
SEL-09009;Toko Seller Sukses 9008;Yogyakarta;06/06/2023
SEL-09010;Toko Seller Sukses 9009;Makassar;15/06/2023
SEL-09011;Toko Seller Sukses 9010;Jakarta Pusat;06/08/2022
SEL-09012;Toko Seller Sukses 9011;Sidoarjo;26/06/2023
SEL-09013;Toko Seller Sukses 9012;Surabaya;06/11/2021
SEL-09014;Toko Seller Sukses 9013;Bandung;30/06/2022
SEL-09015;Toko Seller Sukses 9014;Makassar;30/01/2023
SEL-09016;Toko Seller Sukses 9015;Cimahi;26/05/2021
SEL-09017;Toko Seller Sukses 9016;Yogyakarta;12/10/2021
SEL-09018;Toko Seller Sukses 9017;Cimahi;10/04/2022
SEL-09019;Toko Seller Sukses 9018;Makassar;27/01/2023
SEL-09020;Toko Seller Sukses 9019;Yogyakarta;04/09/2021
SEL-09021;Toko Seller Sukses 9020;Medan;04/07/2023
SEL-09022;Toko Seller Sukses 9021;Surabaya;29/09/2022
SEL-09023;Toko Seller Sukses 9022;Yogyakarta;22/05/2023
SEL-09024;Toko Seller Sukses 9023;Medan;10/11/2021
SEL-09025;Toko Seller Sukses 9024;Surabaya;13/09/2021
SEL-09026;Toko Seller Sukses 9025;Yogyakarta;01/10/2022
SEL-09027;Toko Seller Sukses 9026;Sidoarjo;04/06/2021
SEL-09028;Toko Seller Sukses 9027;Yogyakarta;22/08/2022
SEL-09029;Toko Seller Sukses 9028;Jakarta Selatan;21/09/2022
SEL-09030;Toko Seller Sukses 9029;Cimahi;10/12/2021
SEL-09031;Toko Seller Sukses 9030;Cimahi;06/07/2021
SEL-09032;Toko Seller Sukses 9031;Sidoarjo;08/04/2023
SEL-09033;Toko Seller Sukses 9032;Surabaya;09/07/2023
SEL-09034;Toko Seller Sukses 9033;Jakarta Pusat;20/04/2023
SEL-09035;Toko Seller Sukses 9034;Makassar;18/09/2022
SEL-09036;Toko Seller Sukses 9035;Bandung;04/06/2021
SEL-09037;Toko Seller Sukses 9036;Bandung;21/05/2023
SEL-09038;Toko Seller Sukses 9037;Medan;21/12/2021
SEL-09039;Toko Seller Sukses 9038;Surabaya;08/07/2022
SEL-09040;Toko Seller Sukses 9039;Medan;26/10/2022
SEL-09041;Toko Seller Sukses 9040;Sidoarjo;24/03/2022
SEL-09042;Toko Seller Sukses 9041;Cimahi;07/12/2021
SEL-09043;Toko Seller Sukses 9042;Medan;17/10/2022
SEL-09044;Toko Seller Sukses 9043;Cimahi;17/02/2023
SEL-09045;Toko Seller Sukses 9044;Yogyakarta;11/11/2021
SEL-09046;Toko Seller Sukses 9045;Yogyakarta;29/04/2023
SEL-09047;Toko Seller Sukses 9046;Sidoarjo;04/05/2021
SEL-09048;Toko Seller Sukses 9047;Surabaya;24/05/2022
SEL-09049;Toko Seller Sukses 9048;Surabaya;10/03/2022
SEL-09050;Toko Seller Sukses 9049;Jakarta Pusat;14/06/2023
SEL-09051;Toko Seller Sukses 9050;Cimahi;01/06/2023
SEL-09052;Toko Seller Sukses 9051;Medan;05/10/2022
SEL-09053;Toko Seller Sukses 9052;Surabaya;18/09/2021
SEL-09054;Toko Seller Sukses 9053;Medan;28/10/2021
SEL-09055;Toko Seller Sukses 9054;Medan;09/02/2023
SEL-09056;Toko Seller Sukses 9055;Makassar;09/07/2023
SEL-09057;Toko Seller Sukses 9056;Surabaya;30/03/2023
SEL-09058;Toko Seller Sukses 9057;Bandung;03/08/2021
SEL-09059;Toko Seller Sukses 9058;Yogyakarta;12/12/2022
SEL-09060;Toko Seller Sukses 9059;Sidoarjo;27/03/2022
SEL-09061;Toko Seller Sukses 9060;Sidoarjo;10/01/2022
SEL-09062;Toko Seller Sukses 9061;Jakarta Pusat;27/08/2021
SEL-09063;Toko Seller Sukses 9062;Jakarta Selatan;13/03/2023
SEL-09064;Toko Seller Sukses 9063;Surabaya;31/01/2023
SEL-09065;Toko Seller Sukses 9064;Sidoarjo;31/12/2022
SEL-09066;Toko Seller Sukses 9065;Jakarta Pusat;06/09/2022
SEL-09067;Toko Seller Sukses 9066;Cimahi;07/11/2021
SEL-09068;Toko Seller Sukses 9067;Cimahi;24/06/2022
SEL-09069;Toko Seller Sukses 9068;Medan;13/02/2022
SEL-09070;Toko Seller Sukses 9069;Jakarta Selatan;04/02/2023
SEL-09071;Toko Seller Sukses 9070;Surabaya;19/05/2022
SEL-09072;Toko Seller Sukses 9071;Sidoarjo;17/03/2022
SEL-09073;Toko Seller Sukses 9072;Medan;09/04/2023
SEL-09074;Toko Seller Sukses 9073;Bandung;05/11/2022
SEL-09075;Toko Seller Sukses 9074;Bandung;07/02/2023
SEL-09076;Toko Seller Sukses 9075;Jakarta Pusat;18/02/2023
SEL-09077;Toko Seller Sukses 9076;Yogyakarta;01/04/2023
SEL-09078;Toko Seller Sukses 9077;Bandung;15/02/2022
SEL-09079;Toko Seller Sukses 9078;Cimahi;19/08/2021
SEL-09080;Toko Seller Sukses 9079;Bandung;06/02/2022
SEL-09081;Toko Seller Sukses 9080;Medan;28/06/2023
SEL-09082;Toko Seller Sukses 9081;Jakarta Selatan;22/11/2022
SEL-09083;Toko Seller Sukses 9082;Jakarta Selatan;20/06/2021
SEL-09084;Toko Seller Sukses 9083;Jakarta Pusat;21/10/2022
SEL-09085;Toko Seller Sukses 9084;Cimahi;13/08/2022
SEL-09086;Toko Seller Sukses 9085;Cimahi;24/07/2021
SEL-09087;Toko Seller Sukses 9086;Bandung;16/10/2022
SEL-09088;Toko Seller Sukses 9087;Bandung;27/09/2021
SEL-09089;Toko Seller Sukses 9088;Surabaya;04/06/2023
SEL-09090;Toko Seller Sukses 9089;Cimahi;23/02/2023
SEL-09091;Toko Seller Sukses 9090;Jakarta Selatan;06/08/2021
SEL-09092;Toko Seller Sukses 9091;Makassar;14/10/2022
SEL-09093;Toko Seller Sukses 9092;Surabaya;22/11/2022
SEL-09094;Toko Seller Sukses 9093;Jakarta Selatan;30/01/2023
SEL-09095;Toko Seller Sukses 9094;Bandung;06/08/2022
SEL-09096;Toko Seller Sukses 9095;Sidoarjo;10/06/2022
SEL-09097;Toko Seller Sukses 9096;Sidoarjo;21/12/2021
SEL-09098;Toko Seller Sukses 9097;Cimahi;10/10/2021
SEL-09099;Toko Seller Sukses 9098;Medan;06/06/2023
SEL-09100;Toko Seller Sukses 9099;Medan;28/07/2021
SEL-09101;Toko Seller Sukses 9100;Makassar;30/05/2021
SEL-09102;Toko Seller Sukses 9101;Jakarta Pusat;25/11/2021
SEL-09103;Toko Seller Sukses 9102;Makassar;26/09/2022
SEL-09104;Toko Seller Sukses 9103;Yogyakarta;10/06/2021
SEL-09105;Toko Seller Sukses 9104;Surabaya;17/07/2021
SEL-09106;Toko Seller Sukses 9105;Cimahi;14/12/2021
SEL-09107;Toko Seller Sukses 9106;Yogyakarta;05/05/2023
SEL-09108;Toko Seller Sukses 9107;Yogyakarta;17/05/2023
SEL-09109;Toko Seller Sukses 9108;Yogyakarta;01/11/2021
SEL-09110;Toko Seller Sukses 9109;Jakarta Pusat;28/08/2022
SEL-09111;Toko Seller Sukses 9110;Makassar;03/05/2021
SEL-09112;Toko Seller Sukses 9111;Jakarta Selatan;12/06/2021
SEL-09113;Toko Seller Sukses 9112;Surabaya;29/06/2022
SEL-09114;Toko Seller Sukses 9113;Makassar;21/03/2022
SEL-09115;Toko Seller Sukses 9114;Cimahi;28/02/2022
SEL-09116;Toko Seller Sukses 9115;Makassar;29/06/2023
SEL-09117;Toko Seller Sukses 9116;Jakarta Pusat;01/01/2023
SEL-09118;Toko Seller Sukses 9117;Jakarta Pusat;28/06/2022
SEL-09119;Toko Seller Sukses 9118;Sidoarjo;23/08/2021
SEL-09120;Toko Seller Sukses 9119;Jakarta Selatan;23/07/2022
SEL-09121;Toko Seller Sukses 9120;Sidoarjo;29/06/2021
SEL-09122;Toko Seller Sukses 9121;Yogyakarta;08/03/2023
SEL-09123;Toko Seller Sukses 9122;Jakarta Selatan;26/01/2023
SEL-09124;Toko Seller Sukses 9123;Cimahi;12/02/2022
SEL-09125;Toko Seller Sukses 9124;Surabaya;13/05/2023
SEL-09126;Toko Seller Sukses 9125;Bandung;08/06/2023
SEL-09127;Toko Seller Sukses 9126;Surabaya;21/04/2022
SEL-09128;Toko Seller Sukses 9127;Surabaya;27/05/2023
SEL-09129;Toko Seller Sukses 9128;Bandung;25/04/2023
SEL-09130;Toko Seller Sukses 9129;Surabaya;23/10/2022
SEL-09131;Toko Seller Sukses 9130;Sidoarjo;26/07/2021
SEL-09132;Toko Seller Sukses 9131;Makassar;31/08/2022
SEL-09133;Toko Seller Sukses 9132;Cimahi;24/12/2022
SEL-09134;Toko Seller Sukses 9133;Bandung;11/01/2022
SEL-09135;Toko Seller Sukses 9134;Surabaya;19/12/2021
SEL-09136;Toko Seller Sukses 9135;Sidoarjo;22/04/2022
SEL-09137;Toko Seller Sukses 9136;Cimahi;01/12/2022
SEL-09138;Toko Seller Sukses 9137;Medan;18/03/2023
SEL-09139;Toko Seller Sukses 9138;Cimahi;03/09/2022
SEL-09140;Toko Seller Sukses 9139;Jakarta Pusat;09/03/2022
SEL-09141;Toko Seller Sukses 9140;Medan;04/08/2022
SEL-09142;Toko Seller Sukses 9141;Cimahi;16/12/2021
SEL-09143;Toko Seller Sukses 9142;Makassar;23/06/2023
SEL-09144;Toko Seller Sukses 9143;Bandung;17/12/2021
SEL-09145;Toko Seller Sukses 9144;Makassar;18/09/2021
SEL-09146;Toko Seller Sukses 9145;Cimahi;24/11/2022
SEL-09147;Toko Seller Sukses 9146;Sidoarjo;29/01/2022
SEL-09148;Toko Seller Sukses 9147;Cimahi;08/07/2021
SEL-09149;Toko Seller Sukses 9148;Bandung;21/05/2021
SEL-09150;Toko Seller Sukses 9149;Sidoarjo;29/04/2023
SEL-09151;Toko Seller Sukses 9150;Cimahi;05/02/2023
SEL-09152;Toko Seller Sukses 9151;Medan;06/02/2023
SEL-09153;Toko Seller Sukses 9152;Bandung;03/03/2023
SEL-09154;Toko Seller Sukses 9153;Medan;07/05/2023
SEL-09155;Toko Seller Sukses 9154;Makassar;06/08/2022
SEL-09156;Toko Seller Sukses 9155;Sidoarjo;30/03/2023
SEL-09157;Toko Seller Sukses 9156;Bandung;09/12/2021
SEL-09158;Toko Seller Sukses 9157;Bandung;08/01/2023
SEL-09159;Toko Seller Sukses 9158;Sidoarjo;23/08/2021
SEL-09160;Toko Seller Sukses 9159;Jakarta Selatan;12/11/2021
SEL-09161;Toko Seller Sukses 9160;Yogyakarta;18/06/2023
SEL-09162;Toko Seller Sukses 9161;Jakarta Pusat;29/10/2022
SEL-09163;Toko Seller Sukses 9162;Yogyakarta;10/02/2023
SEL-09164;Toko Seller Sukses 9163;Jakarta Pusat;26/05/2021
SEL-09165;Toko Seller Sukses 9164;Bandung;13/06/2021
SEL-09166;Toko Seller Sukses 9165;Makassar;11/04/2022
SEL-09167;Toko Seller Sukses 9166;Jakarta Pusat;05/05/2021
SEL-09168;Toko Seller Sukses 9167;Jakarta Selatan;12/07/2022
SEL-09169;Toko Seller Sukses 9168;Jakarta Selatan;30/01/2023
SEL-09170;Toko Seller Sukses 9169;Jakarta Pusat;07/09/2022
SEL-09171;Toko Seller Sukses 9170;Medan;23/09/2022
SEL-09172;Toko Seller Sukses 9171;Yogyakarta;11/07/2022
SEL-09173;Toko Seller Sukses 9172;Medan;07/06/2021
SEL-09174;Toko Seller Sukses 9173;Medan;09/08/2022
SEL-09175;Toko Seller Sukses 9174;Sidoarjo;02/05/2022
SEL-09176;Toko Seller Sukses 9175;Cimahi;02/05/2023
SEL-09177;Toko Seller Sukses 9176;Medan;23/05/2021
SEL-09178;Toko Seller Sukses 9177;Medan;22/03/2022
SEL-09179;Toko Seller Sukses 9178;Cimahi;02/09/2022
SEL-09180;Toko Seller Sukses 9179;Bandung;09/04/2022
SEL-09181;Toko Seller Sukses 9180;Jakarta Selatan;12/07/2021
SEL-09182;Toko Seller Sukses 9181;Makassar;19/11/2021
SEL-09183;Toko Seller Sukses 9182;Jakarta Pusat;16/07/2022
SEL-09184;Toko Seller Sukses 9183;Jakarta Selatan;26/01/2022
SEL-09185;Toko Seller Sukses 9184;Sidoarjo;08/01/2022
SEL-09186;Toko Seller Sukses 9185;Jakarta Pusat;16/03/2023
SEL-09187;Toko Seller Sukses 9186;Surabaya;14/01/2022
SEL-09188;Toko Seller Sukses 9187;Bandung;22/08/2022
SEL-09189;Toko Seller Sukses 9188;Cimahi;04/02/2022
SEL-09190;Toko Seller Sukses 9189;Jakarta Pusat;18/06/2022
SEL-09191;Toko Seller Sukses 9190;Bandung;13/12/2022
SEL-09192;Toko Seller Sukses 9191;Makassar;10/06/2022
SEL-09193;Toko Seller Sukses 9192;Sidoarjo;27/05/2021
SEL-09194;Toko Seller Sukses 9193;Medan;16/05/2021
SEL-09195;Toko Seller Sukses 9194;Cimahi;23/02/2022
SEL-09196;Toko Seller Sukses 9195;Jakarta Selatan;08/05/2021
SEL-09197;Toko Seller Sukses 9196;Surabaya;26/07/2022
SEL-09198;Toko Seller Sukses 9197;Surabaya;11/11/2022
SEL-09199;Toko Seller Sukses 9198;Jakarta Pusat;01/07/2021
SEL-09200;Toko Seller Sukses 9199;Sidoarjo;29/08/2021
SEL-09201;Toko Seller Sukses 9200;Bandung;09/03/2023
SEL-09202;Toko Seller Sukses 9201;Yogyakarta;23/07/2021
SEL-09203;Toko Seller Sukses 9202;Surabaya;17/09/2021
SEL-09204;Toko Seller Sukses 9203;Yogyakarta;20/06/2021
SEL-09205;Toko Seller Sukses 9204;Cimahi;12/02/2023
SEL-09206;Toko Seller Sukses 9205;Jakarta Selatan;07/03/2022
SEL-09207;Toko Seller Sukses 9206;Yogyakarta;06/02/2022
SEL-09208;Toko Seller Sukses 9207;Jakarta Pusat;27/11/2021
SEL-09209;Toko Seller Sukses 9208;Jakarta Pusat;08/09/2021
SEL-09210;Toko Seller Sukses 9209;Jakarta Pusat;08/02/2022
SEL-09211;Toko Seller Sukses 9210;Surabaya;07/08/2021
SEL-09212;Toko Seller Sukses 9211;Sidoarjo;05/11/2022
SEL-09213;Toko Seller Sukses 9212;Jakarta Pusat;14/01/2023
SEL-09214;Toko Seller Sukses 9213;Yogyakarta;27/10/2022
SEL-09215;Toko Seller Sukses 9214;Makassar;27/10/2022
SEL-09216;Toko Seller Sukses 9215;Bandung;02/10/2021
SEL-09217;Toko Seller Sukses 9216;Jakarta Selatan;21/09/2022
SEL-09218;Toko Seller Sukses 9217;Medan;18/01/2023
SEL-09219;Toko Seller Sukses 9218;Jakarta Selatan;12/02/2023
SEL-09220;Toko Seller Sukses 9219;Jakarta Pusat;30/06/2023
SEL-09221;Toko Seller Sukses 9220;Yogyakarta;27/01/2023
SEL-09222;Toko Seller Sukses 9221;Medan;07/03/2022
SEL-09223;Toko Seller Sukses 9222;Cimahi;05/01/2022
SEL-09224;Toko Seller Sukses 9223;Bandung;02/05/2021
SEL-09225;Toko Seller Sukses 9224;Jakarta Pusat;24/10/2022
SEL-09226;Toko Seller Sukses 9225;Bandung;21/10/2021
SEL-09227;Toko Seller Sukses 9226;Medan;24/06/2021
SEL-09228;Toko Seller Sukses 9227;Medan;04/03/2022
SEL-09229;Toko Seller Sukses 9228;Yogyakarta;10/03/2023
SEL-09230;Toko Seller Sukses 9229;Medan;05/06/2022
SEL-09231;Toko Seller Sukses 9230;Surabaya;25/06/2023
SEL-09232;Toko Seller Sukses 9231;Makassar;25/06/2023
SEL-09233;Toko Seller Sukses 9232;Bandung;19/05/2021
SEL-09234;Toko Seller Sukses 9233;Makassar;02/11/2022
SEL-09235;Toko Seller Sukses 9234;Yogyakarta;17/12/2021
SEL-09236;Toko Seller Sukses 9235;Cimahi;29/08/2022
SEL-09237;Toko Seller Sukses 9236;Sidoarjo;09/11/2021
SEL-09238;Toko Seller Sukses 9237;Surabaya;17/03/2023
SEL-09239;Toko Seller Sukses 9238;Surabaya;31/01/2023
SEL-09240;Toko Seller Sukses 9239;Sidoarjo;26/05/2022
SEL-09241;Toko Seller Sukses 9240;Surabaya;11/08/2021
SEL-09242;Toko Seller Sukses 9241;Jakarta Selatan;29/01/2023
SEL-09243;Toko Seller Sukses 9242;Bandung;20/10/2021
SEL-09244;Toko Seller Sukses 9243;Yogyakarta;01/07/2022
SEL-09245;Toko Seller Sukses 9244;Medan;04/07/2021
SEL-09246;Toko Seller Sukses 9245;Cimahi;25/01/2022
SEL-09247;Toko Seller Sukses 9246;Cimahi;30/11/2022
SEL-09248;Toko Seller Sukses 9247;Medan;01/06/2021
SEL-09249;Toko Seller Sukses 9248;Yogyakarta;08/07/2022
SEL-09250;Toko Seller Sukses 9249;Cimahi;20/03/2023
SEL-09251;Toko Seller Sukses 9250;Makassar;22/05/2022
SEL-09252;Toko Seller Sukses 9251;Makassar;16/07/2022
SEL-09253;Toko Seller Sukses 9252;Jakarta Selatan;08/01/2022
SEL-09254;Toko Seller Sukses 9253;Sidoarjo;21/07/2021
SEL-09255;Toko Seller Sukses 9254;Cimahi;25/02/2023
SEL-09256;Toko Seller Sukses 9255;Bandung;31/05/2022
SEL-09257;Toko Seller Sukses 9256;Medan;14/08/2021
SEL-09258;Toko Seller Sukses 9257;Sidoarjo;06/12/2022
SEL-09259;Toko Seller Sukses 9258;Jakarta Pusat;29/06/2021
SEL-09260;Toko Seller Sukses 9259;Sidoarjo;05/03/2022
SEL-09261;Toko Seller Sukses 9260;Makassar;03/04/2022
SEL-09262;Toko Seller Sukses 9261;Jakarta Pusat;05/05/2023
SEL-09263;Toko Seller Sukses 9262;Yogyakarta;05/02/2023
SEL-09264;Toko Seller Sukses 9263;Surabaya;04/06/2023
SEL-09265;Toko Seller Sukses 9264;Medan;10/05/2021
SEL-09266;Toko Seller Sukses 9265;Makassar;24/05/2023
SEL-09267;Toko Seller Sukses 9266;Bandung;29/03/2023
SEL-09268;Toko Seller Sukses 9267;Surabaya;13/12/2021
SEL-09269;Toko Seller Sukses 9268;Yogyakarta;02/05/2023
SEL-09270;Toko Seller Sukses 9269;Jakarta Pusat;11/02/2023
SEL-09271;Toko Seller Sukses 9270;Jakarta Selatan;14/06/2022
SEL-09272;Toko Seller Sukses 9271;Makassar;03/11/2022
SEL-09273;Toko Seller Sukses 9272;Jakarta Pusat;16/06/2022
SEL-09274;Toko Seller Sukses 9273;Makassar;14/08/2022
SEL-09275;Toko Seller Sukses 9274;Yogyakarta;02/07/2022
SEL-09276;Toko Seller Sukses 9275;Makassar;16/08/2021
SEL-09277;Toko Seller Sukses 9276;Jakarta Selatan;19/05/2022
SEL-09278;Toko Seller Sukses 9277;Jakarta Selatan;25/01/2022
SEL-09279;Toko Seller Sukses 9278;Surabaya;06/06/2023
SEL-09280;Toko Seller Sukses 9279;Bandung;13/05/2023
SEL-09281;Toko Seller Sukses 9280;Bandung;28/11/2022
SEL-09282;Toko Seller Sukses 9281;Jakarta Pusat;02/02/2022
SEL-09283;Toko Seller Sukses 9282;Yogyakarta;14/03/2023
SEL-09284;Toko Seller Sukses 9283;Jakarta Selatan;05/10/2022
SEL-09285;Toko Seller Sukses 9284;Cimahi;03/07/2023
SEL-09286;Toko Seller Sukses 9285;Yogyakarta;07/03/2022
SEL-09287;Toko Seller Sukses 9286;Makassar;25/08/2022
SEL-09288;Toko Seller Sukses 9287;Yogyakarta;24/10/2021
SEL-09289;Toko Seller Sukses 9288;Sidoarjo;20/04/2023
SEL-09290;Toko Seller Sukses 9289;Sidoarjo;07/01/2023
SEL-09291;Toko Seller Sukses 9290;Cimahi;03/11/2022
SEL-09292;Toko Seller Sukses 9291;Cimahi;20/07/2022
SEL-09293;Toko Seller Sukses 9292;Medan;18/05/2021
SEL-09294;Toko Seller Sukses 9293;Jakarta Selatan;10/10/2022
SEL-09295;Toko Seller Sukses 9294;Cimahi;22/03/2022
SEL-09296;Toko Seller Sukses 9295;Cimahi;26/09/2021
SEL-09297;Toko Seller Sukses 9296;Surabaya;06/05/2023
SEL-09298;Toko Seller Sukses 9297;Jakarta Pusat;30/07/2021
SEL-09299;Toko Seller Sukses 9298;Yogyakarta;10/10/2021
SEL-09300;Toko Seller Sukses 9299;Sidoarjo;25/10/2022
SEL-09301;Toko Seller Sukses 9300;Surabaya;18/10/2022
SEL-09302;Toko Seller Sukses 9301;Cimahi;19/08/2021
SEL-09303;Toko Seller Sukses 9302;Surabaya;22/05/2021
SEL-09304;Toko Seller Sukses 9303;Medan;23/03/2023
SEL-09305;Toko Seller Sukses 9304;Jakarta Pusat;24/05/2023
SEL-09306;Toko Seller Sukses 9305;Sidoarjo;29/05/2021
SEL-09307;Toko Seller Sukses 9306;Surabaya;14/02/2023
SEL-09308;Toko Seller Sukses 9307;Sidoarjo;02/07/2023
SEL-09309;Toko Seller Sukses 9308;Jakarta Selatan;01/09/2021
SEL-09310;Toko Seller Sukses 9309;Surabaya;15/03/2022
SEL-09311;Toko Seller Sukses 9310;Bandung;24/10/2021
SEL-09312;Toko Seller Sukses 9311;Yogyakarta;16/09/2022
SEL-09313;Toko Seller Sukses 9312;Surabaya;10/10/2022
SEL-09314;Toko Seller Sukses 9313;Bandung;05/09/2022
SEL-09315;Toko Seller Sukses 9314;Makassar;13/01/2023
SEL-09316;Toko Seller Sukses 9315;Surabaya;03/12/2021
SEL-09317;Toko Seller Sukses 9316;Makassar;17/05/2021
SEL-09318;Toko Seller Sukses 9317;Medan;25/05/2023
SEL-09319;Toko Seller Sukses 9318;Jakarta Pusat;08/06/2022
SEL-09320;Toko Seller Sukses 9319;Sidoarjo;31/12/2021
SEL-09321;Toko Seller Sukses 9320;Sidoarjo;12/06/2021
SEL-09322;Toko Seller Sukses 9321;Cimahi;09/09/2022
SEL-09323;Toko Seller Sukses 9322;Yogyakarta;08/08/2022
SEL-09324;Toko Seller Sukses 9323;Makassar;24/03/2022
SEL-09325;Toko Seller Sukses 9324;Bandung;30/08/2021
SEL-09326;Toko Seller Sukses 9325;Sidoarjo;19/04/2022
SEL-09327;Toko Seller Sukses 9326;Jakarta Selatan;05/09/2021
SEL-09328;Toko Seller Sukses 9327;Sidoarjo;13/03/2023
SEL-09329;Toko Seller Sukses 9328;Surabaya;20/03/2022
SEL-09330;Toko Seller Sukses 9329;Yogyakarta;25/08/2022
SEL-09331;Toko Seller Sukses 9330;Bandung;27/09/2021
SEL-09332;Toko Seller Sukses 9331;Makassar;01/04/2023
SEL-09333;Toko Seller Sukses 9332;Sidoarjo;16/01/2023
SEL-09334;Toko Seller Sukses 9333;Medan;26/05/2023
SEL-09335;Toko Seller Sukses 9334;Medan;15/05/2021
SEL-09336;Toko Seller Sukses 9335;Jakarta Selatan;13/08/2022
SEL-09337;Toko Seller Sukses 9336;Surabaya;21/11/2021
SEL-09338;Toko Seller Sukses 9337;Surabaya;16/08/2021
SEL-09339;Toko Seller Sukses 9338;Surabaya;20/07/2022
SEL-09340;Toko Seller Sukses 9339;Jakarta Selatan;07/05/2021
SEL-09341;Toko Seller Sukses 9340;Makassar;24/06/2023
SEL-09342;Toko Seller Sukses 9341;Makassar;18/06/2023
SEL-09343;Toko Seller Sukses 9342;Cimahi;19/06/2021
SEL-09344;Toko Seller Sukses 9343;Medan;21/02/2022
SEL-09345;Toko Seller Sukses 9344;Makassar;26/05/2022
SEL-09346;Toko Seller Sukses 9345;Surabaya;31/05/2022
SEL-09347;Toko Seller Sukses 9346;Yogyakarta;29/06/2022
SEL-09348;Toko Seller Sukses 9347;Sidoarjo;03/06/2022
SEL-09349;Toko Seller Sukses 9348;Bandung;19/12/2022
SEL-09350;Toko Seller Sukses 9349;Cimahi;14/03/2023
SEL-09351;Toko Seller Sukses 9350;Yogyakarta;14/05/2021
SEL-09352;Toko Seller Sukses 9351;Jakarta Pusat;04/08/2021
SEL-09353;Toko Seller Sukses 9352;Surabaya;29/04/2022
SEL-09354;Toko Seller Sukses 9353;Cimahi;20/12/2021
SEL-09355;Toko Seller Sukses 9354;Jakarta Selatan;18/05/2022
SEL-09356;Toko Seller Sukses 9355;Surabaya;04/03/2022
SEL-09357;Toko Seller Sukses 9356;Jakarta Selatan;06/06/2023
SEL-09358;Toko Seller Sukses 9357;Sidoarjo;21/03/2023
SEL-09359;Toko Seller Sukses 9358;Jakarta Pusat;08/12/2022
SEL-09360;Toko Seller Sukses 9359;Surabaya;29/05/2021
SEL-09361;Toko Seller Sukses 9360;Jakarta Selatan;31/08/2022
SEL-09362;Toko Seller Sukses 9361;Cimahi;22/08/2021
SEL-09363;Toko Seller Sukses 9362;Cimahi;20/05/2022
SEL-09364;Toko Seller Sukses 9363;Cimahi;20/06/2023
SEL-09365;Toko Seller Sukses 9364;Makassar;30/07/2022
SEL-09366;Toko Seller Sukses 9365;Medan;18/10/2022
SEL-09367;Toko Seller Sukses 9366;Jakarta Pusat;11/03/2022
SEL-09368;Toko Seller Sukses 9367;Medan;26/08/2022
SEL-09369;Toko Seller Sukses 9368;Makassar;19/06/2021
SEL-09370;Toko Seller Sukses 9369;Makassar;08/11/2022
SEL-09371;Toko Seller Sukses 9370;Yogyakarta;29/01/2023
SEL-09372;Toko Seller Sukses 9371;Medan;28/06/2021
SEL-09373;Toko Seller Sukses 9372;Bandung;05/05/2022
SEL-09374;Toko Seller Sukses 9373;Medan;13/06/2023
SEL-09375;Toko Seller Sukses 9374;Cimahi;31/12/2022
SEL-09376;Toko Seller Sukses 9375;Surabaya;10/04/2022
SEL-09377;Toko Seller Sukses 9376;Sidoarjo;26/06/2023
SEL-09378;Toko Seller Sukses 9377;Cimahi;19/03/2023
SEL-09379;Toko Seller Sukses 9378;Surabaya;15/10/2021
SEL-09380;Toko Seller Sukses 9379;Sidoarjo;08/05/2021
SEL-09381;Toko Seller Sukses 9380;Jakarta Pusat;26/08/2022
SEL-09382;Toko Seller Sukses 9381;Bandung;18/05/2021
SEL-09383;Toko Seller Sukses 9382;Jakarta Selatan;19/05/2023
SEL-09384;Toko Seller Sukses 9383;Cimahi;18/05/2023
SEL-09385;Toko Seller Sukses 9384;Medan;27/11/2021
SEL-09386;Toko Seller Sukses 9385;Bandung;03/07/2021
SEL-09387;Toko Seller Sukses 9386;Cimahi;27/06/2022
SEL-09388;Toko Seller Sukses 9387;Surabaya;13/05/2023
SEL-09389;Toko Seller Sukses 9388;Makassar;22/05/2021
SEL-09390;Toko Seller Sukses 9389;Surabaya;13/11/2021
SEL-09391;Toko Seller Sukses 9390;Sidoarjo;18/05/2023
SEL-09392;Toko Seller Sukses 9391;Jakarta Selatan;08/04/2023
SEL-09393;Toko Seller Sukses 9392;Medan;31/05/2023
SEL-09394;Toko Seller Sukses 9393;Medan;24/07/2021
SEL-09395;Toko Seller Sukses 9394;Cimahi;09/05/2022
SEL-09396;Toko Seller Sukses 9395;Yogyakarta;06/09/2022
SEL-09397;Toko Seller Sukses 9396;Jakarta Selatan;16/01/2023
SEL-09398;Toko Seller Sukses 9397;Jakarta Pusat;15/06/2021
SEL-09399;Toko Seller Sukses 9398;Medan;19/05/2023
SEL-09400;Toko Seller Sukses 9399;Medan;28/11/2022
SEL-09401;Toko Seller Sukses 9400;Sidoarjo;02/02/2023
SEL-09402;Toko Seller Sukses 9401;Makassar;17/04/2022
SEL-09403;Toko Seller Sukses 9402;Bandung;18/06/2023
SEL-09404;Toko Seller Sukses 9403;Surabaya;13/10/2022
SEL-09405;Toko Seller Sukses 9404;Yogyakarta;19/04/2022
SEL-09406;Toko Seller Sukses 9405;Makassar;09/12/2022
SEL-09407;Toko Seller Sukses 9406;Sidoarjo;14/12/2021
SEL-09408;Toko Seller Sukses 9407;Makassar;28/02/2023
SEL-09409;Toko Seller Sukses 9408;Cimahi;26/09/2022
SEL-09410;Toko Seller Sukses 9409;Bandung;30/04/2022
SEL-09411;Toko Seller Sukses 9410;Jakarta Selatan;15/06/2023
SEL-09412;Toko Seller Sukses 9411;Surabaya;14/10/2022
SEL-09413;Toko Seller Sukses 9412;Yogyakarta;12/10/2021
SEL-09414;Toko Seller Sukses 9413;Cimahi;20/10/2021
SEL-09415;Toko Seller Sukses 9414;Yogyakarta;14/04/2022
SEL-09416;Toko Seller Sukses 9415;Medan;10/12/2022
SEL-09417;Toko Seller Sukses 9416;Jakarta Pusat;14/12/2021
SEL-09418;Toko Seller Sukses 9417;Yogyakarta;18/01/2023
SEL-09419;Toko Seller Sukses 9418;Jakarta Pusat;08/12/2021
SEL-09420;Toko Seller Sukses 9419;Makassar;21/10/2021
SEL-09421;Toko Seller Sukses 9420;Bandung;24/03/2023
SEL-09422;Toko Seller Sukses 9421;Makassar;08/11/2021
SEL-09423;Toko Seller Sukses 9422;Sidoarjo;23/11/2021
SEL-09424;Toko Seller Sukses 9423;Yogyakarta;19/05/2022
SEL-09425;Toko Seller Sukses 9424;Makassar;07/05/2021
SEL-09426;Toko Seller Sukses 9425;Medan;17/03/2023
SEL-09427;Toko Seller Sukses 9426;Surabaya;02/01/2023
SEL-09428;Toko Seller Sukses 9427;Surabaya;23/12/2021
SEL-09429;Toko Seller Sukses 9428;Jakarta Pusat;07/05/2023
SEL-09430;Toko Seller Sukses 9429;Makassar;16/07/2022
SEL-09431;Toko Seller Sukses 9430;Jakarta Selatan;26/08/2021
SEL-09432;Toko Seller Sukses 9431;Jakarta Selatan;17/02/2023
SEL-09433;Toko Seller Sukses 9432;Yogyakarta;29/07/2021
SEL-09434;Toko Seller Sukses 9433;Medan;19/09/2022
SEL-09435;Toko Seller Sukses 9434;Jakarta Selatan;12/12/2021
SEL-09436;Toko Seller Sukses 9435;Surabaya;20/08/2022
SEL-09437;Toko Seller Sukses 9436;Sidoarjo;21/05/2021
SEL-09438;Toko Seller Sukses 9437;Jakarta Pusat;31/01/2022
SEL-09439;Toko Seller Sukses 9438;Cimahi;28/07/2022
SEL-09440;Toko Seller Sukses 9439;Yogyakarta;31/03/2023
SEL-09441;Toko Seller Sukses 9440;Sidoarjo;03/05/2021
SEL-09442;Toko Seller Sukses 9441;Jakarta Pusat;25/06/2023
SEL-09443;Toko Seller Sukses 9442;Surabaya;20/12/2022
SEL-09444;Toko Seller Sukses 9443;Sidoarjo;24/06/2022
SEL-09445;Toko Seller Sukses 9444;Surabaya;13/09/2021
SEL-09446;Toko Seller Sukses 9445;Bandung;26/09/2022
SEL-09447;Toko Seller Sukses 9446;Surabaya;25/02/2022
SEL-09448;Toko Seller Sukses 9447;Surabaya;29/05/2023
SEL-09449;Toko Seller Sukses 9448;Makassar;27/11/2021
SEL-09450;Toko Seller Sukses 9449;Jakarta Selatan;21/04/2023
SEL-09451;Toko Seller Sukses 9450;Sidoarjo;25/10/2022
SEL-09452;Toko Seller Sukses 9451;Surabaya;04/07/2022
SEL-09453;Toko Seller Sukses 9452;Cimahi;27/02/2023
SEL-09454;Toko Seller Sukses 9453;Sidoarjo;27/08/2021
SEL-09455;Toko Seller Sukses 9454;Jakarta Selatan;20/03/2022
SEL-09456;Toko Seller Sukses 9455;Jakarta Selatan;12/06/2023
SEL-09457;Toko Seller Sukses 9456;Sidoarjo;17/12/2022
SEL-09458;Toko Seller Sukses 9457;Medan;03/08/2021
SEL-09459;Toko Seller Sukses 9458;Medan;02/10/2021
SEL-09460;Toko Seller Sukses 9459;Makassar;07/12/2021
SEL-09461;Toko Seller Sukses 9460;Sidoarjo;02/09/2021
SEL-09462;Toko Seller Sukses 9461;Bandung;28/04/2023
SEL-09463;Toko Seller Sukses 9462;Surabaya;11/05/2022
SEL-09464;Toko Seller Sukses 9463;Cimahi;03/02/2022
SEL-09465;Toko Seller Sukses 9464;Bandung;05/11/2021
SEL-09466;Toko Seller Sukses 9465;Jakarta Pusat;03/09/2021
SEL-09467;Toko Seller Sukses 9466;Jakarta Pusat;11/01/2022
SEL-09468;Toko Seller Sukses 9467;Jakarta Selatan;17/08/2022
SEL-09469;Toko Seller Sukses 9468;Cimahi;26/01/2022
SEL-09470;Toko Seller Sukses 9469;Sidoarjo;24/11/2022
SEL-09471;Toko Seller Sukses 9470;Jakarta Selatan;10/07/2021
SEL-09472;Toko Seller Sukses 9471;Bandung;09/11/2022
SEL-09473;Toko Seller Sukses 9472;Bandung;29/08/2022
SEL-09474;Toko Seller Sukses 9473;Medan;18/07/2021
SEL-09475;Toko Seller Sukses 9474;Bandung;07/08/2021
SEL-09476;Toko Seller Sukses 9475;Surabaya;31/10/2021
SEL-09477;Toko Seller Sukses 9476;Makassar;21/06/2023
SEL-09478;Toko Seller Sukses 9477;Jakarta Pusat;19/05/2021
SEL-09479;Toko Seller Sukses 9478;Jakarta Selatan;24/07/2022
SEL-09480;Toko Seller Sukses 9479;Cimahi;08/06/2023
SEL-09481;Toko Seller Sukses 9480;Jakarta Selatan;01/08/2022
SEL-09482;Toko Seller Sukses 9481;Yogyakarta;31/12/2022
SEL-09483;Toko Seller Sukses 9482;Jakarta Pusat;07/03/2022
SEL-09484;Toko Seller Sukses 9483;Medan;28/05/2021
SEL-09485;Toko Seller Sukses 9484;Jakarta Selatan;23/06/2022
SEL-09486;Toko Seller Sukses 9485;Medan;06/08/2022
SEL-09487;Toko Seller Sukses 9486;Yogyakarta;25/04/2022
SEL-09488;Toko Seller Sukses 9487;Makassar;02/05/2021
SEL-09489;Toko Seller Sukses 9488;Medan;07/11/2021
SEL-09490;Toko Seller Sukses 9489;Yogyakarta;22/09/2022
SEL-09491;Toko Seller Sukses 9490;Medan;16/05/2023
SEL-09492;Toko Seller Sukses 9491;Medan;26/03/2022
SEL-09493;Toko Seller Sukses 9492;Makassar;02/05/2021
SEL-09494;Toko Seller Sukses 9493;Surabaya;10/08/2021
SEL-09495;Toko Seller Sukses 9494;Medan;23/10/2021
SEL-09496;Toko Seller Sukses 9495;Medan;07/02/2022
SEL-09497;Toko Seller Sukses 9496;Surabaya;27/05/2021
SEL-09498;Toko Seller Sukses 9497;Sidoarjo;22/04/2022
SEL-09499;Toko Seller Sukses 9498;Jakarta Pusat;04/04/2022
SEL-09500;Toko Seller Sukses 9499;Jakarta Selatan;13/12/2022
SEL-09501;Toko Seller Sukses 9500;Surabaya;25/01/2023
SEL-09502;Toko Seller Sukses 9501;Jakarta Pusat;02/08/2021
SEL-09503;Toko Seller Sukses 9502;Surabaya;06/06/2023
SEL-09504;Toko Seller Sukses 9503;Jakarta Pusat;02/04/2022
SEL-09505;Toko Seller Sukses 9504;Yogyakarta;29/01/2022
SEL-09506;Toko Seller Sukses 9505;Surabaya;24/05/2022
SEL-09507;Toko Seller Sukses 9506;Yogyakarta;28/07/2021
SEL-09508;Toko Seller Sukses 9507;Cimahi;15/11/2021
SEL-09509;Toko Seller Sukses 9508;Surabaya;12/07/2021
SEL-09510;Toko Seller Sukses 9509;Yogyakarta;29/03/2022
SEL-09511;Toko Seller Sukses 9510;Sidoarjo;14/05/2021
SEL-09512;Toko Seller Sukses 9511;Bandung;09/10/2021
SEL-09513;Toko Seller Sukses 9512;Yogyakarta;27/12/2022
SEL-09514;Toko Seller Sukses 9513;Jakarta Selatan;19/01/2022
SEL-09515;Toko Seller Sukses 9514;Jakarta Pusat;23/06/2022
SEL-09516;Toko Seller Sukses 9515;Surabaya;14/06/2023
SEL-09517;Toko Seller Sukses 9516;Yogyakarta;29/11/2021
SEL-09518;Toko Seller Sukses 9517;Jakarta Pusat;02/09/2021
SEL-09519;Toko Seller Sukses 9518;Jakarta Selatan;17/02/2023
SEL-09520;Toko Seller Sukses 9519;Sidoarjo;25/08/2021
SEL-09521;Toko Seller Sukses 9520;Bandung;21/06/2021
SEL-09522;Toko Seller Sukses 9521;Jakarta Pusat;07/09/2021
SEL-09523;Toko Seller Sukses 9522;Surabaya;25/02/2023
SEL-09524;Toko Seller Sukses 9523;Bandung;07/03/2022
SEL-09525;Toko Seller Sukses 9524;Surabaya;24/02/2023
SEL-09526;Toko Seller Sukses 9525;Cimahi;08/03/2023
SEL-09527;Toko Seller Sukses 9526;Sidoarjo;21/04/2022
SEL-09528;Toko Seller Sukses 9527;Jakarta Pusat;23/08/2021
SEL-09529;Toko Seller Sukses 9528;Bandung;08/04/2023
SEL-09530;Toko Seller Sukses 9529;Surabaya;06/02/2022
SEL-09531;Toko Seller Sukses 9530;Surabaya;30/07/2022
SEL-09532;Toko Seller Sukses 9531;Jakarta Pusat;12/09/2021
SEL-09533;Toko Seller Sukses 9532;Jakarta Pusat;16/12/2022
SEL-09534;Toko Seller Sukses 9533;Jakarta Selatan;23/03/2023
SEL-09535;Toko Seller Sukses 9534;Yogyakarta;07/01/2022
SEL-09536;Toko Seller Sukses 9535;Medan;05/11/2021
SEL-09537;Toko Seller Sukses 9536;Jakarta Selatan;01/05/2021
SEL-09538;Toko Seller Sukses 9537;Medan;08/06/2021
SEL-09539;Toko Seller Sukses 9538;Yogyakarta;28/05/2022
SEL-09540;Toko Seller Sukses 9539;Jakarta Pusat;17/03/2022
SEL-09541;Toko Seller Sukses 9540;Jakarta Selatan;23/07/2021
SEL-09542;Toko Seller Sukses 9541;Jakarta Pusat;08/10/2021
SEL-09543;Toko Seller Sukses 9542;Sidoarjo;23/11/2022
SEL-09544;Toko Seller Sukses 9543;Yogyakarta;29/12/2021
SEL-09545;Toko Seller Sukses 9544;Sidoarjo;04/11/2021
SEL-09546;Toko Seller Sukses 9545;Jakarta Selatan;26/09/2022
SEL-09547;Toko Seller Sukses 9546;Jakarta Selatan;26/02/2023
SEL-09548;Toko Seller Sukses 9547;Surabaya;30/06/2022
SEL-09549;Toko Seller Sukses 9548;Makassar;26/12/2022
SEL-09550;Toko Seller Sukses 9549;Cimahi;09/01/2023
SEL-09551;Toko Seller Sukses 9550;Cimahi;27/11/2022
SEL-09552;Toko Seller Sukses 9551;Yogyakarta;30/09/2022
SEL-09553;Toko Seller Sukses 9552;Makassar;15/01/2023
SEL-09554;Toko Seller Sukses 9553;Bandung;02/03/2023
SEL-09555;Toko Seller Sukses 9554;Jakarta Selatan;20/06/2023
SEL-09556;Toko Seller Sukses 9555;Yogyakarta;16/05/2021
SEL-09557;Toko Seller Sukses 9556;Cimahi;22/12/2022
SEL-09558;Toko Seller Sukses 9557;Jakarta Pusat;15/11/2021
SEL-09559;Toko Seller Sukses 9558;Medan;01/01/2023
SEL-09560;Toko Seller Sukses 9559;Cimahi;31/08/2021
SEL-09561;Toko Seller Sukses 9560;Cimahi;07/09/2022
SEL-09562;Toko Seller Sukses 9561;Jakarta Selatan;29/04/2023
SEL-09563;Toko Seller Sukses 9562;Surabaya;21/10/2021
SEL-09564;Toko Seller Sukses 9563;Medan;03/02/2022
SEL-09565;Toko Seller Sukses 9564;Surabaya;07/07/2021
SEL-09566;Toko Seller Sukses 9565;Cimahi;18/07/2021
SEL-09567;Toko Seller Sukses 9566;Sidoarjo;25/10/2022
SEL-09568;Toko Seller Sukses 9567;Surabaya;06/07/2021
SEL-09569;Toko Seller Sukses 9568;Makassar;22/08/2022
SEL-09570;Toko Seller Sukses 9569;Makassar;25/06/2021
SEL-09571;Toko Seller Sukses 9570;Yogyakarta;17/07/2021
SEL-09572;Toko Seller Sukses 9571;Surabaya;27/10/2022
SEL-09573;Toko Seller Sukses 9572;Jakarta Selatan;14/10/2021
SEL-09574;Toko Seller Sukses 9573;Surabaya;18/09/2022
SEL-09575;Toko Seller Sukses 9574;Yogyakarta;26/11/2022
SEL-09576;Toko Seller Sukses 9575;Bandung;01/05/2023
SEL-09577;Toko Seller Sukses 9576;Cimahi;23/08/2022
SEL-09578;Toko Seller Sukses 9577;Surabaya;14/09/2022
SEL-09579;Toko Seller Sukses 9578;Makassar;10/09/2022
SEL-09580;Toko Seller Sukses 9579;Makassar;24/02/2022
SEL-09581;Toko Seller Sukses 9580;Jakarta Pusat;07/10/2022
SEL-09582;Toko Seller Sukses 9581;Surabaya;09/07/2023
SEL-09583;Toko Seller Sukses 9582;Jakarta Pusat;18/11/2021
SEL-09584;Toko Seller Sukses 9583;Yogyakarta;14/01/2023
SEL-09585;Toko Seller Sukses 9584;Yogyakarta;22/02/2023
SEL-09586;Toko Seller Sukses 9585;Yogyakarta;14/03/2022
SEL-09587;Toko Seller Sukses 9586;Medan;26/06/2021
SEL-09588;Toko Seller Sukses 9587;Jakarta Pusat;17/03/2022
SEL-09589;Toko Seller Sukses 9588;Medan;16/11/2022
SEL-09590;Toko Seller Sukses 9589;Sidoarjo;12/03/2023
SEL-09591;Toko Seller Sukses 9590;Medan;14/12/2022
SEL-09592;Toko Seller Sukses 9591;Yogyakarta;05/02/2023
SEL-09593;Toko Seller Sukses 9592;Medan;24/05/2023
SEL-09594;Toko Seller Sukses 9593;Sidoarjo;16/09/2022
SEL-09595;Toko Seller Sukses 9594;Yogyakarta;03/11/2022
SEL-09596;Toko Seller Sukses 9595;Surabaya;19/03/2023
SEL-09597;Toko Seller Sukses 9596;Jakarta Pusat;22/09/2022
SEL-09598;Toko Seller Sukses 9597;Yogyakarta;03/09/2021
SEL-09599;Toko Seller Sukses 9598;Bandung;23/03/2023
SEL-09600;Toko Seller Sukses 9599;Jakarta Pusat;11/03/2023
SEL-09601;Toko Seller Sukses 9600;Jakarta Pusat;13/11/2022
SEL-09602;Toko Seller Sukses 9601;Jakarta Selatan;14/10/2022
SEL-09603;Toko Seller Sukses 9602;Makassar;25/12/2021
SEL-09604;Toko Seller Sukses 9603;Makassar;06/06/2023
SEL-09605;Toko Seller Sukses 9604;Makassar;12/04/2023
SEL-09606;Toko Seller Sukses 9605;Medan;04/02/2023
SEL-09607;Toko Seller Sukses 9606;Cimahi;01/06/2021
SEL-09608;Toko Seller Sukses 9607;Jakarta Pusat;23/03/2023
SEL-09609;Toko Seller Sukses 9608;Makassar;26/07/2021
SEL-09610;Toko Seller Sukses 9609;Yogyakarta;27/06/2021
SEL-09611;Toko Seller Sukses 9610;Medan;10/09/2021
SEL-09612;Toko Seller Sukses 9611;Jakarta Pusat;05/06/2021
SEL-09613;Toko Seller Sukses 9612;Sidoarjo;07/08/2021
SEL-09614;Toko Seller Sukses 9613;Jakarta Pusat;22/11/2022
SEL-09615;Toko Seller Sukses 9614;Jakarta Pusat;15/12/2021
SEL-09616;Toko Seller Sukses 9615;Makassar;02/11/2022
SEL-09617;Toko Seller Sukses 9616;Makassar;30/12/2021
SEL-09618;Toko Seller Sukses 9617;Surabaya;06/06/2022
SEL-09619;Toko Seller Sukses 9618;Medan;27/09/2022
SEL-09620;Toko Seller Sukses 9619;Sidoarjo;01/11/2021
SEL-09621;Toko Seller Sukses 9620;Surabaya;10/04/2022
SEL-09622;Toko Seller Sukses 9621;Sidoarjo;26/08/2022
SEL-09623;Toko Seller Sukses 9622;Bandung;30/09/2021
SEL-09624;Toko Seller Sukses 9623;Sidoarjo;10/03/2022
SEL-09625;Toko Seller Sukses 9624;Jakarta Pusat;29/08/2022
SEL-09626;Toko Seller Sukses 9625;Yogyakarta;10/05/2023
SEL-09627;Toko Seller Sukses 9626;Sidoarjo;24/02/2023
SEL-09628;Toko Seller Sukses 9627;Medan;24/11/2022
SEL-09629;Toko Seller Sukses 9628;Surabaya;28/07/2021
SEL-09630;Toko Seller Sukses 9629;Jakarta Selatan;22/12/2022
SEL-09631;Toko Seller Sukses 9630;Sidoarjo;14/05/2021
SEL-09632;Toko Seller Sukses 9631;Bandung;10/10/2022
SEL-09633;Toko Seller Sukses 9632;Bandung;03/05/2023
SEL-09634;Toko Seller Sukses 9633;Sidoarjo;15/08/2021
SEL-09635;Toko Seller Sukses 9634;Jakarta Pusat;19/12/2022
SEL-09636;Toko Seller Sukses 9635;Makassar;27/03/2023
SEL-09637;Toko Seller Sukses 9636;Makassar;06/01/2022
SEL-09638;Toko Seller Sukses 9637;Bandung;23/09/2021
SEL-09639;Toko Seller Sukses 9638;Jakarta Selatan;30/05/2021
SEL-09640;Toko Seller Sukses 9639;Jakarta Pusat;23/11/2022
SEL-09641;Toko Seller Sukses 9640;Jakarta Pusat;10/04/2023
SEL-09642;Toko Seller Sukses 9641;Jakarta Selatan;04/12/2021
SEL-09643;Toko Seller Sukses 9642;Jakarta Selatan;29/03/2023
SEL-09644;Toko Seller Sukses 9643;Bandung;27/01/2022
SEL-09645;Toko Seller Sukses 9644;Sidoarjo;18/12/2021
SEL-09646;Toko Seller Sukses 9645;Cimahi;25/08/2022
SEL-09647;Toko Seller Sukses 9646;Jakarta Selatan;03/08/2022
SEL-09648;Toko Seller Sukses 9647;Cimahi;13/04/2022
SEL-09649;Toko Seller Sukses 9648;Sidoarjo;10/05/2021
SEL-09650;Toko Seller Sukses 9649;Yogyakarta;12/04/2022
SEL-09651;Toko Seller Sukses 9650;Cimahi;28/09/2022
SEL-09652;Toko Seller Sukses 9651;Jakarta Pusat;25/06/2022
SEL-09653;Toko Seller Sukses 9652;Sidoarjo;10/01/2022
SEL-09654;Toko Seller Sukses 9653;Surabaya;11/07/2021
SEL-09655;Toko Seller Sukses 9654;Yogyakarta;22/09/2022
SEL-09656;Toko Seller Sukses 9655;Yogyakarta;10/06/2021
SEL-09657;Toko Seller Sukses 9656;Bandung;07/08/2021
SEL-09658;Toko Seller Sukses 9657;Sidoarjo;29/06/2022
SEL-09659;Toko Seller Sukses 9658;Surabaya;20/08/2022
SEL-09660;Toko Seller Sukses 9659;Sidoarjo;23/02/2022
SEL-09661;Toko Seller Sukses 9660;Makassar;20/04/2023
SEL-09662;Toko Seller Sukses 9661;Makassar;22/07/2021
SEL-09663;Toko Seller Sukses 9662;Surabaya;08/10/2021
SEL-09664;Toko Seller Sukses 9663;Jakarta Pusat;22/07/2022
SEL-09665;Toko Seller Sukses 9664;Yogyakarta;29/08/2021
SEL-09666;Toko Seller Sukses 9665;Medan;13/12/2021
SEL-09667;Toko Seller Sukses 9666;Surabaya;01/05/2023
SEL-09668;Toko Seller Sukses 9667;Jakarta Pusat;11/12/2022
SEL-09669;Toko Seller Sukses 9668;Surabaya;25/03/2022
SEL-09670;Toko Seller Sukses 9669;Medan;04/10/2021
SEL-09671;Toko Seller Sukses 9670;Cimahi;26/06/2021
SEL-09672;Toko Seller Sukses 9671;Yogyakarta;01/12/2022
SEL-09673;Toko Seller Sukses 9672;Sidoarjo;19/01/2023
SEL-09674;Toko Seller Sukses 9673;Cimahi;10/05/2021
SEL-09675;Toko Seller Sukses 9674;Cimahi;20/05/2022
SEL-09676;Toko Seller Sukses 9675;Yogyakarta;24/06/2022
SEL-09677;Toko Seller Sukses 9676;Surabaya;15/08/2022
SEL-09678;Toko Seller Sukses 9677;Bandung;26/10/2022
SEL-09679;Toko Seller Sukses 9678;Sidoarjo;27/06/2021
SEL-09680;Toko Seller Sukses 9679;Jakarta Selatan;31/10/2022
SEL-09681;Toko Seller Sukses 9680;Jakarta Pusat;14/10/2021
SEL-09682;Toko Seller Sukses 9681;Sidoarjo;22/02/2022
SEL-09683;Toko Seller Sukses 9682;Jakarta Selatan;26/05/2023
SEL-09684;Toko Seller Sukses 9683;Cimahi;21/10/2022
SEL-09685;Toko Seller Sukses 9684;Yogyakarta;28/09/2022
SEL-09686;Toko Seller Sukses 9685;Sidoarjo;13/08/2022
SEL-09687;Toko Seller Sukses 9686;Medan;13/02/2023
SEL-09688;Toko Seller Sukses 9687;Jakarta Selatan;16/04/2023
SEL-09689;Toko Seller Sukses 9688;Makassar;22/04/2023
SEL-09690;Toko Seller Sukses 9689;Cimahi;11/11/2021
SEL-09691;Toko Seller Sukses 9690;Jakarta Selatan;28/11/2022
SEL-09692;Toko Seller Sukses 9691;Sidoarjo;24/06/2022
SEL-09693;Toko Seller Sukses 9692;Cimahi;14/08/2022
SEL-09694;Toko Seller Sukses 9693;Cimahi;22/10/2021
SEL-09695;Toko Seller Sukses 9694;Jakarta Pusat;22/02/2022
SEL-09696;Toko Seller Sukses 9695;Surabaya;21/05/2022
SEL-09697;Toko Seller Sukses 9696;Jakarta Pusat;14/05/2022
SEL-09698;Toko Seller Sukses 9697;Jakarta Selatan;14/10/2021
SEL-09699;Toko Seller Sukses 9698;Medan;24/07/2022
SEL-09700;Toko Seller Sukses 9699;Cimahi;25/10/2021
SEL-09701;Toko Seller Sukses 9700;Surabaya;24/12/2022
SEL-09702;Toko Seller Sukses 9701;Yogyakarta;27/09/2021
SEL-09703;Toko Seller Sukses 9702;Jakarta Selatan;05/05/2021
SEL-09704;Toko Seller Sukses 9703;Sidoarjo;01/06/2023
SEL-09705;Toko Seller Sukses 9704;Makassar;05/12/2022
SEL-09706;Toko Seller Sukses 9705;Yogyakarta;30/03/2023
SEL-09707;Toko Seller Sukses 9706;Jakarta Pusat;06/06/2023
SEL-09708;Toko Seller Sukses 9707;Makassar;10/05/2023
SEL-09709;Toko Seller Sukses 9708;Medan;23/12/2021
SEL-09710;Toko Seller Sukses 9709;Cimahi;22/05/2021
SEL-09711;Toko Seller Sukses 9710;Yogyakarta;18/09/2022
SEL-09712;Toko Seller Sukses 9711;Jakarta Selatan;24/05/2021
SEL-09713;Toko Seller Sukses 9712;Cimahi;01/06/2022
SEL-09714;Toko Seller Sukses 9713;Jakarta Selatan;01/09/2021
SEL-09715;Toko Seller Sukses 9714;Sidoarjo;29/11/2022
SEL-09716;Toko Seller Sukses 9715;Medan;16/04/2022
SEL-09717;Toko Seller Sukses 9716;Cimahi;10/09/2022
SEL-09718;Toko Seller Sukses 9717;Medan;11/12/2021
SEL-09719;Toko Seller Sukses 9718;Jakarta Pusat;01/07/2022
SEL-09720;Toko Seller Sukses 9719;Jakarta Pusat;22/06/2021
SEL-09721;Toko Seller Sukses 9720;Jakarta Pusat;08/02/2022
SEL-09722;Toko Seller Sukses 9721;Cimahi;14/01/2022
SEL-09723;Toko Seller Sukses 9722;Sidoarjo;17/05/2021
SEL-09724;Toko Seller Sukses 9723;Jakarta Pusat;31/01/2023
SEL-09725;Toko Seller Sukses 9724;Jakarta Pusat;20/04/2022
SEL-09726;Toko Seller Sukses 9725;Yogyakarta;08/06/2022
SEL-09727;Toko Seller Sukses 9726;Surabaya;05/08/2021
SEL-09728;Toko Seller Sukses 9727;Jakarta Selatan;10/05/2023
SEL-09729;Toko Seller Sukses 9728;Jakarta Pusat;28/11/2021
SEL-09730;Toko Seller Sukses 9729;Jakarta Selatan;15/08/2021
SEL-09731;Toko Seller Sukses 9730;Sidoarjo;17/07/2022
SEL-09732;Toko Seller Sukses 9731;Makassar;03/12/2022
SEL-09733;Toko Seller Sukses 9732;Jakarta Pusat;17/09/2021
SEL-09734;Toko Seller Sukses 9733;Jakarta Pusat;02/11/2022
SEL-09735;Toko Seller Sukses 9734;Medan;28/09/2021
SEL-09736;Toko Seller Sukses 9735;Sidoarjo;02/06/2023
SEL-09737;Toko Seller Sukses 9736;Jakarta Pusat;22/05/2022
SEL-09738;Toko Seller Sukses 9737;Yogyakarta;26/09/2021
SEL-09739;Toko Seller Sukses 9738;Sidoarjo;02/02/2022
SEL-09740;Toko Seller Sukses 9739;Medan;20/04/2022
SEL-09741;Toko Seller Sukses 9740;Cimahi;20/01/2023
SEL-09742;Toko Seller Sukses 9741;Medan;19/10/2022
SEL-09743;Toko Seller Sukses 9742;Cimahi;09/03/2023
SEL-09744;Toko Seller Sukses 9743;Surabaya;26/08/2022
SEL-09745;Toko Seller Sukses 9744;Bandung;19/06/2022
SEL-09746;Toko Seller Sukses 9745;Surabaya;17/09/2021
SEL-09747;Toko Seller Sukses 9746;Jakarta Selatan;17/04/2023
SEL-09748;Toko Seller Sukses 9747;Makassar;01/02/2022
SEL-09749;Toko Seller Sukses 9748;Sidoarjo;10/05/2023
SEL-09750;Toko Seller Sukses 9749;Yogyakarta;14/01/2023
SEL-09751;Toko Seller Sukses 9750;Sidoarjo;11/05/2021
SEL-09752;Toko Seller Sukses 9751;Sidoarjo;29/03/2023
SEL-09753;Toko Seller Sukses 9752;Medan;29/08/2021
SEL-09754;Toko Seller Sukses 9753;Cimahi;09/05/2023
SEL-09755;Toko Seller Sukses 9754;Yogyakarta;12/09/2022
SEL-09756;Toko Seller Sukses 9755;Makassar;02/03/2023
SEL-09757;Toko Seller Sukses 9756;Sidoarjo;28/05/2022
SEL-09758;Toko Seller Sukses 9757;Surabaya;28/12/2021
SEL-09759;Toko Seller Sukses 9758;Medan;12/10/2021
SEL-09760;Toko Seller Sukses 9759;Bandung;09/04/2023
SEL-09761;Toko Seller Sukses 9760;Sidoarjo;23/05/2022
SEL-09762;Toko Seller Sukses 9761;Cimahi;27/06/2022
SEL-09763;Toko Seller Sukses 9762;Medan;22/07/2021
SEL-09764;Toko Seller Sukses 9763;Sidoarjo;21/02/2023
SEL-09765;Toko Seller Sukses 9764;Jakarta Selatan;29/04/2023
SEL-09766;Toko Seller Sukses 9765;Sidoarjo;20/01/2022
SEL-09767;Toko Seller Sukses 9766;Jakarta Pusat;10/10/2022
SEL-09768;Toko Seller Sukses 9767;Yogyakarta;25/02/2022
SEL-09769;Toko Seller Sukses 9768;Jakarta Pusat;09/06/2022
SEL-09770;Toko Seller Sukses 9769;Jakarta Pusat;16/07/2022
SEL-09771;Toko Seller Sukses 9770;Makassar;20/02/2022
SEL-09772;Toko Seller Sukses 9771;Medan;15/04/2022
SEL-09773;Toko Seller Sukses 9772;Jakarta Pusat;27/01/2022
SEL-09774;Toko Seller Sukses 9773;Cimahi;06/06/2023
SEL-09775;Toko Seller Sukses 9774;Sidoarjo;28/05/2021
SEL-09776;Toko Seller Sukses 9775;Surabaya;31/10/2022
SEL-09777;Toko Seller Sukses 9776;Jakarta Selatan;22/06/2021
SEL-09778;Toko Seller Sukses 9777;Bandung;20/05/2022
SEL-09779;Toko Seller Sukses 9778;Cimahi;07/10/2022
SEL-09780;Toko Seller Sukses 9779;Surabaya;26/03/2022
SEL-09781;Toko Seller Sukses 9780;Makassar;04/04/2022
SEL-09782;Toko Seller Sukses 9781;Yogyakarta;21/04/2023
SEL-09783;Toko Seller Sukses 9782;Sidoarjo;06/12/2022
SEL-09784;Toko Seller Sukses 9783;Surabaya;16/11/2021
SEL-09785;Toko Seller Sukses 9784;Bandung;12/12/2022
SEL-09786;Toko Seller Sukses 9785;Sidoarjo;27/01/2023
SEL-09787;Toko Seller Sukses 9786;Jakarta Selatan;13/09/2022
SEL-09788;Toko Seller Sukses 9787;Makassar;05/01/2023
SEL-09789;Toko Seller Sukses 9788;Jakarta Selatan;29/04/2022
SEL-09790;Toko Seller Sukses 9789;Jakarta Selatan;12/12/2022
SEL-09791;Toko Seller Sukses 9790;Bandung;24/05/2023
SEL-09792;Toko Seller Sukses 9791;Surabaya;15/11/2021
SEL-09793;Toko Seller Sukses 9792;Medan;20/05/2022
SEL-09794;Toko Seller Sukses 9793;Yogyakarta;27/07/2022
SEL-09795;Toko Seller Sukses 9794;Bandung;23/10/2022
SEL-09796;Toko Seller Sukses 9795;Sidoarjo;09/04/2023
SEL-09797;Toko Seller Sukses 9796;Jakarta Pusat;16/07/2022
SEL-09798;Toko Seller Sukses 9797;Makassar;30/05/2021
SEL-09799;Toko Seller Sukses 9798;Jakarta Pusat;08/07/2022
SEL-09800;Toko Seller Sukses 9799;Bandung;24/11/2021
SEL-09801;Toko Seller Sukses 9800;Makassar;21/12/2021
SEL-09802;Toko Seller Sukses 9801;Sidoarjo;11/05/2021
SEL-09803;Toko Seller Sukses 9802;Medan;25/09/2021
SEL-09804;Toko Seller Sukses 9803;Jakarta Pusat;20/06/2022
SEL-09805;Toko Seller Sukses 9804;Sidoarjo;15/08/2022
SEL-09806;Toko Seller Sukses 9805;Yogyakarta;02/05/2023
SEL-09807;Toko Seller Sukses 9806;Jakarta Pusat;25/07/2022
SEL-09808;Toko Seller Sukses 9807;Medan;01/06/2022
SEL-09809;Toko Seller Sukses 9808;Surabaya;15/07/2022
SEL-09810;Toko Seller Sukses 9809;Cimahi;13/03/2022
SEL-09811;Toko Seller Sukses 9810;Yogyakarta;18/09/2021
SEL-09812;Toko Seller Sukses 9811;Yogyakarta;07/04/2022
SEL-09813;Toko Seller Sukses 9812;Jakarta Pusat;24/02/2023
SEL-09814;Toko Seller Sukses 9813;Medan;15/03/2023
SEL-09815;Toko Seller Sukses 9814;Bandung;09/05/2021
SEL-09816;Toko Seller Sukses 9815;Jakarta Pusat;19/07/2021
SEL-09817;Toko Seller Sukses 9816;Cimahi;23/06/2021
SEL-09818;Toko Seller Sukses 9817;Cimahi;27/06/2023
SEL-09819;Toko Seller Sukses 9818;Cimahi;21/10/2021
SEL-09820;Toko Seller Sukses 9819;Yogyakarta;17/01/2022
SEL-09821;Toko Seller Sukses 9820;Yogyakarta;09/12/2021
SEL-09822;Toko Seller Sukses 9821;Surabaya;10/07/2021
SEL-09823;Toko Seller Sukses 9822;Surabaya;24/08/2021
SEL-09824;Toko Seller Sukses 9823;Surabaya;21/11/2021
SEL-09825;Toko Seller Sukses 9824;Makassar;12/01/2023
SEL-09826;Toko Seller Sukses 9825;Jakarta Selatan;10/07/2021
SEL-09827;Toko Seller Sukses 9826;Jakarta Pusat;07/08/2022
SEL-09828;Toko Seller Sukses 9827;Cimahi;25/07/2022
SEL-09829;Toko Seller Sukses 9828;Medan;24/02/2023
SEL-09830;Toko Seller Sukses 9829;Yogyakarta;01/12/2022
SEL-09831;Toko Seller Sukses 9830;Yogyakarta;20/01/2022
SEL-09832;Toko Seller Sukses 9831;Yogyakarta;09/08/2021
SEL-09833;Toko Seller Sukses 9832;Makassar;09/08/2021
SEL-09834;Toko Seller Sukses 9833;Sidoarjo;30/06/2023
SEL-09835;Toko Seller Sukses 9834;Surabaya;31/12/2022
SEL-09836;Toko Seller Sukses 9835;Sidoarjo;20/02/2023
SEL-09837;Toko Seller Sukses 9836;Sidoarjo;24/06/2021
SEL-09838;Toko Seller Sukses 9837;Cimahi;07/07/2021
SEL-09839;Toko Seller Sukses 9838;Yogyakarta;16/07/2022
SEL-09840;Toko Seller Sukses 9839;Jakarta Pusat;03/04/2023
SEL-09841;Toko Seller Sukses 9840;Makassar;18/06/2021
SEL-09842;Toko Seller Sukses 9841;Medan;13/04/2022
SEL-09843;Toko Seller Sukses 9842;Jakarta Pusat;27/07/2022
SEL-09844;Toko Seller Sukses 9843;Medan;28/05/2022
SEL-09845;Toko Seller Sukses 9844;Bandung;23/02/2023
SEL-09846;Toko Seller Sukses 9845;Jakarta Pusat;15/08/2022
SEL-09847;Toko Seller Sukses 9846;Sidoarjo;13/06/2023
SEL-09848;Toko Seller Sukses 9847;Bandung;04/06/2021
SEL-09849;Toko Seller Sukses 9848;Yogyakarta;04/03/2022
SEL-09850;Toko Seller Sukses 9849;Medan;06/04/2023
SEL-09851;Toko Seller Sukses 9850;Makassar;11/01/2022
SEL-09852;Toko Seller Sukses 9851;Cimahi;30/05/2022
SEL-09853;Toko Seller Sukses 9852;Bandung;13/10/2022
SEL-09854;Toko Seller Sukses 9853;Yogyakarta;12/10/2022
SEL-09855;Toko Seller Sukses 9854;Makassar;02/11/2021
SEL-09856;Toko Seller Sukses 9855;Bandung;07/09/2021
SEL-09857;Toko Seller Sukses 9856;Bandung;09/01/2022
SEL-09858;Toko Seller Sukses 9857;Yogyakarta;04/05/2022
SEL-09859;Toko Seller Sukses 9858;Jakarta Pusat;06/01/2022
SEL-09860;Toko Seller Sukses 9859;Sidoarjo;19/04/2022
SEL-09861;Toko Seller Sukses 9860;Makassar;04/05/2021
SEL-09862;Toko Seller Sukses 9861;Makassar;24/03/2022
SEL-09863;Toko Seller Sukses 9862;Cimahi;19/11/2021
SEL-09864;Toko Seller Sukses 9863;Makassar;20/05/2022
SEL-09865;Toko Seller Sukses 9864;Medan;26/10/2022
SEL-09866;Toko Seller Sukses 9865;Medan;24/04/2023
SEL-09867;Toko Seller Sukses 9866;Surabaya;08/10/2022
SEL-09868;Toko Seller Sukses 9867;Yogyakarta;28/12/2021
SEL-09869;Toko Seller Sukses 9868;Yogyakarta;14/03/2023
SEL-09870;Toko Seller Sukses 9869;Yogyakarta;27/08/2022
SEL-09871;Toko Seller Sukses 9870;Cimahi;09/02/2022
SEL-09872;Toko Seller Sukses 9871;Yogyakarta;25/09/2022
SEL-09873;Toko Seller Sukses 9872;Medan;23/07/2022
SEL-09874;Toko Seller Sukses 9873;Jakarta Selatan;11/12/2021
SEL-09875;Toko Seller Sukses 9874;Cimahi;06/07/2022
SEL-09876;Toko Seller Sukses 9875;Jakarta Selatan;31/10/2022
SEL-09877;Toko Seller Sukses 9876;Yogyakarta;22/10/2021
SEL-09878;Toko Seller Sukses 9877;Jakarta Selatan;09/04/2022
SEL-09879;Toko Seller Sukses 9878;Surabaya;16/05/2021
SEL-09880;Toko Seller Sukses 9879;Jakarta Selatan;17/06/2023
SEL-09881;Toko Seller Sukses 9880;Sidoarjo;07/06/2023
SEL-09882;Toko Seller Sukses 9881;Jakarta Selatan;21/07/2022
SEL-09883;Toko Seller Sukses 9882;Yogyakarta;11/02/2022
SEL-09884;Toko Seller Sukses 9883;Yogyakarta;28/03/2023
SEL-09885;Toko Seller Sukses 9884;Medan;14/07/2021
SEL-09886;Toko Seller Sukses 9885;Medan;09/01/2022
SEL-09887;Toko Seller Sukses 9886;Makassar;27/07/2021
SEL-09888;Toko Seller Sukses 9887;Jakarta Selatan;19/07/2022
SEL-09889;Toko Seller Sukses 9888;Bandung;05/12/2022
SEL-09890;Toko Seller Sukses 9889;Surabaya;20/06/2021
SEL-09891;Toko Seller Sukses 9890;Sidoarjo;11/08/2022
SEL-09892;Toko Seller Sukses 9891;Medan;27/11/2021
SEL-09893;Toko Seller Sukses 9892;Jakarta Selatan;14/06/2023
SEL-09894;Toko Seller Sukses 9893;Jakarta Pusat;03/03/2023
SEL-09895;Toko Seller Sukses 9894;Jakarta Selatan;17/05/2023
SEL-09896;Toko Seller Sukses 9895;Sidoarjo;18/11/2022
SEL-09897;Toko Seller Sukses 9896;Jakarta Pusat;02/03/2022
SEL-09898;Toko Seller Sukses 9897;Jakarta Pusat;07/08/2022
SEL-09899;Toko Seller Sukses 9898;Cimahi;10/04/2022
SEL-09900;Toko Seller Sukses 9899;Surabaya;25/03/2023
SEL-09901;Toko Seller Sukses 9900;Sidoarjo;29/09/2021
SEL-09902;Toko Seller Sukses 9901;Jakarta Pusat;19/12/2021
SEL-09903;Toko Seller Sukses 9902;Cimahi;20/11/2022
SEL-09904;Toko Seller Sukses 9903;Medan;16/07/2021
SEL-09905;Toko Seller Sukses 9904;Bandung;11/06/2022
SEL-09906;Toko Seller Sukses 9905;Yogyakarta;02/01/2022
SEL-09907;Toko Seller Sukses 9906;Jakarta Pusat;06/12/2022
SEL-09908;Toko Seller Sukses 9907;Bandung;21/06/2021
SEL-09909;Toko Seller Sukses 9908;Bandung;09/05/2023
SEL-09910;Toko Seller Sukses 9909;Sidoarjo;20/02/2023
SEL-09911;Toko Seller Sukses 9910;Surabaya;12/04/2023
SEL-09912;Toko Seller Sukses 9911;Bandung;31/05/2023
SEL-09913;Toko Seller Sukses 9912;Jakarta Pusat;05/10/2022
SEL-09914;Toko Seller Sukses 9913;Makassar;01/09/2021
SEL-09915;Toko Seller Sukses 9914;Surabaya;01/06/2022
SEL-09916;Toko Seller Sukses 9915;Medan;10/09/2022
SEL-09917;Toko Seller Sukses 9916;Yogyakarta;27/06/2023
SEL-09918;Toko Seller Sukses 9917;Cimahi;01/03/2022
SEL-09919;Toko Seller Sukses 9918;Bandung;28/03/2022
SEL-09920;Toko Seller Sukses 9919;Medan;14/01/2023
SEL-09921;Toko Seller Sukses 9920;Sidoarjo;08/05/2022
SEL-09922;Toko Seller Sukses 9921;Medan;11/12/2022
SEL-09923;Toko Seller Sukses 9922;Yogyakarta;07/09/2021
SEL-09924;Toko Seller Sukses 9923;Sidoarjo;04/09/2022
SEL-09925;Toko Seller Sukses 9924;Jakarta Selatan;12/05/2023
SEL-09926;Toko Seller Sukses 9925;Jakarta Pusat;19/01/2023
SEL-09927;Toko Seller Sukses 9926;Medan;28/08/2022
SEL-09928;Toko Seller Sukses 9927;Makassar;21/05/2021
SEL-09929;Toko Seller Sukses 9928;Jakarta Selatan;02/07/2022
SEL-09930;Toko Seller Sukses 9929;Surabaya;17/05/2021
SEL-09931;Toko Seller Sukses 9930;Bandung;11/07/2021
SEL-09932;Toko Seller Sukses 9931;Makassar;17/06/2021
SEL-09933;Toko Seller Sukses 9932;Makassar;19/06/2023
SEL-09934;Toko Seller Sukses 9933;Medan;04/04/2023
SEL-09935;Toko Seller Sukses 9934;Bandung;22/10/2021
SEL-09936;Toko Seller Sukses 9935;Sidoarjo;04/05/2023
SEL-09937;Toko Seller Sukses 9936;Medan;15/04/2023
SEL-09938;Toko Seller Sukses 9937;Medan;03/03/2023
SEL-09939;Toko Seller Sukses 9938;Medan;18/11/2022
SEL-09940;Toko Seller Sukses 9939;Jakarta Selatan;25/03/2023
SEL-09941;Toko Seller Sukses 9940;Medan;09/08/2021
SEL-09942;Toko Seller Sukses 9941;Jakarta Selatan;02/08/2021
SEL-09943;Toko Seller Sukses 9942;Yogyakarta;08/08/2022
SEL-09944;Toko Seller Sukses 9943;Makassar;28/08/2022
SEL-09945;Toko Seller Sukses 9944;Cimahi;12/08/2021
SEL-09946;Toko Seller Sukses 9945;Sidoarjo;08/06/2022
SEL-09947;Toko Seller Sukses 9946;Medan;06/07/2023
SEL-09948;Toko Seller Sukses 9947;Bandung;05/07/2022
SEL-09949;Toko Seller Sukses 9948;Medan;14/07/2021
SEL-09950;Toko Seller Sukses 9949;Yogyakarta;01/01/2023
SEL-09951;Toko Seller Sukses 9950;Jakarta Pusat;18/06/2021
SEL-09952;Toko Seller Sukses 9951;Sidoarjo;22/06/2021
SEL-09953;Toko Seller Sukses 9952;Makassar;14/02/2022
SEL-09954;Toko Seller Sukses 9953;Makassar;23/07/2022
SEL-09955;Toko Seller Sukses 9954;Jakarta Pusat;09/03/2022
SEL-09956;Toko Seller Sukses 9955;Jakarta Pusat;14/11/2022
SEL-09957;Toko Seller Sukses 9956;Jakarta Pusat;15/02/2022
SEL-09958;Toko Seller Sukses 9957;Jakarta Selatan;25/11/2022
SEL-09959;Toko Seller Sukses 9958;Surabaya;26/07/2021
SEL-09960;Toko Seller Sukses 9959;Jakarta Pusat;22/09/2022
SEL-09961;Toko Seller Sukses 9960;Cimahi;07/01/2023
SEL-09962;Toko Seller Sukses 9961;Cimahi;04/08/2022
SEL-09963;Toko Seller Sukses 9962;Cimahi;01/05/2021
SEL-09964;Toko Seller Sukses 9963;Medan;14/05/2022
SEL-09965;Toko Seller Sukses 9964;Sidoarjo;10/05/2021
SEL-09966;Toko Seller Sukses 9965;Yogyakarta;09/02/2023
SEL-09967;Toko Seller Sukses 9966;Sidoarjo;24/05/2023
SEL-09968;Toko Seller Sukses 9967;Cimahi;01/05/2022
SEL-09969;Toko Seller Sukses 9968;Surabaya;19/06/2023
SEL-09970;Toko Seller Sukses 9969;Surabaya;22/12/2022
SEL-09971;Toko Seller Sukses 9970;Sidoarjo;23/09/2022
SEL-09972;Toko Seller Sukses 9971;Cimahi;21/10/2021
SEL-09973;Toko Seller Sukses 9972;Makassar;12/12/2021
SEL-09974;Toko Seller Sukses 9973;Surabaya;28/04/2023
SEL-09975;Toko Seller Sukses 9974;Yogyakarta;28/10/2021
SEL-09976;Toko Seller Sukses 9975;Medan;25/04/2022
SEL-09977;Toko Seller Sukses 9976;Jakarta Selatan;17/06/2021
SEL-09978;Toko Seller Sukses 9977;Cimahi;17/12/2022
SEL-09979;Toko Seller Sukses 9978;Medan;18/01/2022
SEL-09980;Toko Seller Sukses 9979;Cimahi;08/09/2021
SEL-09981;Toko Seller Sukses 9980;Sidoarjo;28/12/2021
SEL-09982;Toko Seller Sukses 9981;Sidoarjo;12/09/2021
SEL-09983;Toko Seller Sukses 9982;Jakarta Pusat;19/04/2022
SEL-09984;Toko Seller Sukses 9983;Jakarta Selatan;19/11/2022
SEL-09985;Toko Seller Sukses 9984;Jakarta Pusat;24/09/2022
SEL-09986;Toko Seller Sukses 9985;Yogyakarta;14/07/2021
SEL-09987;Toko Seller Sukses 9986;Medan;25/03/2022
SEL-09988;Toko Seller Sukses 9987;Jakarta Selatan;11/08/2022
SEL-09989;Toko Seller Sukses 9988;Sidoarjo;23/02/2022
SEL-09990;Toko Seller Sukses 9989;Yogyakarta;11/06/2021
SEL-09991;Toko Seller Sukses 9990;Yogyakarta;07/05/2023
SEL-09992;Toko Seller Sukses 9991;Surabaya;23/05/2021
SEL-09993;Toko Seller Sukses 9992;Jakarta Selatan;26/12/2021
SEL-09994;Toko Seller Sukses 9993;Jakarta Pusat;19/06/2021
SEL-09995;Toko Seller Sukses 9994;Jakarta Pusat;14/02/2022
SEL-09996;Toko Seller Sukses 9995;Cimahi;01/12/2022
SEL-09997;Toko Seller Sukses 9996;Bandung;18/06/2023
SEL-09998;Toko Seller Sukses 9997;Jakarta Pusat;09/01/2022
SEL-09999;Toko Seller Sukses 9998;Sidoarjo;24/12/2022
SEL-10000;Toko Seller Sukses 9999;Sidoarjo;08/06/2023
SEL-10001;Toko Seller Sukses 10000;Jakarta Pusat;09/06/2021
SEL-10002;Toko Seller Sukses 10001;Jakarta Selatan;14/12/2022
SEL-10003;Toko Seller Sukses 10002;Cimahi;16/05/2022
SEL-10004;Toko Seller Sukses 10003;Sidoarjo;10/03/2023
SEL-10005;Toko Seller Sukses 10004;Medan;03/09/2021
SEL-10006;Toko Seller Sukses 10005;Jakarta Selatan;01/08/2022
SEL-10007;Toko Seller Sukses 10006;Jakarta Selatan;10/08/2022
SEL-10008;Toko Seller Sukses 10007;Makassar;08/04/2023
SEL-10009;Toko Seller Sukses 10008;Cimahi;13/09/2022
SEL-10010;Toko Seller Sukses 10009;Surabaya;27/11/2022
SEL-10011;Toko Seller Sukses 10010;Medan;17/08/2022
SEL-10012;Toko Seller Sukses 10011;Jakarta Pusat;23/05/2021
SEL-10013;Toko Seller Sukses 10012;Yogyakarta;12/12/2022
SEL-10014;Toko Seller Sukses 10013;Makassar;11/09/2022
SEL-10015;Toko Seller Sukses 10014;Makassar;29/11/2021
SEL-10016;Toko Seller Sukses 10015;Yogyakarta;29/06/2023
SEL-10017;Toko Seller Sukses 10016;Surabaya;12/06/2023
SEL-10018;Toko Seller Sukses 10017;Sidoarjo;07/05/2022
SEL-10019;Toko Seller Sukses 10018;Surabaya;15/01/2022
SEL-10020;Toko Seller Sukses 10019;Surabaya;22/01/2022
SEL-10021;Toko Seller Sukses 10020;Cimahi;21/04/2022
SEL-10022;Toko Seller Sukses 10021;Medan;27/05/2021
SEL-10023;Toko Seller Sukses 10022;Jakarta Pusat;07/04/2023
SEL-10024;Toko Seller Sukses 10023;Jakarta Pusat;28/10/2021
SEL-10025;Toko Seller Sukses 10024;Jakarta Selatan;19/04/2023
SEL-10026;Toko Seller Sukses 10025;Yogyakarta;07/07/2022
SEL-10027;Toko Seller Sukses 10026;Surabaya;20/10/2021
SEL-10028;Toko Seller Sukses 10027;Sidoarjo;16/06/2023
SEL-10029;Toko Seller Sukses 10028;Medan;20/10/2021
SEL-10030;Toko Seller Sukses 10029;Bandung;04/07/2021
SEL-10031;Toko Seller Sukses 10030;Medan;17/01/2023
SEL-10032;Toko Seller Sukses 10031;Cimahi;20/02/2022
SEL-10033;Toko Seller Sukses 10032;Cimahi;07/10/2021
SEL-10034;Toko Seller Sukses 10033;Jakarta Selatan;16/07/2022
SEL-10035;Toko Seller Sukses 10034;Yogyakarta;03/03/2023
SEL-10036;Toko Seller Sukses 10035;Surabaya;25/03/2023
SEL-10037;Toko Seller Sukses 10036;Cimahi;10/05/2021
SEL-10038;Toko Seller Sukses 10037;Surabaya;25/07/2022
SEL-10039;Toko Seller Sukses 10038;Yogyakarta;26/10/2022
SEL-10040;Toko Seller Sukses 10039;Sidoarjo;10/05/2022
SEL-10041;Toko Seller Sukses 10040;Jakarta Selatan;05/07/2022
SEL-10042;Toko Seller Sukses 10041;Makassar;11/10/2021
SEL-10043;Toko Seller Sukses 10042;Bandung;21/06/2023
SEL-10044;Toko Seller Sukses 10043;Jakarta Selatan;07/10/2021
SEL-10045;Toko Seller Sukses 10044;Makassar;18/06/2023
SEL-10046;Toko Seller Sukses 10045;Makassar;10/09/2021
SEL-10047;Toko Seller Sukses 10046;Surabaya;14/05/2022
SEL-10048;Toko Seller Sukses 10047;Surabaya;02/08/2021
SEL-10049;Toko Seller Sukses 10048;Medan;14/05/2021
SEL-10050;Toko Seller Sukses 10049;Surabaya;07/10/2022
SEL-10051;Toko Seller Sukses 10050;Yogyakarta;13/03/2023
SEL-10052;Toko Seller Sukses 10051;Sidoarjo;11/05/2023
SEL-10053;Toko Seller Sukses 10052;Bandung;20/11/2022
SEL-10054;Toko Seller Sukses 10053;Surabaya;03/07/2022
SEL-10055;Toko Seller Sukses 10054;Jakarta Pusat;24/03/2023
SEL-10056;Toko Seller Sukses 10055;Jakarta Pusat;27/06/2021
SEL-10057;Toko Seller Sukses 10056;Bandung;12/02/2023
SEL-10058;Toko Seller Sukses 10057;Sidoarjo;03/06/2023
SEL-10059;Toko Seller Sukses 10058;Jakarta Selatan;13/10/2022
SEL-10060;Toko Seller Sukses 10059;Jakarta Pusat;18/10/2022
SEL-10061;Toko Seller Sukses 10060;Jakarta Pusat;20/05/2022
SEL-10062;Toko Seller Sukses 10061;Jakarta Pusat;26/05/2023
SEL-10063;Toko Seller Sukses 10062;Cimahi;29/01/2022
SEL-10064;Toko Seller Sukses 10063;Medan;23/06/2023
SEL-10065;Toko Seller Sukses 10064;Jakarta Pusat;11/06/2023
SEL-10066;Toko Seller Sukses 10065;Yogyakarta;03/05/2021
SEL-10067;Toko Seller Sukses 10066;Bandung;19/10/2022
SEL-10068;Toko Seller Sukses 10067;Sidoarjo;28/06/2022
SEL-10069;Toko Seller Sukses 10068;Jakarta Pusat;19/10/2022
SEL-10070;Toko Seller Sukses 10069;Jakarta Selatan;11/02/2022
SEL-10071;Toko Seller Sukses 10070;Jakarta Selatan;14/10/2022
SEL-10072;Toko Seller Sukses 10071;Makassar;22/10/2021
SEL-10073;Toko Seller Sukses 10072;Jakarta Selatan;31/05/2022
SEL-10074;Toko Seller Sukses 10073;Bandung;01/02/2023
SEL-10075;Toko Seller Sukses 10074;Medan;15/01/2023
SEL-10076;Toko Seller Sukses 10075;Yogyakarta;06/04/2022
SEL-10077;Toko Seller Sukses 10076;Bandung;07/09/2022
SEL-10078;Toko Seller Sukses 10077;Makassar;27/10/2022
SEL-10079;Toko Seller Sukses 10078;Yogyakarta;11/03/2022
SEL-10080;Toko Seller Sukses 10079;Cimahi;22/05/2023
SEL-10081;Toko Seller Sukses 10080;Medan;16/11/2021
SEL-10082;Toko Seller Sukses 10081;Jakarta Pusat;05/11/2021
SEL-10083;Toko Seller Sukses 10082;Jakarta Pusat;25/05/2023
SEL-10084;Toko Seller Sukses 10083;Cimahi;09/12/2021
SEL-10085;Toko Seller Sukses 10084;Cimahi;04/03/2023
SEL-10086;Toko Seller Sukses 10085;Surabaya;01/03/2023
SEL-10087;Toko Seller Sukses 10086;Sidoarjo;28/12/2022
SEL-10088;Toko Seller Sukses 10087;Cimahi;09/08/2022
SEL-10089;Toko Seller Sukses 10088;Surabaya;12/07/2021
SEL-10090;Toko Seller Sukses 10089;Yogyakarta;25/05/2022
SEL-10091;Toko Seller Sukses 10090;Sidoarjo;15/05/2022
SEL-10092;Toko Seller Sukses 10091;Sidoarjo;30/06/2021
SEL-10093;Toko Seller Sukses 10092;Surabaya;03/07/2023
SEL-10094;Toko Seller Sukses 10093;Makassar;21/10/2021
SEL-10095;Toko Seller Sukses 10094;Cimahi;22/06/2022
SEL-10096;Toko Seller Sukses 10095;Jakarta Pusat;22/04/2023
SEL-10097;Toko Seller Sukses 10096;Jakarta Selatan;10/10/2022
SEL-10098;Toko Seller Sukses 10097;Cimahi;02/07/2021
SEL-10099;Toko Seller Sukses 10098;Sidoarjo;10/07/2022
SEL-10100;Toko Seller Sukses 10099;Cimahi;25/09/2022
SEL-10101;Toko Seller Sukses 10100;Surabaya;29/12/2022
SEL-10102;Toko Seller Sukses 10101;Jakarta Selatan;10/03/2022
SEL-10103;Toko Seller Sukses 10102;Bandung;05/04/2023
SEL-10104;Toko Seller Sukses 10103;Jakarta Selatan;05/01/2022
SEL-10105;Toko Seller Sukses 10104;Surabaya;19/11/2021
SEL-10106;Toko Seller Sukses 10105;Makassar;26/10/2021
SEL-10107;Toko Seller Sukses 10106;Cimahi;26/02/2023
SEL-10108;Toko Seller Sukses 10107;Yogyakarta;31/05/2021
SEL-10109;Toko Seller Sukses 10108;Yogyakarta;16/07/2022
SEL-10110;Toko Seller Sukses 10109;Bandung;23/03/2022
SEL-10111;Toko Seller Sukses 10110;Bandung;04/02/2022
SEL-10112;Toko Seller Sukses 10111;Surabaya;01/05/2023
SEL-10113;Toko Seller Sukses 10112;Jakarta Selatan;15/06/2022
SEL-10114;Toko Seller Sukses 10113;Cimahi;10/04/2023
SEL-10115;Toko Seller Sukses 10114;Sidoarjo;11/12/2021
SEL-10116;Toko Seller Sukses 10115;Jakarta Pusat;22/07/2022
SEL-10117;Toko Seller Sukses 10116;Makassar;19/05/2021
SEL-10118;Toko Seller Sukses 10117;Jakarta Pusat;08/08/2022
SEL-10119;Toko Seller Sukses 10118;Jakarta Pusat;09/07/2023
SEL-10120;Toko Seller Sukses 10119;Makassar;08/12/2021
SEL-10121;Toko Seller Sukses 10120;Yogyakarta;16/02/2023
SEL-10122;Toko Seller Sukses 10121;Yogyakarta;21/10/2021
SEL-10123;Toko Seller Sukses 10122;Jakarta Pusat;14/02/2023
SEL-10124;Toko Seller Sukses 10123;Medan;19/03/2022
SEL-10125;Toko Seller Sukses 10124;Makassar;28/09/2021
SEL-10126;Toko Seller Sukses 10125;Yogyakarta;25/01/2022
SEL-10127;Toko Seller Sukses 10126;Jakarta Pusat;04/02/2022
SEL-10128;Toko Seller Sukses 10127;Surabaya;13/03/2023
SEL-10129;Toko Seller Sukses 10128;Jakarta Selatan;29/10/2021
SEL-10130;Toko Seller Sukses 10129;Cimahi;09/09/2021
SEL-10131;Toko Seller Sukses 10130;Sidoarjo;11/02/2022
SEL-10132;Toko Seller Sukses 10131;Makassar;11/02/2022
SEL-10133;Toko Seller Sukses 10132;Bandung;25/10/2021
SEL-10134;Toko Seller Sukses 10133;Medan;21/09/2021
SEL-10135;Toko Seller Sukses 10134;Jakarta Pusat;15/08/2022
SEL-10136;Toko Seller Sukses 10135;Yogyakarta;17/11/2021
SEL-10137;Toko Seller Sukses 10136;Sidoarjo;17/05/2021
SEL-10138;Toko Seller Sukses 10137;Surabaya;03/10/2022
SEL-10139;Toko Seller Sukses 10138;Jakarta Selatan;22/05/2021
SEL-10140;Toko Seller Sukses 10139;Makassar;09/11/2022
SEL-10141;Toko Seller Sukses 10140;Jakarta Selatan;30/05/2023
SEL-10142;Toko Seller Sukses 10141;Jakarta Selatan;03/07/2023
SEL-10143;Toko Seller Sukses 10142;Yogyakarta;27/12/2022
SEL-10144;Toko Seller Sukses 10143;Makassar;22/02/2022
SEL-10145;Toko Seller Sukses 10144;Bandung;03/12/2022
SEL-10146;Toko Seller Sukses 10145;Jakarta Selatan;22/06/2023
SEL-10147;Toko Seller Sukses 10146;Yogyakarta;15/03/2023
SEL-10148;Toko Seller Sukses 10147;Bandung;11/03/2022
SEL-10149;Toko Seller Sukses 10148;Bandung;15/12/2022
SEL-10150;Toko Seller Sukses 10149;Jakarta Selatan;07/12/2022
SEL-10151;Toko Seller Sukses 10150;Makassar;19/12/2021
SEL-10152;Toko Seller Sukses 10151;Surabaya;11/12/2022
SEL-10153;Toko Seller Sukses 10152;Jakarta Selatan;06/08/2022
SEL-10154;Toko Seller Sukses 10153;Surabaya;12/09/2021
SEL-10155;Toko Seller Sukses 10154;Sidoarjo;19/12/2022
SEL-10156;Toko Seller Sukses 10155;Medan;06/07/2021
SEL-10157;Toko Seller Sukses 10156;Sidoarjo;22/12/2022
SEL-10158;Toko Seller Sukses 10157;Jakarta Selatan;20/07/2021
SEL-10159;Toko Seller Sukses 10158;Jakarta Pusat;30/08/2021
SEL-10160;Toko Seller Sukses 10159;Cimahi;25/02/2022
SEL-10161;Toko Seller Sukses 10160;Medan;28/05/2022
SEL-10162;Toko Seller Sukses 10161;Makassar;20/10/2021
SEL-10163;Toko Seller Sukses 10162;Makassar;23/09/2022
SEL-10164;Toko Seller Sukses 10163;Makassar;09/07/2023
SEL-10165;Toko Seller Sukses 10164;Surabaya;29/12/2022
SEL-10166;Toko Seller Sukses 10165;Cimahi;02/06/2022
SEL-10167;Toko Seller Sukses 10166;Jakarta Pusat;01/03/2022
SEL-10168;Toko Seller Sukses 10167;Jakarta Pusat;22/06/2023
SEL-10169;Toko Seller Sukses 10168;Jakarta Pusat;27/07/2022
SEL-10170;Toko Seller Sukses 10169;Makassar;04/05/2023
SEL-10171;Toko Seller Sukses 10170;Jakarta Pusat;12/12/2022
SEL-10172;Toko Seller Sukses 10171;Medan;19/04/2023
SEL-10173;Toko Seller Sukses 10172;Bandung;15/05/2022
SEL-10174;Toko Seller Sukses 10173;Sidoarjo;06/07/2022
SEL-10175;Toko Seller Sukses 10174;Cimahi;01/09/2021
SEL-10176;Toko Seller Sukses 10175;Yogyakarta;13/12/2021
SEL-10177;Toko Seller Sukses 10176;Jakarta Selatan;25/05/2022
SEL-10178;Toko Seller Sukses 10177;Medan;24/06/2023
SEL-10179;Toko Seller Sukses 10178;Jakarta Selatan;26/10/2021
SEL-10180;Toko Seller Sukses 10179;Medan;20/09/2021
SEL-10181;Toko Seller Sukses 10180;Yogyakarta;13/09/2021
SEL-10182;Toko Seller Sukses 10181;Sidoarjo;30/04/2022
SEL-10183;Toko Seller Sukses 10182;Medan;14/08/2021
SEL-10184;Toko Seller Sukses 10183;Surabaya;20/04/2022
SEL-10185;Toko Seller Sukses 10184;Cimahi;02/12/2022
SEL-10186;Toko Seller Sukses 10185;Cimahi;22/01/2022
SEL-10187;Toko Seller Sukses 10186;Jakarta Pusat;27/01/2022
SEL-10188;Toko Seller Sukses 10187;Jakarta Pusat;23/11/2021
SEL-10189;Toko Seller Sukses 10188;Sidoarjo;14/11/2022
SEL-10190;Toko Seller Sukses 10189;Makassar;25/01/2022
SEL-10191;Toko Seller Sukses 10190;Sidoarjo;14/10/2021
SEL-10192;Toko Seller Sukses 10191;Jakarta Pusat;18/02/2022
SEL-10193;Toko Seller Sukses 10192;Sidoarjo;19/03/2022
SEL-10194;Toko Seller Sukses 10193;Cimahi;05/10/2022
SEL-10195;Toko Seller Sukses 10194;Jakarta Pusat;01/12/2021
SEL-10196;Toko Seller Sukses 10195;Sidoarjo;21/06/2021
SEL-10197;Toko Seller Sukses 10196;Bandung;11/03/2022
SEL-10198;Toko Seller Sukses 10197;Sidoarjo;27/03/2022
SEL-10199;Toko Seller Sukses 10198;Yogyakarta;27/09/2021
SEL-10200;Toko Seller Sukses 10199;Yogyakarta;25/09/2021
SEL-10201;Toko Seller Sukses 10200;Cimahi;30/04/2022
SEL-10202;Toko Seller Sukses 10201;Surabaya;12/05/2023
SEL-10203;Toko Seller Sukses 10202;Surabaya;16/08/2022
SEL-10204;Toko Seller Sukses 10203;Jakarta Pusat;23/03/2022
SEL-10205;Toko Seller Sukses 10204;Bandung;05/01/2023
SEL-10206;Toko Seller Sukses 10205;Sidoarjo;29/09/2021
SEL-10207;Toko Seller Sukses 10206;Sidoarjo;26/06/2023
SEL-10208;Toko Seller Sukses 10207;Bandung;15/11/2021
SEL-10209;Toko Seller Sukses 10208;Cimahi;16/08/2022
SEL-10210;Toko Seller Sukses 10209;Cimahi;18/09/2022
SEL-10211;Toko Seller Sukses 10210;Sidoarjo;22/03/2022
SEL-10212;Toko Seller Sukses 10211;Makassar;07/01/2022
SEL-10213;Toko Seller Sukses 10212;Medan;27/03/2023
SEL-10214;Toko Seller Sukses 10213;Sidoarjo;04/05/2022
SEL-10215;Toko Seller Sukses 10214;Makassar;30/09/2021
SEL-10216;Toko Seller Sukses 10215;Sidoarjo;02/10/2022
SEL-10217;Toko Seller Sukses 10216;Yogyakarta;19/05/2021
SEL-10218;Toko Seller Sukses 10217;Makassar;15/10/2021
SEL-10219;Toko Seller Sukses 10218;Jakarta Pusat;12/02/2022
SEL-10220;Toko Seller Sukses 10219;Cimahi;26/06/2021
SEL-10221;Toko Seller Sukses 10220;Jakarta Selatan;24/10/2021
SEL-10222;Toko Seller Sukses 10221;Sidoarjo;05/02/2023
SEL-10223;Toko Seller Sukses 10222;Surabaya;11/07/2021
SEL-10224;Toko Seller Sukses 10223;Surabaya;25/04/2023
SEL-10225;Toko Seller Sukses 10224;Medan;25/09/2022
SEL-10226;Toko Seller Sukses 10225;Cimahi;12/09/2022
SEL-10227;Toko Seller Sukses 10226;Bandung;10/08/2022
SEL-10228;Toko Seller Sukses 10227;Cimahi;05/06/2021
SEL-10229;Toko Seller Sukses 10228;Makassar;22/10/2022
SEL-10230;Toko Seller Sukses 10229;Sidoarjo;02/01/2023
SEL-10231;Toko Seller Sukses 10230;Jakarta Pusat;27/10/2021
SEL-10232;Toko Seller Sukses 10231;Jakarta Pusat;01/06/2022
SEL-10233;Toko Seller Sukses 10232;Bandung;07/11/2022
SEL-10234;Toko Seller Sukses 10233;Jakarta Pusat;09/12/2022
SEL-10235;Toko Seller Sukses 10234;Bandung;08/05/2023
SEL-10236;Toko Seller Sukses 10235;Jakarta Pusat;27/04/2022
SEL-10237;Toko Seller Sukses 10236;Sidoarjo;19/01/2022
SEL-10238;Toko Seller Sukses 10237;Yogyakarta;02/02/2022
SEL-10239;Toko Seller Sukses 10238;Bandung;21/04/2023
SEL-10240;Toko Seller Sukses 10239;Jakarta Pusat;09/09/2021
SEL-10241;Toko Seller Sukses 10240;Medan;20/03/2022
SEL-10242;Toko Seller Sukses 10241;Medan;27/03/2023
SEL-10243;Toko Seller Sukses 10242;Makassar;06/07/2022
SEL-10244;Toko Seller Sukses 10243;Medan;05/04/2023
SEL-10245;Toko Seller Sukses 10244;Sidoarjo;07/06/2021
SEL-10246;Toko Seller Sukses 10245;Medan;19/07/2021
SEL-10247;Toko Seller Sukses 10246;Makassar;06/08/2021
SEL-10248;Toko Seller Sukses 10247;Cimahi;12/08/2021
SEL-10249;Toko Seller Sukses 10248;Bandung;17/05/2023
SEL-10250;Toko Seller Sukses 10249;Jakarta Selatan;22/11/2021
SEL-10251;Toko Seller Sukses 10250;Jakarta Selatan;04/04/2023
SEL-10252;Toko Seller Sukses 10251;Surabaya;03/07/2023
SEL-10253;Toko Seller Sukses 10252;Surabaya;12/09/2021
SEL-10254;Toko Seller Sukses 10253;Jakarta Selatan;19/07/2021
SEL-10255;Toko Seller Sukses 10254;Surabaya;08/09/2021
SEL-10256;Toko Seller Sukses 10255;Cimahi;29/03/2023
SEL-10257;Toko Seller Sukses 10256;Bandung;07/04/2022
SEL-10258;Toko Seller Sukses 10257;Makassar;12/05/2022
SEL-10259;Toko Seller Sukses 10258;Medan;21/03/2022
SEL-10260;Toko Seller Sukses 10259;Jakarta Selatan;20/11/2022
SEL-10261;Toko Seller Sukses 10260;Surabaya;21/07/2021
SEL-10262;Toko Seller Sukses 10261;Sidoarjo;12/01/2023
SEL-10263;Toko Seller Sukses 10262;Medan;28/12/2021
SEL-10264;Toko Seller Sukses 10263;Jakarta Pusat;08/03/2022
SEL-10265;Toko Seller Sukses 10264;Yogyakarta;03/06/2023
SEL-10266;Toko Seller Sukses 10265;Cimahi;19/08/2021
SEL-10267;Toko Seller Sukses 10266;Surabaya;11/09/2021
SEL-10268;Toko Seller Sukses 10267;Yogyakarta;31/10/2021
SEL-10269;Toko Seller Sukses 10268;Jakarta Selatan;19/10/2022
SEL-10270;Toko Seller Sukses 10269;Surabaya;08/06/2023
SEL-10271;Toko Seller Sukses 10270;Cimahi;19/11/2022
SEL-10272;Toko Seller Sukses 10271;Cimahi;05/01/2022
SEL-10273;Toko Seller Sukses 10272;Makassar;22/09/2021
SEL-10274;Toko Seller Sukses 10273;Sidoarjo;24/05/2021
SEL-10275;Toko Seller Sukses 10274;Sidoarjo;08/02/2022
SEL-10276;Toko Seller Sukses 10275;Medan;22/07/2021
SEL-10277;Toko Seller Sukses 10276;Jakarta Pusat;22/12/2021
SEL-10278;Toko Seller Sukses 10277;Jakarta Selatan;24/09/2021
SEL-10279;Toko Seller Sukses 10278;Jakarta Pusat;29/09/2022
SEL-10280;Toko Seller Sukses 10279;Sidoarjo;09/07/2023
SEL-10281;Toko Seller Sukses 10280;Yogyakarta;03/08/2022
SEL-10282;Toko Seller Sukses 10281;Jakarta Pusat;01/05/2022
SEL-10283;Toko Seller Sukses 10282;Medan;18/02/2022
SEL-10284;Toko Seller Sukses 10283;Surabaya;30/11/2021
SEL-10285;Toko Seller Sukses 10284;Medan;13/09/2021
SEL-10286;Toko Seller Sukses 10285;Sidoarjo;06/08/2021
SEL-10287;Toko Seller Sukses 10286;Medan;26/01/2022
SEL-10288;Toko Seller Sukses 10287;Bandung;23/04/2022
SEL-10289;Toko Seller Sukses 10288;Medan;03/01/2023
SEL-10290;Toko Seller Sukses 10289;Yogyakarta;17/09/2021
SEL-10291;Toko Seller Sukses 10290;Surabaya;13/05/2022
SEL-10292;Toko Seller Sukses 10291;Bandung;27/01/2022
SEL-10293;Toko Seller Sukses 10292;Sidoarjo;05/03/2022
SEL-10294;Toko Seller Sukses 10293;Surabaya;03/11/2021
SEL-10295;Toko Seller Sukses 10294;Yogyakarta;28/10/2022
SEL-10296;Toko Seller Sukses 10295;Surabaya;16/05/2021
SEL-10297;Toko Seller Sukses 10296;Surabaya;03/05/2021
SEL-10298;Toko Seller Sukses 10297;Makassar;24/11/2021
SEL-10299;Toko Seller Sukses 10298;Jakarta Selatan;14/07/2021
SEL-10300;Toko Seller Sukses 10299;Medan;02/01/2022
SEL-10301;Toko Seller Sukses 10300;Jakarta Selatan;12/11/2021
SEL-10302;Toko Seller Sukses 10301;Sidoarjo;19/10/2022
SEL-10303;Toko Seller Sukses 10302;Jakarta Selatan;25/08/2021
SEL-10304;Toko Seller Sukses 10303;Jakarta Selatan;08/02/2023
SEL-10305;Toko Seller Sukses 10304;Bandung;24/06/2023
SEL-10306;Toko Seller Sukses 10305;Makassar;03/08/2021
SEL-10307;Toko Seller Sukses 10306;Surabaya;24/10/2021
SEL-10308;Toko Seller Sukses 10307;Bandung;25/02/2022
SEL-10309;Toko Seller Sukses 10308;Medan;08/06/2023
SEL-10310;Toko Seller Sukses 10309;Yogyakarta;23/05/2023
SEL-10311;Toko Seller Sukses 10310;Surabaya;16/07/2021
SEL-10312;Toko Seller Sukses 10311;Surabaya;30/05/2021
SEL-10313;Toko Seller Sukses 10312;Surabaya;25/08/2022
SEL-10314;Toko Seller Sukses 10313;Medan;05/07/2023
SEL-10315;Toko Seller Sukses 10314;Jakarta Pusat;13/09/2022
SEL-10316;Toko Seller Sukses 10315;Makassar;19/05/2022
SEL-10317;Toko Seller Sukses 10316;Jakarta Pusat;07/05/2022
SEL-10318;Toko Seller Sukses 10317;Yogyakarta;12/11/2022
SEL-10319;Toko Seller Sukses 10318;Makassar;18/01/2023
SEL-10320;Toko Seller Sukses 10319;Bandung;14/04/2023
SEL-10321;Toko Seller Sukses 10320;Medan;02/03/2022
SEL-10322;Toko Seller Sukses 10321;Surabaya;02/09/2022
SEL-10323;Toko Seller Sukses 10322;Medan;06/08/2021
SEL-10324;Toko Seller Sukses 10323;Jakarta Pusat;05/08/2021
SEL-10325;Toko Seller Sukses 10324;Cimahi;22/05/2022
SEL-10326;Toko Seller Sukses 10325;Jakarta Pusat;26/06/2021
SEL-10327;Toko Seller Sukses 10326;Sidoarjo;28/05/2022
SEL-10328;Toko Seller Sukses 10327;Jakarta Pusat;31/10/2022
SEL-10329;Toko Seller Sukses 10328;Makassar;13/06/2022
SEL-10330;Toko Seller Sukses 10329;Surabaya;20/11/2021
SEL-10331;Toko Seller Sukses 10330;Bandung;05/02/2023
SEL-10332;Toko Seller Sukses 10331;Bandung;30/05/2023
SEL-10333;Toko Seller Sukses 10332;Bandung;02/12/2021
SEL-10334;Toko Seller Sukses 10333;Sidoarjo;10/12/2022
SEL-10335;Toko Seller Sukses 10334;Sidoarjo;29/03/2023
SEL-10336;Toko Seller Sukses 10335;Yogyakarta;29/05/2023
SEL-10337;Toko Seller Sukses 10336;Makassar;30/10/2021
SEL-10338;Toko Seller Sukses 10337;Yogyakarta;14/05/2021
SEL-10339;Toko Seller Sukses 10338;Jakarta Pusat;03/04/2023
SEL-10340;Toko Seller Sukses 10339;Bandung;20/06/2021
SEL-10341;Toko Seller Sukses 10340;Medan;12/07/2022
SEL-10342;Toko Seller Sukses 10341;Jakarta Selatan;25/07/2022
SEL-10343;Toko Seller Sukses 10342;Surabaya;15/07/2021
SEL-10344;Toko Seller Sukses 10343;Medan;13/03/2023
SEL-10345;Toko Seller Sukses 10344;Cimahi;14/09/2022
SEL-10346;Toko Seller Sukses 10345;Jakarta Selatan;22/02/2022
SEL-10347;Toko Seller Sukses 10346;Makassar;08/11/2022
SEL-10348;Toko Seller Sukses 10347;Medan;06/05/2022
SEL-10349;Toko Seller Sukses 10348;Bandung;14/08/2022
SEL-10350;Toko Seller Sukses 10349;Bandung;16/03/2022
SEL-10351;Toko Seller Sukses 10350;Surabaya;29/07/2022
SEL-10352;Toko Seller Sukses 10351;Jakarta Selatan;22/06/2021
SEL-10353;Toko Seller Sukses 10352;Bandung;08/05/2021
SEL-10354;Toko Seller Sukses 10353;Sidoarjo;07/04/2022
SEL-10355;Toko Seller Sukses 10354;Sidoarjo;20/12/2021
SEL-10356;Toko Seller Sukses 10355;Sidoarjo;07/09/2022
SEL-10357;Toko Seller Sukses 10356;Sidoarjo;29/07/2022
SEL-10358;Toko Seller Sukses 10357;Sidoarjo;29/11/2021
SEL-10359;Toko Seller Sukses 10358;Jakarta Pusat;10/05/2023
SEL-10360;Toko Seller Sukses 10359;Jakarta Selatan;06/09/2021
SEL-10361;Toko Seller Sukses 10360;Sidoarjo;03/03/2022
SEL-10362;Toko Seller Sukses 10361;Bandung;12/08/2022
SEL-10363;Toko Seller Sukses 10362;Bandung;19/06/2021
SEL-10364;Toko Seller Sukses 10363;Surabaya;11/01/2023
SEL-10365;Toko Seller Sukses 10364;Makassar;24/10/2021
SEL-10366;Toko Seller Sukses 10365;Jakarta Selatan;18/01/2022
SEL-10367;Toko Seller Sukses 10366;Jakarta Pusat;17/05/2023
SEL-10368;Toko Seller Sukses 10367;Makassar;31/01/2023
SEL-10369;Toko Seller Sukses 10368;Medan;11/06/2021
SEL-10370;Toko Seller Sukses 10369;Yogyakarta;02/01/2023
SEL-10371;Toko Seller Sukses 10370;Makassar;28/02/2023
SEL-10372;Toko Seller Sukses 10371;Surabaya;26/01/2022
SEL-10373;Toko Seller Sukses 10372;Makassar;29/06/2023
SEL-10374;Toko Seller Sukses 10373;Makassar;05/01/2023
SEL-10375;Toko Seller Sukses 10374;Cimahi;04/07/2021
SEL-10376;Toko Seller Sukses 10375;Bandung;17/05/2023
SEL-10377;Toko Seller Sukses 10376;Jakarta Selatan;26/10/2021
SEL-10378;Toko Seller Sukses 10377;Jakarta Pusat;22/04/2023
SEL-10379;Toko Seller Sukses 10378;Makassar;07/03/2023
SEL-10380;Toko Seller Sukses 10379;Surabaya;16/04/2022
SEL-10381;Toko Seller Sukses 10380;Bandung;24/07/2022
SEL-10382;Toko Seller Sukses 10381;Jakarta Selatan;19/06/2022
SEL-10383;Toko Seller Sukses 10382;Medan;05/01/2022
SEL-10384;Toko Seller Sukses 10383;Jakarta Selatan;09/10/2022
SEL-10385;Toko Seller Sukses 10384;Medan;08/11/2021
SEL-10386;Toko Seller Sukses 10385;Medan;14/06/2021
SEL-10387;Toko Seller Sukses 10386;Yogyakarta;21/09/2022
SEL-10388;Toko Seller Sukses 10387;Makassar;11/03/2023
SEL-10389;Toko Seller Sukses 10388;Surabaya;15/08/2021
SEL-10390;Toko Seller Sukses 10389;Bandung;12/03/2023
SEL-10391;Toko Seller Sukses 10390;Medan;25/10/2022
SEL-10392;Toko Seller Sukses 10391;Surabaya;16/08/2021
SEL-10393;Toko Seller Sukses 10392;Makassar;09/04/2023
SEL-10394;Toko Seller Sukses 10393;Jakarta Selatan;01/09/2022
SEL-10395;Toko Seller Sukses 10394;Jakarta Pusat;19/05/2021
SEL-10396;Toko Seller Sukses 10395;Medan;16/11/2022
SEL-10397;Toko Seller Sukses 10396;Makassar;04/07/2022
SEL-10398;Toko Seller Sukses 10397;Jakarta Pusat;02/02/2022
SEL-10399;Toko Seller Sukses 10398;Medan;13/05/2021
SEL-10400;Toko Seller Sukses 10399;Sidoarjo;17/12/2022
SEL-10401;Toko Seller Sukses 10400;Yogyakarta;09/12/2021
SEL-10402;Toko Seller Sukses 10401;Sidoarjo;21/05/2022
SEL-10403;Toko Seller Sukses 10402;Surabaya;13/08/2021
SEL-10404;Toko Seller Sukses 10403;Makassar;08/12/2021
SEL-10405;Toko Seller Sukses 10404;Jakarta Selatan;29/12/2021
SEL-10406;Toko Seller Sukses 10405;Yogyakarta;13/07/2022
SEL-10407;Toko Seller Sukses 10406;Jakarta Selatan;12/06/2023
SEL-10408;Toko Seller Sukses 10407;Makassar;16/05/2022
SEL-10409;Toko Seller Sukses 10408;Jakarta Selatan;06/10/2021
SEL-10410;Toko Seller Sukses 10409;Jakarta Selatan;08/04/2023
SEL-10411;Toko Seller Sukses 10410;Bandung;07/04/2022
SEL-10412;Toko Seller Sukses 10411;Surabaya;10/04/2023
SEL-10413;Toko Seller Sukses 10412;Jakarta Pusat;17/03/2023
SEL-10414;Toko Seller Sukses 10413;Medan;25/08/2022
SEL-10415;Toko Seller Sukses 10414;Bandung;07/01/2022
SEL-10416;Toko Seller Sukses 10415;Medan;14/10/2022
SEL-10417;Toko Seller Sukses 10416;Cimahi;01/10/2021
SEL-10418;Toko Seller Sukses 10417;Bandung;31/05/2021
SEL-10419;Toko Seller Sukses 10418;Jakarta Pusat;18/01/2022
SEL-10420;Toko Seller Sukses 10419;Surabaya;16/09/2021
SEL-10421;Toko Seller Sukses 10420;Jakarta Pusat;19/05/2021
SEL-10422;Toko Seller Sukses 10421;Yogyakarta;23/09/2022
SEL-10423;Toko Seller Sukses 10422;Makassar;19/06/2023
SEL-10424;Toko Seller Sukses 10423;Surabaya;05/07/2023
SEL-10425;Toko Seller Sukses 10424;Surabaya;16/04/2023
SEL-10426;Toko Seller Sukses 10425;Yogyakarta;07/04/2023
SEL-10427;Toko Seller Sukses 10426;Makassar;13/07/2021
SEL-10428;Toko Seller Sukses 10427;Cimahi;24/12/2022
SEL-10429;Toko Seller Sukses 10428;Jakarta Selatan;07/09/2021
SEL-10430;Toko Seller Sukses 10429;Bandung;19/04/2023
SEL-10431;Toko Seller Sukses 10430;Jakarta Selatan;29/06/2023
SEL-10432;Toko Seller Sukses 10431;Bandung;25/05/2022
SEL-10433;Toko Seller Sukses 10432;Makassar;30/10/2021
SEL-10434;Toko Seller Sukses 10433;Yogyakarta;03/07/2022
SEL-10435;Toko Seller Sukses 10434;Sidoarjo;01/10/2022
SEL-10436;Toko Seller Sukses 10435;Yogyakarta;15/04/2022
SEL-10437;Toko Seller Sukses 10436;Sidoarjo;31/03/2022
SEL-10438;Toko Seller Sukses 10437;Cimahi;09/04/2023
SEL-10439;Toko Seller Sukses 10438;Cimahi;07/05/2023
SEL-10440;Toko Seller Sukses 10439;Jakarta Selatan;19/09/2021
SEL-10441;Toko Seller Sukses 10440;Makassar;17/06/2022
SEL-10442;Toko Seller Sukses 10441;Sidoarjo;30/05/2023
SEL-10443;Toko Seller Sukses 10442;Cimahi;07/05/2021
SEL-10444;Toko Seller Sukses 10443;Surabaya;05/10/2021
SEL-10445;Toko Seller Sukses 10444;Medan;18/12/2022
SEL-10446;Toko Seller Sukses 10445;Cimahi;29/12/2021
SEL-10447;Toko Seller Sukses 10446;Sidoarjo;24/11/2021
SEL-10448;Toko Seller Sukses 10447;Makassar;07/05/2023
SEL-10449;Toko Seller Sukses 10448;Surabaya;10/11/2021
SEL-10450;Toko Seller Sukses 10449;Bandung;08/10/2022
SEL-10451;Toko Seller Sukses 10450;Yogyakarta;25/04/2023
SEL-10452;Toko Seller Sukses 10451;Makassar;08/06/2021
SEL-10453;Toko Seller Sukses 10452;Jakarta Selatan;01/06/2022
SEL-10454;Toko Seller Sukses 10453;Cimahi;14/12/2022
SEL-10455;Toko Seller Sukses 10454;Jakarta Selatan;02/03/2023
SEL-10456;Toko Seller Sukses 10455;Cimahi;01/07/2021
SEL-10457;Toko Seller Sukses 10456;Surabaya;23/04/2023
SEL-10458;Toko Seller Sukses 10457;Makassar;12/08/2021
SEL-10459;Toko Seller Sukses 10458;Cimahi;12/10/2021
SEL-10460;Toko Seller Sukses 10459;Jakarta Pusat;10/09/2022
SEL-10461;Toko Seller Sukses 10460;Yogyakarta;30/12/2021
SEL-10462;Toko Seller Sukses 10461;Jakarta Pusat;20/04/2023
SEL-10463;Toko Seller Sukses 10462;Surabaya;24/02/2023
SEL-10464;Toko Seller Sukses 10463;Makassar;06/04/2023
SEL-10465;Toko Seller Sukses 10464;Makassar;25/07/2021
SEL-10466;Toko Seller Sukses 10465;Yogyakarta;12/12/2022
SEL-10467;Toko Seller Sukses 10466;Bandung;04/09/2022
SEL-10468;Toko Seller Sukses 10467;Yogyakarta;03/12/2021
SEL-10469;Toko Seller Sukses 10468;Makassar;01/11/2021
SEL-10470;Toko Seller Sukses 10469;Jakarta Selatan;14/10/2021
SEL-10471;Toko Seller Sukses 10470;Sidoarjo;01/03/2022
SEL-10472;Toko Seller Sukses 10471;Medan;02/02/2022
SEL-10473;Toko Seller Sukses 10472;Jakarta Pusat;04/07/2021
SEL-10474;Toko Seller Sukses 10473;Jakarta Pusat;23/01/2023
SEL-10475;Toko Seller Sukses 10474;Yogyakarta;01/12/2021
SEL-10476;Toko Seller Sukses 10475;Surabaya;16/08/2022
SEL-10477;Toko Seller Sukses 10476;Medan;08/03/2023
SEL-10478;Toko Seller Sukses 10477;Bandung;23/08/2022
SEL-10479;Toko Seller Sukses 10478;Cimahi;17/10/2021
SEL-10480;Toko Seller Sukses 10479;Sidoarjo;16/12/2021
SEL-10481;Toko Seller Sukses 10480;Jakarta Selatan;18/02/2023
SEL-10482;Toko Seller Sukses 10481;Makassar;09/01/2023
SEL-10483;Toko Seller Sukses 10482;Surabaya;23/07/2021
SEL-10484;Toko Seller Sukses 10483;Cimahi;19/08/2021
SEL-10485;Toko Seller Sukses 10484;Yogyakarta;13/06/2022
SEL-10486;Toko Seller Sukses 10485;Surabaya;08/03/2022
SEL-10487;Toko Seller Sukses 10486;Jakarta Selatan;12/03/2022
SEL-10488;Toko Seller Sukses 10487;Yogyakarta;22/10/2022
SEL-10489;Toko Seller Sukses 10488;Yogyakarta;26/01/2023
SEL-10490;Toko Seller Sukses 10489;Bandung;21/06/2023
SEL-10491;Toko Seller Sukses 10490;Bandung;04/12/2022
SEL-10492;Toko Seller Sukses 10491;Yogyakarta;26/09/2021
SEL-10493;Toko Seller Sukses 10492;Jakarta Selatan;21/11/2021
SEL-10494;Toko Seller Sukses 10493;Bandung;17/03/2022
SEL-10495;Toko Seller Sukses 10494;Bandung;17/06/2023
SEL-10496;Toko Seller Sukses 10495;Makassar;28/01/2023
SEL-10497;Toko Seller Sukses 10496;Bandung;20/11/2021
SEL-10498;Toko Seller Sukses 10497;Bandung;21/01/2022
SEL-10499;Toko Seller Sukses 10498;Cimahi;11/01/2022
SEL-10500;Toko Seller Sukses 10499;Yogyakarta;04/07/2023
SEL-10501;Toko Seller Sukses 10500;Yogyakarta;20/05/2022
SEL-10502;Toko Seller Sukses 10501;Surabaya;23/06/2023
SEL-10503;Toko Seller Sukses 10502;Bandung;13/05/2021
SEL-10504;Toko Seller Sukses 10503;Jakarta Pusat;09/03/2023
SEL-10505;Toko Seller Sukses 10504;Makassar;28/12/2021
SEL-10506;Toko Seller Sukses 10505;Bandung;02/10/2022
SEL-10507;Toko Seller Sukses 10506;Yogyakarta;03/02/2022
SEL-10508;Toko Seller Sukses 10507;Bandung;29/04/2022
SEL-10509;Toko Seller Sukses 10508;Bandung;21/01/2022
SEL-10510;Toko Seller Sukses 10509;Yogyakarta;07/03/2022
SEL-10511;Toko Seller Sukses 10510;Sidoarjo;11/10/2022
SEL-10512;Toko Seller Sukses 10511;Jakarta Pusat;27/02/2022
SEL-10513;Toko Seller Sukses 10512;Jakarta Pusat;16/12/2022
SEL-10514;Toko Seller Sukses 10513;Sidoarjo;01/04/2023
SEL-10515;Toko Seller Sukses 10514;Jakarta Selatan;04/05/2023
SEL-10516;Toko Seller Sukses 10515;Sidoarjo;24/10/2021
SEL-10517;Toko Seller Sukses 10516;Yogyakarta;31/03/2023
SEL-10518;Toko Seller Sukses 10517;Sidoarjo;20/09/2022
SEL-10519;Toko Seller Sukses 10518;Medan;24/10/2021
SEL-10520;Toko Seller Sukses 10519;Yogyakarta;17/09/2022
SEL-10521;Toko Seller Sukses 10520;Cimahi;26/04/2022
SEL-10522;Toko Seller Sukses 10521;Sidoarjo;29/06/2021
SEL-10523;Toko Seller Sukses 10522;Medan;16/07/2022
SEL-10524;Toko Seller Sukses 10523;Surabaya;17/09/2022
SEL-10525;Toko Seller Sukses 10524;Cimahi;02/03/2022
SEL-10526;Toko Seller Sukses 10525;Bandung;30/10/2022
SEL-10527;Toko Seller Sukses 10526;Cimahi;04/07/2022
SEL-10528;Toko Seller Sukses 10527;Bandung;06/07/2023
SEL-10529;Toko Seller Sukses 10528;Medan;21/04/2022
SEL-10530;Toko Seller Sukses 10529;Jakarta Selatan;30/07/2022
SEL-10531;Toko Seller Sukses 10530;Yogyakarta;25/03/2022
SEL-10532;Toko Seller Sukses 10531;Surabaya;14/01/2023
SEL-10533;Toko Seller Sukses 10532;Cimahi;06/09/2022
SEL-10534;Toko Seller Sukses 10533;Jakarta Selatan;11/07/2022
SEL-10535;Toko Seller Sukses 10534;Makassar;27/07/2021
SEL-10536;Toko Seller Sukses 10535;Cimahi;28/05/2021
SEL-10537;Toko Seller Sukses 10536;Cimahi;24/11/2021
SEL-10538;Toko Seller Sukses 10537;Cimahi;22/06/2022
SEL-10539;Toko Seller Sukses 10538;Surabaya;20/09/2021
SEL-10540;Toko Seller Sukses 10539;Sidoarjo;27/09/2022
SEL-10541;Toko Seller Sukses 10540;Makassar;11/03/2022
SEL-10542;Toko Seller Sukses 10541;Bandung;07/08/2021
SEL-10543;Toko Seller Sukses 10542;Yogyakarta;19/02/2023
SEL-10544;Toko Seller Sukses 10543;Bandung;06/09/2022
SEL-10545;Toko Seller Sukses 10544;Sidoarjo;28/01/2022
SEL-10546;Toko Seller Sukses 10545;Bandung;28/06/2023
SEL-10547;Toko Seller Sukses 10546;Makassar;04/12/2021
SEL-10548;Toko Seller Sukses 10547;Yogyakarta;31/03/2022
SEL-10549;Toko Seller Sukses 10548;Makassar;21/03/2022
SEL-10550;Toko Seller Sukses 10549;Yogyakarta;13/04/2023
SEL-10551;Toko Seller Sukses 10550;Medan;21/05/2023
SEL-10552;Toko Seller Sukses 10551;Medan;26/04/2023
SEL-10553;Toko Seller Sukses 10552;Sidoarjo;17/07/2021
SEL-10554;Toko Seller Sukses 10553;Surabaya;04/10/2022
SEL-10555;Toko Seller Sukses 10554;Jakarta Selatan;11/08/2021
SEL-10556;Toko Seller Sukses 10555;Jakarta Pusat;26/08/2021
SEL-10557;Toko Seller Sukses 10556;Makassar;11/08/2022
SEL-10558;Toko Seller Sukses 10557;Medan;13/03/2022
SEL-10559;Toko Seller Sukses 10558;Yogyakarta;24/08/2021
SEL-10560;Toko Seller Sukses 10559;Makassar;29/03/2023
SEL-10561;Toko Seller Sukses 10560;Cimahi;06/01/2022
SEL-10562;Toko Seller Sukses 10561;Jakarta Selatan;19/12/2021
SEL-10563;Toko Seller Sukses 10562;Medan;10/09/2021
SEL-10564;Toko Seller Sukses 10563;Surabaya;24/04/2023
SEL-10565;Toko Seller Sukses 10564;Makassar;23/12/2022
SEL-10566;Toko Seller Sukses 10565;Yogyakarta;28/07/2021
SEL-10567;Toko Seller Sukses 10566;Makassar;17/06/2023
SEL-10568;Toko Seller Sukses 10567;Surabaya;07/04/2023
SEL-10569;Toko Seller Sukses 10568;Surabaya;23/10/2022
SEL-10570;Toko Seller Sukses 10569;Jakarta Pusat;19/02/2023
SEL-10571;Toko Seller Sukses 10570;Jakarta Pusat;31/10/2021
SEL-10572;Toko Seller Sukses 10571;Sidoarjo;20/02/2022
SEL-10573;Toko Seller Sukses 10572;Bandung;02/06/2021
SEL-10574;Toko Seller Sukses 10573;Bandung;15/01/2022
SEL-10575;Toko Seller Sukses 10574;Cimahi;04/03/2023
SEL-10576;Toko Seller Sukses 10575;Cimahi;25/04/2022
SEL-10577;Toko Seller Sukses 10576;Surabaya;25/02/2022
SEL-10578;Toko Seller Sukses 10577;Medan;03/03/2022
SEL-10579;Toko Seller Sukses 10578;Sidoarjo;20/07/2021
SEL-10580;Toko Seller Sukses 10579;Makassar;12/01/2022
SEL-10581;Toko Seller Sukses 10580;Bandung;19/12/2022
SEL-10582;Toko Seller Sukses 10581;Jakarta Pusat;13/05/2021
SEL-10583;Toko Seller Sukses 10582;Jakarta Pusat;05/07/2021
SEL-10584;Toko Seller Sukses 10583;Cimahi;19/01/2023
SEL-10585;Toko Seller Sukses 10584;Medan;30/06/2023
SEL-10586;Toko Seller Sukses 10585;Yogyakarta;04/09/2021
SEL-10587;Toko Seller Sukses 10586;Surabaya;19/05/2022
SEL-10588;Toko Seller Sukses 10587;Medan;17/02/2022
SEL-10589;Toko Seller Sukses 10588;Makassar;12/07/2022
SEL-10590;Toko Seller Sukses 10589;Bandung;19/07/2021
SEL-10591;Toko Seller Sukses 10590;Jakarta Pusat;16/12/2021
SEL-10592;Toko Seller Sukses 10591;Makassar;06/06/2022
SEL-10593;Toko Seller Sukses 10592;Bandung;11/12/2022
SEL-10594;Toko Seller Sukses 10593;Yogyakarta;28/11/2021
SEL-10595;Toko Seller Sukses 10594;Bandung;26/01/2023
SEL-10596;Toko Seller Sukses 10595;Yogyakarta;20/07/2022
SEL-10597;Toko Seller Sukses 10596;Jakarta Pusat;31/07/2021
SEL-10598;Toko Seller Sukses 10597;Jakarta Selatan;26/10/2021
SEL-10599;Toko Seller Sukses 10598;Surabaya;11/01/2022
SEL-10600;Toko Seller Sukses 10599;Jakarta Pusat;03/09/2021
SEL-10601;Toko Seller Sukses 10600;Jakarta Pusat;03/03/2023
SEL-10602;Toko Seller Sukses 10601;Bandung;24/05/2023
SEL-10603;Toko Seller Sukses 10602;Jakarta Selatan;14/05/2021
SEL-10604;Toko Seller Sukses 10603;Yogyakarta;29/04/2022
SEL-10605;Toko Seller Sukses 10604;Makassar;12/10/2022
SEL-10606;Toko Seller Sukses 10605;Cimahi;09/04/2022
SEL-10607;Toko Seller Sukses 10606;Bandung;31/08/2021
SEL-10608;Toko Seller Sukses 10607;Surabaya;04/04/2022
SEL-10609;Toko Seller Sukses 10608;Surabaya;26/05/2022
SEL-10610;Toko Seller Sukses 10609;Jakarta Pusat;07/12/2021
SEL-10611;Toko Seller Sukses 10610;Sidoarjo;16/02/2022
SEL-10612;Toko Seller Sukses 10611;Surabaya;27/06/2023
SEL-10613;Toko Seller Sukses 10612;Surabaya;10/07/2022
SEL-10614;Toko Seller Sukses 10613;Jakarta Pusat;23/08/2022
SEL-10615;Toko Seller Sukses 10614;Bandung;20/09/2021
SEL-10616;Toko Seller Sukses 10615;Surabaya;19/11/2022
SEL-10617;Toko Seller Sukses 10616;Sidoarjo;26/05/2023
SEL-10618;Toko Seller Sukses 10617;Sidoarjo;13/03/2023
SEL-10619;Toko Seller Sukses 10618;Jakarta Pusat;08/10/2021
SEL-10620;Toko Seller Sukses 10619;Cimahi;25/01/2022
SEL-10621;Toko Seller Sukses 10620;Surabaya;28/04/2022
SEL-10622;Toko Seller Sukses 10621;Surabaya;16/10/2022
SEL-10623;Toko Seller Sukses 10622;Jakarta Pusat;29/07/2021
SEL-10624;Toko Seller Sukses 10623;Sidoarjo;07/05/2022
SEL-10625;Toko Seller Sukses 10624;Jakarta Selatan;16/10/2021
SEL-10626;Toko Seller Sukses 10625;Yogyakarta;24/05/2021
SEL-10627;Toko Seller Sukses 10626;Sidoarjo;27/03/2023
SEL-10628;Toko Seller Sukses 10627;Yogyakarta;20/08/2022
SEL-10629;Toko Seller Sukses 10628;Medan;26/03/2023
SEL-10630;Toko Seller Sukses 10629;Cimahi;21/09/2021
SEL-10631;Toko Seller Sukses 10630;Jakarta Selatan;15/10/2022
SEL-10632;Toko Seller Sukses 10631;Medan;09/08/2021
SEL-10633;Toko Seller Sukses 10632;Surabaya;06/07/2021
SEL-10634;Toko Seller Sukses 10633;Cimahi;21/05/2021
SEL-10635;Toko Seller Sukses 10634;Cimahi;30/05/2022
SEL-10636;Toko Seller Sukses 10635;Sidoarjo;16/05/2023
SEL-10637;Toko Seller Sukses 10636;Sidoarjo;30/06/2023
SEL-10638;Toko Seller Sukses 10637;Surabaya;15/01/2022
SEL-10639;Toko Seller Sukses 10638;Medan;14/01/2023
SEL-10640;Toko Seller Sukses 10639;Jakarta Selatan;26/12/2022
SEL-10641;Toko Seller Sukses 10640;Medan;24/02/2022
SEL-10642;Toko Seller Sukses 10641;Jakarta Selatan;21/10/2021
SEL-10643;Toko Seller Sukses 10642;Makassar;31/08/2022
SEL-10644;Toko Seller Sukses 10643;Medan;01/05/2023
SEL-10645;Toko Seller Sukses 10644;Jakarta Selatan;09/03/2023
SEL-10646;Toko Seller Sukses 10645;Yogyakarta;13/04/2022
SEL-10647;Toko Seller Sukses 10646;Makassar;15/03/2023
SEL-10648;Toko Seller Sukses 10647;Jakarta Pusat;09/06/2022
SEL-10649;Toko Seller Sukses 10648;Cimahi;03/01/2022
SEL-10650;Toko Seller Sukses 10649;Cimahi;09/03/2022
SEL-10651;Toko Seller Sukses 10650;Jakarta Pusat;07/06/2022
SEL-10652;Toko Seller Sukses 10651;Medan;27/07/2021
SEL-10653;Toko Seller Sukses 10652;Jakarta Pusat;10/06/2021
SEL-10654;Toko Seller Sukses 10653;Medan;20/07/2021
SEL-10655;Toko Seller Sukses 10654;Makassar;20/05/2023
SEL-10656;Toko Seller Sukses 10655;Sidoarjo;28/05/2021
SEL-10657;Toko Seller Sukses 10656;Sidoarjo;08/05/2022
SEL-10658;Toko Seller Sukses 10657;Jakarta Selatan;15/03/2022
SEL-10659;Toko Seller Sukses 10658;Makassar;14/03/2022
SEL-10660;Toko Seller Sukses 10659;Jakarta Pusat;05/04/2022
SEL-10661;Toko Seller Sukses 10660;Bandung;14/08/2021
SEL-10662;Toko Seller Sukses 10661;Yogyakarta;23/06/2023
SEL-10663;Toko Seller Sukses 10662;Bandung;20/09/2021
SEL-10664;Toko Seller Sukses 10663;Yogyakarta;14/12/2021
SEL-10665;Toko Seller Sukses 10664;Medan;09/05/2021
SEL-10666;Toko Seller Sukses 10665;Bandung;01/10/2021
SEL-10667;Toko Seller Sukses 10666;Yogyakarta;17/02/2023
SEL-10668;Toko Seller Sukses 10667;Sidoarjo;29/05/2023
SEL-10669;Toko Seller Sukses 10668;Makassar;20/09/2021
SEL-10670;Toko Seller Sukses 10669;Medan;01/03/2022
SEL-10671;Toko Seller Sukses 10670;Bandung;02/09/2022
SEL-10672;Toko Seller Sukses 10671;Bandung;11/04/2023
SEL-10673;Toko Seller Sukses 10672;Sidoarjo;09/06/2023
SEL-10674;Toko Seller Sukses 10673;Bandung;22/05/2022
SEL-10675;Toko Seller Sukses 10674;Jakarta Selatan;09/07/2022
SEL-10676;Toko Seller Sukses 10675;Jakarta Pusat;18/08/2021
SEL-10677;Toko Seller Sukses 10676;Cimahi;11/07/2022
SEL-10678;Toko Seller Sukses 10677;Makassar;24/04/2023
SEL-10679;Toko Seller Sukses 10678;Medan;18/04/2022
SEL-10680;Toko Seller Sukses 10679;Jakarta Selatan;23/07/2021
SEL-10681;Toko Seller Sukses 10680;Makassar;20/11/2022
SEL-10682;Toko Seller Sukses 10681;Jakarta Selatan;16/09/2022
SEL-10683;Toko Seller Sukses 10682;Medan;29/05/2021
SEL-10684;Toko Seller Sukses 10683;Surabaya;06/08/2022
SEL-10685;Toko Seller Sukses 10684;Jakarta Selatan;10/02/2022
SEL-10686;Toko Seller Sukses 10685;Surabaya;12/03/2023
SEL-10687;Toko Seller Sukses 10686;Medan;16/07/2022
SEL-10688;Toko Seller Sukses 10687;Sidoarjo;17/08/2021
SEL-10689;Toko Seller Sukses 10688;Cimahi;28/01/2023
SEL-10690;Toko Seller Sukses 10689;Makassar;24/01/2023
SEL-10691;Toko Seller Sukses 10690;Surabaya;17/12/2022
SEL-10692;Toko Seller Sukses 10691;Jakarta Pusat;14/10/2021
SEL-10693;Toko Seller Sukses 10692;Makassar;09/03/2022
SEL-10694;Toko Seller Sukses 10693;Yogyakarta;06/04/2023
SEL-10695;Toko Seller Sukses 10694;Surabaya;27/08/2022
SEL-10696;Toko Seller Sukses 10695;Jakarta Selatan;29/10/2021
SEL-10697;Toko Seller Sukses 10696;Bandung;26/05/2021
SEL-10698;Toko Seller Sukses 10697;Bandung;28/08/2021
SEL-10699;Toko Seller Sukses 10698;Surabaya;07/10/2022
SEL-10700;Toko Seller Sukses 10699;Jakarta Selatan;05/03/2023
SEL-10701;Toko Seller Sukses 10700;Medan;26/09/2021
SEL-10702;Toko Seller Sukses 10701;Jakarta Pusat;13/09/2022
SEL-10703;Toko Seller Sukses 10702;Bandung;02/10/2022
SEL-10704;Toko Seller Sukses 10703;Surabaya;15/06/2023
SEL-10705;Toko Seller Sukses 10704;Surabaya;12/08/2022
SEL-10706;Toko Seller Sukses 10705;Jakarta Pusat;03/11/2021
SEL-10707;Toko Seller Sukses 10706;Cimahi;20/12/2022
SEL-10708;Toko Seller Sukses 10707;Sidoarjo;31/03/2022
SEL-10709;Toko Seller Sukses 10708;Jakarta Selatan;22/12/2021
SEL-10710;Toko Seller Sukses 10709;Jakarta Pusat;02/11/2021
SEL-10711;Toko Seller Sukses 10710;Yogyakarta;19/06/2022
SEL-10712;Toko Seller Sukses 10711;Yogyakarta;27/01/2022
SEL-10713;Toko Seller Sukses 10712;Cimahi;15/10/2022
SEL-10714;Toko Seller Sukses 10713;Makassar;23/08/2021
SEL-10715;Toko Seller Sukses 10714;Yogyakarta;03/09/2021
SEL-10716;Toko Seller Sukses 10715;Jakarta Pusat;04/02/2023
SEL-10717;Toko Seller Sukses 10716;Surabaya;31/03/2022
SEL-10718;Toko Seller Sukses 10717;Makassar;06/03/2022
SEL-10719;Toko Seller Sukses 10718;Jakarta Pusat;28/04/2022
SEL-10720;Toko Seller Sukses 10719;Sidoarjo;22/07/2022
SEL-10721;Toko Seller Sukses 10720;Bandung;04/04/2022
SEL-10722;Toko Seller Sukses 10721;Medan;29/04/2022
SEL-10723;Toko Seller Sukses 10722;Surabaya;10/10/2022
SEL-10724;Toko Seller Sukses 10723;Surabaya;30/06/2022
SEL-10725;Toko Seller Sukses 10724;Sidoarjo;17/11/2021
SEL-10726;Toko Seller Sukses 10725;Makassar;26/01/2023
SEL-10727;Toko Seller Sukses 10726;Cimahi;24/11/2022
SEL-10728;Toko Seller Sukses 10727;Surabaya;18/10/2022
SEL-10729;Toko Seller Sukses 10728;Medan;05/05/2023
SEL-10730;Toko Seller Sukses 10729;Medan;04/06/2022
SEL-10731;Toko Seller Sukses 10730;Jakarta Pusat;02/08/2021
SEL-10732;Toko Seller Sukses 10731;Surabaya;02/01/2022
SEL-10733;Toko Seller Sukses 10732;Jakarta Pusat;30/03/2022
SEL-10734;Toko Seller Sukses 10733;Sidoarjo;01/03/2022
SEL-10735;Toko Seller Sukses 10734;Cimahi;12/11/2022
SEL-10736;Toko Seller Sukses 10735;Medan;11/04/2023
SEL-10737;Toko Seller Sukses 10736;Medan;18/01/2023
SEL-10738;Toko Seller Sukses 10737;Jakarta Selatan;12/11/2022
SEL-10739;Toko Seller Sukses 10738;Makassar;15/03/2023
SEL-10740;Toko Seller Sukses 10739;Cimahi;22/06/2021
SEL-10741;Toko Seller Sukses 10740;Bandung;11/07/2022
SEL-10742;Toko Seller Sukses 10741;Medan;01/07/2023
SEL-10743;Toko Seller Sukses 10742;Cimahi;16/08/2021
SEL-10744;Toko Seller Sukses 10743;Yogyakarta;02/07/2022
SEL-10745;Toko Seller Sukses 10744;Cimahi;04/04/2022
SEL-10746;Toko Seller Sukses 10745;Jakarta Pusat;26/03/2023
SEL-10747;Toko Seller Sukses 10746;Jakarta Selatan;08/02/2023
SEL-10748;Toko Seller Sukses 10747;Cimahi;16/08/2021
SEL-10749;Toko Seller Sukses 10748;Sidoarjo;03/12/2021
SEL-10750;Toko Seller Sukses 10749;Makassar;02/03/2022
SEL-10751;Toko Seller Sukses 10750;Cimahi;21/10/2021
SEL-10752;Toko Seller Sukses 10751;Jakarta Selatan;10/07/2021
SEL-10753;Toko Seller Sukses 10752;Jakarta Selatan;01/07/2022
SEL-10754;Toko Seller Sukses 10753;Cimahi;28/09/2022
SEL-10755;Toko Seller Sukses 10754;Jakarta Pusat;12/07/2022
SEL-10756;Toko Seller Sukses 10755;Bandung;12/01/2023
SEL-10757;Toko Seller Sukses 10756;Medan;08/07/2022
SEL-10758;Toko Seller Sukses 10757;Cimahi;10/07/2021
SEL-10759;Toko Seller Sukses 10758;Medan;01/01/2023
SEL-10760;Toko Seller Sukses 10759;Bandung;05/03/2023
SEL-10761;Toko Seller Sukses 10760;Surabaya;01/05/2021
SEL-10762;Toko Seller Sukses 10761;Sidoarjo;23/07/2022
SEL-10763;Toko Seller Sukses 10762;Cimahi;07/11/2021
SEL-10764;Toko Seller Sukses 10763;Sidoarjo;21/01/2023
SEL-10765;Toko Seller Sukses 10764;Medan;10/01/2022
SEL-10766;Toko Seller Sukses 10765;Cimahi;15/03/2023
SEL-10767;Toko Seller Sukses 10766;Jakarta Selatan;01/10/2021
SEL-10768;Toko Seller Sukses 10767;Jakarta Pusat;05/01/2023
SEL-10769;Toko Seller Sukses 10768;Yogyakarta;28/05/2023
SEL-10770;Toko Seller Sukses 10769;Surabaya;18/10/2021
SEL-10771;Toko Seller Sukses 10770;Sidoarjo;11/11/2022
SEL-10772;Toko Seller Sukses 10771;Sidoarjo;04/11/2022
SEL-10773;Toko Seller Sukses 10772;Jakarta Pusat;15/03/2022
SEL-10774;Toko Seller Sukses 10773;Medan;14/05/2022
SEL-10775;Toko Seller Sukses 10774;Cimahi;04/03/2022
SEL-10776;Toko Seller Sukses 10775;Bandung;26/02/2023
SEL-10777;Toko Seller Sukses 10776;Yogyakarta;03/09/2022
SEL-10778;Toko Seller Sukses 10777;Jakarta Selatan;11/05/2021
SEL-10779;Toko Seller Sukses 10778;Bandung;20/09/2021
SEL-10780;Toko Seller Sukses 10779;Sidoarjo;12/09/2022
SEL-10781;Toko Seller Sukses 10780;Sidoarjo;01/09/2022
SEL-10782;Toko Seller Sukses 10781;Makassar;20/12/2022
SEL-10783;Toko Seller Sukses 10782;Bandung;11/04/2022
SEL-10784;Toko Seller Sukses 10783;Bandung;16/09/2022
SEL-10785;Toko Seller Sukses 10784;Jakarta Pusat;07/06/2023
SEL-10786;Toko Seller Sukses 10785;Cimahi;22/05/2023
SEL-10787;Toko Seller Sukses 10786;Makassar;06/06/2022
SEL-10788;Toko Seller Sukses 10787;Yogyakarta;29/05/2023
SEL-10789;Toko Seller Sukses 10788;Medan;24/04/2022
SEL-10790;Toko Seller Sukses 10789;Medan;02/11/2022
SEL-10791;Toko Seller Sukses 10790;Cimahi;21/06/2022
SEL-10792;Toko Seller Sukses 10791;Jakarta Selatan;23/05/2023
SEL-10793;Toko Seller Sukses 10792;Sidoarjo;20/07/2022
SEL-10794;Toko Seller Sukses 10793;Surabaya;31/01/2022
SEL-10795;Toko Seller Sukses 10794;Surabaya;24/05/2021
SEL-10796;Toko Seller Sukses 10795;Jakarta Pusat;30/11/2021
SEL-10797;Toko Seller Sukses 10796;Jakarta Pusat;23/05/2023
SEL-10798;Toko Seller Sukses 10797;Bandung;26/04/2022
SEL-10799;Toko Seller Sukses 10798;Medan;28/07/2021
SEL-10800;Toko Seller Sukses 10799;Cimahi;04/08/2022
SEL-10801;Toko Seller Sukses 10800;Yogyakarta;01/06/2023
SEL-10802;Toko Seller Sukses 10801;Sidoarjo;30/07/2022
SEL-10803;Toko Seller Sukses 10802;Jakarta Pusat;20/02/2023
SEL-10804;Toko Seller Sukses 10803;Jakarta Pusat;07/05/2021
SEL-10805;Toko Seller Sukses 10804;Surabaya;18/10/2022
SEL-10806;Toko Seller Sukses 10805;Bandung;03/07/2023
SEL-10807;Toko Seller Sukses 10806;Yogyakarta;03/05/2023
SEL-10808;Toko Seller Sukses 10807;Jakarta Selatan;10/03/2023
SEL-10809;Toko Seller Sukses 10808;Yogyakarta;10/08/2022
SEL-10810;Toko Seller Sukses 10809;Jakarta Pusat;15/02/2022
SEL-10811;Toko Seller Sukses 10810;Bandung;30/06/2021
SEL-10812;Toko Seller Sukses 10811;Jakarta Selatan;24/12/2022
SEL-10813;Toko Seller Sukses 10812;Jakarta Selatan;28/09/2022
SEL-10814;Toko Seller Sukses 10813;Surabaya;07/07/2023
SEL-10815;Toko Seller Sukses 10814;Surabaya;05/03/2023
SEL-10816;Toko Seller Sukses 10815;Bandung;16/11/2021
SEL-10817;Toko Seller Sukses 10816;Sidoarjo;24/07/2021
SEL-10818;Toko Seller Sukses 10817;Jakarta Selatan;09/04/2022
SEL-10819;Toko Seller Sukses 10818;Makassar;28/12/2021
SEL-10820;Toko Seller Sukses 10819;Bandung;23/02/2022
SEL-10821;Toko Seller Sukses 10820;Jakarta Pusat;09/06/2023
SEL-10822;Toko Seller Sukses 10821;Surabaya;19/03/2023
SEL-10823;Toko Seller Sukses 10822;Jakarta Pusat;08/03/2022
SEL-10824;Toko Seller Sukses 10823;Cimahi;22/05/2022
SEL-10825;Toko Seller Sukses 10824;Bandung;15/02/2023
SEL-10826;Toko Seller Sukses 10825;Yogyakarta;04/06/2021
SEL-10827;Toko Seller Sukses 10826;Jakarta Pusat;01/11/2022
SEL-10828;Toko Seller Sukses 10827;Cimahi;19/07/2021
SEL-10829;Toko Seller Sukses 10828;Jakarta Selatan;10/10/2022
SEL-10830;Toko Seller Sukses 10829;Jakarta Pusat;22/04/2022
SEL-10831;Toko Seller Sukses 10830;Yogyakarta;10/02/2023
SEL-10832;Toko Seller Sukses 10831;Surabaya;15/01/2022
SEL-10833;Toko Seller Sukses 10832;Cimahi;02/04/2022
SEL-10834;Toko Seller Sukses 10833;Medan;10/07/2022
SEL-10835;Toko Seller Sukses 10834;Bandung;11/09/2021
SEL-10836;Toko Seller Sukses 10835;Jakarta Selatan;27/05/2021
SEL-10837;Toko Seller Sukses 10836;Yogyakarta;25/01/2023
SEL-10838;Toko Seller Sukses 10837;Makassar;23/08/2022
SEL-10839;Toko Seller Sukses 10838;Yogyakarta;12/11/2021
SEL-10840;Toko Seller Sukses 10839;Cimahi;12/07/2022
SEL-10841;Toko Seller Sukses 10840;Medan;11/01/2023
SEL-10842;Toko Seller Sukses 10841;Cimahi;15/08/2022
SEL-10843;Toko Seller Sukses 10842;Cimahi;15/12/2021
SEL-10844;Toko Seller Sukses 10843;Sidoarjo;13/04/2023
SEL-10845;Toko Seller Sukses 10844;Bandung;08/10/2021
SEL-10846;Toko Seller Sukses 10845;Makassar;03/07/2023
SEL-10847;Toko Seller Sukses 10846;Surabaya;04/05/2023
SEL-10848;Toko Seller Sukses 10847;Bandung;24/01/2022
SEL-10849;Toko Seller Sukses 10848;Bandung;12/01/2022
SEL-10850;Toko Seller Sukses 10849;Yogyakarta;20/03/2023
SEL-10851;Toko Seller Sukses 10850;Cimahi;29/03/2023
SEL-10852;Toko Seller Sukses 10851;Yogyakarta;18/10/2022
SEL-10853;Toko Seller Sukses 10852;Cimahi;18/05/2021
SEL-10854;Toko Seller Sukses 10853;Medan;03/06/2023
SEL-10855;Toko Seller Sukses 10854;Sidoarjo;09/10/2021
SEL-10856;Toko Seller Sukses 10855;Cimahi;10/04/2023
SEL-10857;Toko Seller Sukses 10856;Surabaya;14/12/2022
SEL-10858;Toko Seller Sukses 10857;Makassar;29/10/2022
SEL-10859;Toko Seller Sukses 10858;Bandung;22/09/2021
SEL-10860;Toko Seller Sukses 10859;Cimahi;27/06/2023
SEL-10861;Toko Seller Sukses 10860;Yogyakarta;02/10/2021
SEL-10862;Toko Seller Sukses 10861;Sidoarjo;28/05/2023
SEL-10863;Toko Seller Sukses 10862;Surabaya;22/10/2022
SEL-10864;Toko Seller Sukses 10863;Yogyakarta;05/02/2023
SEL-10865;Toko Seller Sukses 10864;Medan;09/04/2023
SEL-10866;Toko Seller Sukses 10865;Jakarta Pusat;08/10/2021
SEL-10867;Toko Seller Sukses 10866;Bandung;10/05/2023
SEL-10868;Toko Seller Sukses 10867;Jakarta Selatan;01/11/2021
SEL-10869;Toko Seller Sukses 10868;Surabaya;30/01/2022
SEL-10870;Toko Seller Sukses 10869;Surabaya;17/04/2023
SEL-10871;Toko Seller Sukses 10870;Makassar;04/09/2021
SEL-10872;Toko Seller Sukses 10871;Bandung;21/09/2021
SEL-10873;Toko Seller Sukses 10872;Bandung;26/04/2022
SEL-10874;Toko Seller Sukses 10873;Sidoarjo;03/02/2023
SEL-10875;Toko Seller Sukses 10874;Surabaya;21/07/2022
SEL-10876;Toko Seller Sukses 10875;Medan;26/09/2022
SEL-10877;Toko Seller Sukses 10876;Surabaya;18/10/2022
SEL-10878;Toko Seller Sukses 10877;Makassar;25/12/2021
SEL-10879;Toko Seller Sukses 10878;Jakarta Pusat;29/03/2022
SEL-10880;Toko Seller Sukses 10879;Makassar;02/09/2022
SEL-10881;Toko Seller Sukses 10880;Jakarta Selatan;25/06/2022
SEL-10882;Toko Seller Sukses 10881;Bandung;23/05/2021
SEL-10883;Toko Seller Sukses 10882;Cimahi;01/05/2022
SEL-10884;Toko Seller Sukses 10883;Yogyakarta;23/06/2023
SEL-10885;Toko Seller Sukses 10884;Jakarta Pusat;03/05/2021
SEL-10886;Toko Seller Sukses 10885;Bandung;30/10/2021
SEL-10887;Toko Seller Sukses 10886;Jakarta Pusat;27/04/2023
SEL-10888;Toko Seller Sukses 10887;Surabaya;26/10/2021
SEL-10889;Toko Seller Sukses 10888;Surabaya;06/07/2022
SEL-10890;Toko Seller Sukses 10889;Surabaya;03/07/2023
SEL-10891;Toko Seller Sukses 10890;Sidoarjo;22/02/2023
SEL-10892;Toko Seller Sukses 10891;Cimahi;25/06/2023
SEL-10893;Toko Seller Sukses 10892;Makassar;22/11/2021
SEL-10894;Toko Seller Sukses 10893;Makassar;18/10/2022
SEL-10895;Toko Seller Sukses 10894;Jakarta Selatan;22/02/2022
SEL-10896;Toko Seller Sukses 10895;Sidoarjo;04/07/2023
SEL-10897;Toko Seller Sukses 10896;Yogyakarta;09/12/2022
SEL-10898;Toko Seller Sukses 10897;Surabaya;16/01/2022
SEL-10899;Toko Seller Sukses 10898;Bandung;22/05/2023
SEL-10900;Toko Seller Sukses 10899;Jakarta Selatan;23/02/2022
SEL-10901;Toko Seller Sukses 10900;Makassar;16/08/2021
SEL-10902;Toko Seller Sukses 10901;Jakarta Selatan;25/06/2021
SEL-10903;Toko Seller Sukses 10902;Medan;05/01/2022
SEL-10904;Toko Seller Sukses 10903;Cimahi;08/07/2023
SEL-10905;Toko Seller Sukses 10904;Medan;14/05/2021
SEL-10906;Toko Seller Sukses 10905;Bandung;16/03/2022
SEL-10907;Toko Seller Sukses 10906;Yogyakarta;15/03/2022
SEL-10908;Toko Seller Sukses 10907;Jakarta Pusat;17/05/2023
SEL-10909;Toko Seller Sukses 10908;Yogyakarta;26/06/2021
SEL-10910;Toko Seller Sukses 10909;Yogyakarta;16/12/2022
SEL-10911;Toko Seller Sukses 10910;Jakarta Pusat;25/05/2021
SEL-10912;Toko Seller Sukses 10911;Medan;15/08/2021
SEL-10913;Toko Seller Sukses 10912;Cimahi;18/08/2022
SEL-10914;Toko Seller Sukses 10913;Surabaya;31/03/2023
SEL-10915;Toko Seller Sukses 10914;Yogyakarta;17/08/2021
SEL-10916;Toko Seller Sukses 10915;Medan;23/03/2023
SEL-10917;Toko Seller Sukses 10916;Jakarta Selatan;15/03/2023
SEL-10918;Toko Seller Sukses 10917;Cimahi;25/02/2022
SEL-10919;Toko Seller Sukses 10918;Yogyakarta;07/04/2023
SEL-10920;Toko Seller Sukses 10919;Bandung;26/09/2022
SEL-10921;Toko Seller Sukses 10920;Medan;24/11/2021
SEL-10922;Toko Seller Sukses 10921;Cimahi;01/04/2023
SEL-10923;Toko Seller Sukses 10922;Cimahi;29/06/2023
SEL-10924;Toko Seller Sukses 10923;Cimahi;15/02/2023
SEL-10925;Toko Seller Sukses 10924;Jakarta Selatan;02/05/2022
SEL-10926;Toko Seller Sukses 10925;Jakarta Selatan;23/06/2022
SEL-10927;Toko Seller Sukses 10926;Jakarta Pusat;11/06/2023
SEL-10928;Toko Seller Sukses 10927;Yogyakarta;24/12/2021
SEL-10929;Toko Seller Sukses 10928;Yogyakarta;05/05/2022
SEL-10930;Toko Seller Sukses 10929;Cimahi;13/12/2022
SEL-10931;Toko Seller Sukses 10930;Jakarta Selatan;18/02/2023
SEL-10932;Toko Seller Sukses 10931;Jakarta Pusat;26/12/2022
SEL-10933;Toko Seller Sukses 10932;Yogyakarta;05/10/2022
SEL-10934;Toko Seller Sukses 10933;Medan;08/05/2023
SEL-10935;Toko Seller Sukses 10934;Makassar;08/07/2021
SEL-10936;Toko Seller Sukses 10935;Jakarta Selatan;16/08/2021
SEL-10937;Toko Seller Sukses 10936;Sidoarjo;01/06/2022
SEL-10938;Toko Seller Sukses 10937;Medan;11/02/2023
SEL-10939;Toko Seller Sukses 10938;Cimahi;25/12/2021
SEL-10940;Toko Seller Sukses 10939;Sidoarjo;12/04/2022
SEL-10941;Toko Seller Sukses 10940;Cimahi;06/06/2021
SEL-10942;Toko Seller Sukses 10941;Surabaya;07/03/2023
SEL-10943;Toko Seller Sukses 10942;Surabaya;28/12/2022
SEL-10944;Toko Seller Sukses 10943;Medan;05/07/2022
SEL-10945;Toko Seller Sukses 10944;Cimahi;30/01/2023
SEL-10946;Toko Seller Sukses 10945;Sidoarjo;15/02/2023
SEL-10947;Toko Seller Sukses 10946;Surabaya;12/02/2022
SEL-10948;Toko Seller Sukses 10947;Jakarta Selatan;01/07/2021
SEL-10949;Toko Seller Sukses 10948;Makassar;22/05/2022
SEL-10950;Toko Seller Sukses 10949;Sidoarjo;28/02/2022
SEL-10951;Toko Seller Sukses 10950;Sidoarjo;02/09/2022
SEL-10952;Toko Seller Sukses 10951;Yogyakarta;11/10/2022
SEL-10953;Toko Seller Sukses 10952;Yogyakarta;29/01/2023
SEL-10954;Toko Seller Sukses 10953;Jakarta Pusat;11/05/2021
SEL-10955;Toko Seller Sukses 10954;Medan;03/03/2023
SEL-10956;Toko Seller Sukses 10955;Jakarta Pusat;17/02/2022
SEL-10957;Toko Seller Sukses 10956;Medan;17/11/2021
SEL-10958;Toko Seller Sukses 10957;Jakarta Pusat;29/05/2022
SEL-10959;Toko Seller Sukses 10958;Makassar;06/05/2023
SEL-10960;Toko Seller Sukses 10959;Sidoarjo;13/06/2021
SEL-10961;Toko Seller Sukses 10960;Yogyakarta;27/09/2021
SEL-10962;Toko Seller Sukses 10961;Cimahi;31/08/2022
SEL-10963;Toko Seller Sukses 10962;Bandung;07/07/2022
SEL-10964;Toko Seller Sukses 10963;Jakarta Selatan;09/08/2021
SEL-10965;Toko Seller Sukses 10964;Jakarta Selatan;24/06/2021
SEL-10966;Toko Seller Sukses 10965;Bandung;17/01/2023
SEL-10967;Toko Seller Sukses 10966;Jakarta Selatan;01/12/2021
SEL-10968;Toko Seller Sukses 10967;Jakarta Pusat;02/09/2021
SEL-10969;Toko Seller Sukses 10968;Medan;30/05/2023
SEL-10970;Toko Seller Sukses 10969;Cimahi;08/04/2023
SEL-10971;Toko Seller Sukses 10970;Bandung;07/01/2022
SEL-10972;Toko Seller Sukses 10971;Jakarta Pusat;05/06/2021
SEL-10973;Toko Seller Sukses 10972;Yogyakarta;18/03/2023
SEL-10974;Toko Seller Sukses 10973;Jakarta Selatan;30/07/2021
SEL-10975;Toko Seller Sukses 10974;Bandung;15/12/2022
SEL-10976;Toko Seller Sukses 10975;Bandung;16/10/2022
SEL-10977;Toko Seller Sukses 10976;Makassar;26/12/2021
SEL-10978;Toko Seller Sukses 10977;Cimahi;30/01/2022
SEL-10979;Toko Seller Sukses 10978;Surabaya;17/07/2021
SEL-10980;Toko Seller Sukses 10979;Jakarta Pusat;21/04/2023
SEL-10981;Toko Seller Sukses 10980;Surabaya;29/08/2022
SEL-10982;Toko Seller Sukses 10981;Surabaya;01/02/2022
SEL-10983;Toko Seller Sukses 10982;Sidoarjo;12/10/2022
SEL-10984;Toko Seller Sukses 10983;Makassar;10/09/2021
SEL-10985;Toko Seller Sukses 10984;Bandung;14/05/2021
SEL-10986;Toko Seller Sukses 10985;Makassar;01/11/2021
SEL-10987;Toko Seller Sukses 10986;Jakarta Selatan;17/11/2022
SEL-10988;Toko Seller Sukses 10987;Cimahi;04/07/2022
SEL-10989;Toko Seller Sukses 10988;Bandung;31/01/2022
SEL-10990;Toko Seller Sukses 10989;Medan;16/08/2021
SEL-10991;Toko Seller Sukses 10990;Sidoarjo;01/06/2022
SEL-10992;Toko Seller Sukses 10991;Jakarta Selatan;03/03/2022
SEL-10993;Toko Seller Sukses 10992;Cimahi;11/03/2022
SEL-10994;Toko Seller Sukses 10993;Sidoarjo;19/04/2023
SEL-10995;Toko Seller Sukses 10994;Medan;12/02/2023
SEL-10996;Toko Seller Sukses 10995;Jakarta Pusat;07/05/2022
SEL-10997;Toko Seller Sukses 10996;Medan;19/05/2023
SEL-10998;Toko Seller Sukses 10997;Sidoarjo;24/01/2023
SEL-10999;Toko Seller Sukses 10998;Medan;23/06/2023
SEL-11000;Toko Seller Sukses 10999;Jakarta Selatan;13/12/2021
SEL-11001;Toko Seller Sukses 11000;Bandung;09/03/2023
SEL-11002;Toko Seller Sukses 11001;Cimahi;22/10/2021
SEL-11003;Toko Seller Sukses 11002;Sidoarjo;01/01/2023
SEL-11004;Toko Seller Sukses 11003;Yogyakarta;16/12/2022
SEL-11005;Toko Seller Sukses 11004;Bandung;08/11/2022
SEL-11006;Toko Seller Sukses 11005;Jakarta Pusat;13/02/2022
SEL-11007;Toko Seller Sukses 11006;Cimahi;22/02/2022
SEL-11008;Toko Seller Sukses 11007;Bandung;10/07/2021
SEL-11009;Toko Seller Sukses 11008;Jakarta Pusat;25/07/2021
SEL-11010;Toko Seller Sukses 11009;Makassar;19/05/2022
SEL-11011;Toko Seller Sukses 11010;Cimahi;12/08/2022
SEL-11012;Toko Seller Sukses 11011;Makassar;19/05/2021
SEL-11013;Toko Seller Sukses 11012;Sidoarjo;12/03/2023
SEL-11014;Toko Seller Sukses 11013;Surabaya;06/10/2022
SEL-11015;Toko Seller Sukses 11014;Jakarta Pusat;05/06/2022
SEL-11016;Toko Seller Sukses 11015;Makassar;24/07/2022
SEL-11017;Toko Seller Sukses 11016;Cimahi;29/10/2021
SEL-11018;Toko Seller Sukses 11017;Cimahi;07/09/2021
SEL-11019;Toko Seller Sukses 11018;Jakarta Selatan;29/04/2023
SEL-11020;Toko Seller Sukses 11019;Makassar;13/11/2021
SEL-11021;Toko Seller Sukses 11020;Sidoarjo;27/05/2023
SEL-11022;Toko Seller Sukses 11021;Makassar;02/05/2023
SEL-11023;Toko Seller Sukses 11022;Sidoarjo;15/08/2022
SEL-11024;Toko Seller Sukses 11023;Bandung;27/06/2022
SEL-11025;Toko Seller Sukses 11024;Medan;07/02/2023
SEL-11026;Toko Seller Sukses 11025;Jakarta Pusat;12/11/2022
SEL-11027;Toko Seller Sukses 11026;Cimahi;11/06/2023
SEL-11028;Toko Seller Sukses 11027;Sidoarjo;03/01/2023
SEL-11029;Toko Seller Sukses 11028;Cimahi;30/07/2022
SEL-11030;Toko Seller Sukses 11029;Bandung;26/09/2021
SEL-11031;Toko Seller Sukses 11030;Jakarta Selatan;09/09/2021
SEL-11032;Toko Seller Sukses 11031;Surabaya;28/09/2022
SEL-11033;Toko Seller Sukses 11032;Surabaya;12/10/2021
SEL-11034;Toko Seller Sukses 11033;Sidoarjo;16/03/2022
SEL-11035;Toko Seller Sukses 11034;Medan;05/04/2022
SEL-11036;Toko Seller Sukses 11035;Jakarta Selatan;13/05/2023
SEL-11037;Toko Seller Sukses 11036;Bandung;08/10/2022
SEL-11038;Toko Seller Sukses 11037;Jakarta Pusat;03/12/2022
SEL-11039;Toko Seller Sukses 11038;Cimahi;26/03/2023
SEL-11040;Toko Seller Sukses 11039;Jakarta Selatan;19/07/2022
SEL-11041;Toko Seller Sukses 11040;Yogyakarta;06/01/2022
SEL-11042;Toko Seller Sukses 11041;Surabaya;24/02/2023
SEL-11043;Toko Seller Sukses 11042;Yogyakarta;27/07/2021
SEL-11044;Toko Seller Sukses 11043;Surabaya;06/07/2021
SEL-11045;Toko Seller Sukses 11044;Surabaya;26/11/2022
SEL-11046;Toko Seller Sukses 11045;Bandung;02/07/2022
SEL-11047;Toko Seller Sukses 11046;Medan;30/09/2021
SEL-11048;Toko Seller Sukses 11047;Yogyakarta;28/10/2021
SEL-11049;Toko Seller Sukses 11048;Yogyakarta;21/07/2021
SEL-11050;Toko Seller Sukses 11049;Cimahi;14/07/2022
SEL-11051;Toko Seller Sukses 11050;Yogyakarta;28/11/2022
SEL-11052;Toko Seller Sukses 11051;Sidoarjo;04/12/2022
SEL-11053;Toko Seller Sukses 11052;Yogyakarta;18/02/2023
SEL-11054;Toko Seller Sukses 11053;Jakarta Pusat;27/10/2022
SEL-11055;Toko Seller Sukses 11054;Jakarta Selatan;03/03/2022
SEL-11056;Toko Seller Sukses 11055;Jakarta Pusat;12/05/2022
SEL-11057;Toko Seller Sukses 11056;Surabaya;12/06/2023
SEL-11058;Toko Seller Sukses 11057;Jakarta Pusat;10/12/2021
SEL-11059;Toko Seller Sukses 11058;Bandung;22/05/2021
SEL-11060;Toko Seller Sukses 11059;Jakarta Selatan;22/11/2022
SEL-11061;Toko Seller Sukses 11060;Medan;28/05/2021
SEL-11062;Toko Seller Sukses 11061;Jakarta Pusat;11/06/2022
SEL-11063;Toko Seller Sukses 11062;Makassar;28/03/2022
SEL-11064;Toko Seller Sukses 11063;Sidoarjo;26/05/2022
SEL-11065;Toko Seller Sukses 11064;Makassar;22/03/2022
SEL-11066;Toko Seller Sukses 11065;Jakarta Pusat;24/07/2021
SEL-11067;Toko Seller Sukses 11066;Cimahi;02/03/2022
SEL-11068;Toko Seller Sukses 11067;Yogyakarta;05/10/2022
SEL-11069;Toko Seller Sukses 11068;Yogyakarta;05/06/2023
SEL-11070;Toko Seller Sukses 11069;Surabaya;30/11/2022
SEL-11071;Toko Seller Sukses 11070;Sidoarjo;09/06/2021
SEL-11072;Toko Seller Sukses 11071;Jakarta Pusat;12/02/2023
SEL-11073;Toko Seller Sukses 11072;Medan;09/08/2021
SEL-11074;Toko Seller Sukses 11073;Surabaya;13/07/2022
SEL-11075;Toko Seller Sukses 11074;Jakarta Pusat;18/06/2021
SEL-11076;Toko Seller Sukses 11075;Jakarta Selatan;16/11/2021
SEL-11077;Toko Seller Sukses 11076;Bandung;19/11/2021
SEL-11078;Toko Seller Sukses 11077;Sidoarjo;27/08/2021
SEL-11079;Toko Seller Sukses 11078;Bandung;26/09/2021
SEL-11080;Toko Seller Sukses 11079;Cimahi;19/10/2022
SEL-11081;Toko Seller Sukses 11080;Surabaya;09/02/2023
SEL-11082;Toko Seller Sukses 11081;Yogyakarta;11/10/2021
SEL-11083;Toko Seller Sukses 11082;Sidoarjo;19/04/2023
SEL-11084;Toko Seller Sukses 11083;Cimahi;05/03/2022
SEL-11085;Toko Seller Sukses 11084;Makassar;25/06/2022
SEL-11086;Toko Seller Sukses 11085;Medan;13/04/2022
SEL-11087;Toko Seller Sukses 11086;Jakarta Pusat;07/06/2022
SEL-11088;Toko Seller Sukses 11087;Cimahi;02/01/2022
SEL-11089;Toko Seller Sukses 11088;Jakarta Pusat;06/04/2022
SEL-11090;Toko Seller Sukses 11089;Bandung;28/04/2022
SEL-11091;Toko Seller Sukses 11090;Jakarta Selatan;21/06/2021
SEL-11092;Toko Seller Sukses 11091;Cimahi;11/03/2022
SEL-11093;Toko Seller Sukses 11092;Yogyakarta;28/03/2023
SEL-11094;Toko Seller Sukses 11093;Jakarta Selatan;20/08/2022
SEL-11095;Toko Seller Sukses 11094;Cimahi;03/02/2022
SEL-11096;Toko Seller Sukses 11095;Cimahi;16/05/2023
SEL-11097;Toko Seller Sukses 11096;Bandung;15/12/2022
SEL-11098;Toko Seller Sukses 11097;Surabaya;06/04/2023
SEL-11099;Toko Seller Sukses 11098;Yogyakarta;13/07/2021
SEL-11100;Toko Seller Sukses 11099;Yogyakarta;21/10/2022
SEL-11101;Toko Seller Sukses 11100;Cimahi;18/10/2021
SEL-11102;Toko Seller Sukses 11101;Jakarta Pusat;18/06/2022
SEL-11103;Toko Seller Sukses 11102;Makassar;11/09/2021
SEL-11104;Toko Seller Sukses 11103;Makassar;26/02/2023
SEL-11105;Toko Seller Sukses 11104;Makassar;13/09/2022
SEL-11106;Toko Seller Sukses 11105;Sidoarjo;07/06/2021
SEL-11107;Toko Seller Sukses 11106;Yogyakarta;07/06/2021
SEL-11108;Toko Seller Sukses 11107;Medan;13/01/2022
SEL-11109;Toko Seller Sukses 11108;Yogyakarta;24/08/2021
SEL-11110;Toko Seller Sukses 11109;Medan;10/01/2022
SEL-11111;Toko Seller Sukses 11110;Bandung;16/08/2022
SEL-11112;Toko Seller Sukses 11111;Yogyakarta;08/09/2021
SEL-11113;Toko Seller Sukses 11112;Sidoarjo;08/06/2023
SEL-11114;Toko Seller Sukses 11113;Surabaya;14/08/2021
SEL-11115;Toko Seller Sukses 11114;Makassar;13/05/2021
SEL-11116;Toko Seller Sukses 11115;Jakarta Selatan;09/05/2021
SEL-11117;Toko Seller Sukses 11116;Yogyakarta;09/10/2022
SEL-11118;Toko Seller Sukses 11117;Yogyakarta;20/02/2022
SEL-11119;Toko Seller Sukses 11118;Makassar;23/08/2022
SEL-11120;Toko Seller Sukses 11119;Jakarta Pusat;15/11/2022
SEL-11121;Toko Seller Sukses 11120;Surabaya;05/08/2022
SEL-11122;Toko Seller Sukses 11121;Medan;18/12/2022
SEL-11123;Toko Seller Sukses 11122;Jakarta Selatan;02/09/2021
SEL-11124;Toko Seller Sukses 11123;Cimahi;27/05/2023
SEL-11125;Toko Seller Sukses 11124;Jakarta Selatan;07/10/2021
SEL-11126;Toko Seller Sukses 11125;Cimahi;20/06/2021
SEL-11127;Toko Seller Sukses 11126;Yogyakarta;02/09/2022
SEL-11128;Toko Seller Sukses 11127;Jakarta Pusat;11/01/2023
SEL-11129;Toko Seller Sukses 11128;Makassar;18/12/2022
SEL-11130;Toko Seller Sukses 11129;Cimahi;07/02/2022
SEL-11131;Toko Seller Sukses 11130;Cimahi;01/07/2021
SEL-11132;Toko Seller Sukses 11131;Jakarta Selatan;21/10/2021
SEL-11133;Toko Seller Sukses 11132;Makassar;02/11/2022
SEL-11134;Toko Seller Sukses 11133;Bandung;07/05/2021
SEL-11135;Toko Seller Sukses 11134;Jakarta Pusat;24/08/2021
SEL-11136;Toko Seller Sukses 11135;Surabaya;20/02/2022
SEL-11137;Toko Seller Sukses 11136;Jakarta Selatan;07/04/2022
SEL-11138;Toko Seller Sukses 11137;Jakarta Pusat;22/06/2022
SEL-11139;Toko Seller Sukses 11138;Sidoarjo;20/05/2021
SEL-11140;Toko Seller Sukses 11139;Cimahi;15/02/2023
SEL-11141;Toko Seller Sukses 11140;Surabaya;05/12/2022
SEL-11142;Toko Seller Sukses 11141;Jakarta Pusat;20/02/2023
SEL-11143;Toko Seller Sukses 11142;Sidoarjo;24/05/2023
SEL-11144;Toko Seller Sukses 11143;Medan;19/01/2022
SEL-11145;Toko Seller Sukses 11144;Surabaya;30/11/2022
SEL-11146;Toko Seller Sukses 11145;Surabaya;07/07/2022
SEL-11147;Toko Seller Sukses 11146;Bandung;31/12/2021
SEL-11148;Toko Seller Sukses 11147;Sidoarjo;13/05/2023
SEL-11149;Toko Seller Sukses 11148;Bandung;24/06/2021
SEL-11150;Toko Seller Sukses 11149;Jakarta Selatan;28/07/2022
SEL-11151;Toko Seller Sukses 11150;Makassar;29/11/2021
SEL-11152;Toko Seller Sukses 11151;Medan;24/12/2022
SEL-11153;Toko Seller Sukses 11152;Medan;12/08/2021
SEL-11154;Toko Seller Sukses 11153;Jakarta Selatan;18/03/2023
SEL-11155;Toko Seller Sukses 11154;Cimahi;28/12/2021
SEL-11156;Toko Seller Sukses 11155;Bandung;18/01/2023
SEL-11157;Toko Seller Sukses 11156;Cimahi;15/04/2023
SEL-11158;Toko Seller Sukses 11157;Yogyakarta;24/01/2022
SEL-11159;Toko Seller Sukses 11158;Jakarta Pusat;15/06/2022
SEL-11160;Toko Seller Sukses 11159;Sidoarjo;24/05/2023
SEL-11161;Toko Seller Sukses 11160;Medan;24/09/2022
SEL-11162;Toko Seller Sukses 11161;Sidoarjo;25/11/2022
SEL-11163;Toko Seller Sukses 11162;Yogyakarta;27/11/2021
SEL-11164;Toko Seller Sukses 11163;Surabaya;22/02/2022
SEL-11165;Toko Seller Sukses 11164;Jakarta Selatan;25/06/2022
SEL-11166;Toko Seller Sukses 11165;Bandung;23/06/2022
SEL-11167;Toko Seller Sukses 11166;Jakarta Selatan;29/06/2023
SEL-11168;Toko Seller Sukses 11167;Bandung;01/05/2022
SEL-11169;Toko Seller Sukses 11168;Sidoarjo;11/09/2021
SEL-11170;Toko Seller Sukses 11169;Jakarta Pusat;22/05/2022
SEL-11171;Toko Seller Sukses 11170;Cimahi;04/06/2021
SEL-11172;Toko Seller Sukses 11171;Bandung;14/02/2023
SEL-11173;Toko Seller Sukses 11172;Yogyakarta;02/05/2021
SEL-11174;Toko Seller Sukses 11173;Surabaya;07/05/2022
SEL-11175;Toko Seller Sukses 11174;Makassar;27/06/2021
SEL-11176;Toko Seller Sukses 11175;Jakarta Selatan;03/08/2021
SEL-11177;Toko Seller Sukses 11176;Bandung;19/05/2021
SEL-11178;Toko Seller Sukses 11177;Jakarta Pusat;31/10/2022
SEL-11179;Toko Seller Sukses 11178;Jakarta Pusat;21/12/2021
SEL-11180;Toko Seller Sukses 11179;Sidoarjo;11/06/2022
SEL-11181;Toko Seller Sukses 11180;Yogyakarta;26/09/2021
SEL-11182;Toko Seller Sukses 11181;Cimahi;28/08/2021
SEL-11183;Toko Seller Sukses 11182;Sidoarjo;12/03/2022
SEL-11184;Toko Seller Sukses 11183;Bandung;14/12/2022
SEL-11185;Toko Seller Sukses 11184;Cimahi;09/03/2023
SEL-11186;Toko Seller Sukses 11185;Medan;12/05/2021
SEL-11187;Toko Seller Sukses 11186;Surabaya;16/02/2022
SEL-11188;Toko Seller Sukses 11187;Surabaya;17/12/2022
SEL-11189;Toko Seller Sukses 11188;Surabaya;02/02/2022
SEL-11190;Toko Seller Sukses 11189;Makassar;19/10/2022
SEL-11191;Toko Seller Sukses 11190;Bandung;10/06/2022
SEL-11192;Toko Seller Sukses 11191;Jakarta Selatan;13/02/2023
SEL-11193;Toko Seller Sukses 11192;Jakarta Selatan;28/08/2022
SEL-11194;Toko Seller Sukses 11193;Yogyakarta;04/06/2022
SEL-11195;Toko Seller Sukses 11194;Makassar;08/11/2022
SEL-11196;Toko Seller Sukses 11195;Cimahi;11/10/2022
SEL-11197;Toko Seller Sukses 11196;Cimahi;22/02/2023
SEL-11198;Toko Seller Sukses 11197;Bandung;15/01/2023
SEL-11199;Toko Seller Sukses 11198;Yogyakarta;03/11/2021
SEL-11200;Toko Seller Sukses 11199;Medan;11/10/2021
SEL-11201;Toko Seller Sukses 11200;Jakarta Selatan;07/10/2021
SEL-11202;Toko Seller Sukses 11201;Medan;29/04/2022
SEL-11203;Toko Seller Sukses 11202;Sidoarjo;13/01/2023
SEL-11204;Toko Seller Sukses 11203;Surabaya;24/11/2021
SEL-11205;Toko Seller Sukses 11204;Jakarta Pusat;09/02/2023
SEL-11206;Toko Seller Sukses 11205;Yogyakarta;12/06/2021
SEL-11207;Toko Seller Sukses 11206;Jakarta Selatan;17/10/2022
SEL-11208;Toko Seller Sukses 11207;Surabaya;16/11/2021
SEL-11209;Toko Seller Sukses 11208;Sidoarjo;24/05/2023
SEL-11210;Toko Seller Sukses 11209;Jakarta Selatan;14/05/2022
SEL-11211;Toko Seller Sukses 11210;Medan;14/01/2023
SEL-11212;Toko Seller Sukses 11211;Yogyakarta;05/05/2023
SEL-11213;Toko Seller Sukses 11212;Sidoarjo;22/08/2022
SEL-11214;Toko Seller Sukses 11213;Yogyakarta;14/06/2021
SEL-11215;Toko Seller Sukses 11214;Sidoarjo;30/01/2023
SEL-11216;Toko Seller Sukses 11215;Jakarta Pusat;24/01/2022
SEL-11217;Toko Seller Sukses 11216;Bandung;30/04/2022
SEL-11218;Toko Seller Sukses 11217;Medan;02/10/2021
SEL-11219;Toko Seller Sukses 11218;Yogyakarta;06/06/2022
SEL-11220;Toko Seller Sukses 11219;Bandung;16/05/2021
SEL-11221;Toko Seller Sukses 11220;Jakarta Pusat;11/01/2022
SEL-11222;Toko Seller Sukses 11221;Surabaya;23/09/2021
SEL-11223;Toko Seller Sukses 11222;Bandung;20/04/2023
SEL-11224;Toko Seller Sukses 11223;Bandung;26/11/2021
SEL-11225;Toko Seller Sukses 11224;Sidoarjo;29/12/2021
SEL-11226;Toko Seller Sukses 11225;Makassar;02/03/2023
SEL-11227;Toko Seller Sukses 11226;Sidoarjo;14/06/2022
SEL-11228;Toko Seller Sukses 11227;Bandung;03/01/2023
SEL-11229;Toko Seller Sukses 11228;Cimahi;02/08/2022
SEL-11230;Toko Seller Sukses 11229;Cimahi;23/12/2022
SEL-11231;Toko Seller Sukses 11230;Jakarta Selatan;20/05/2021
SEL-11232;Toko Seller Sukses 11231;Jakarta Pusat;25/01/2022
SEL-11233;Toko Seller Sukses 11232;Yogyakarta;27/07/2021
SEL-11234;Toko Seller Sukses 11233;Makassar;31/03/2022
SEL-11235;Toko Seller Sukses 11234;Jakarta Selatan;21/09/2022
SEL-11236;Toko Seller Sukses 11235;Sidoarjo;10/04/2023
SEL-11237;Toko Seller Sukses 11236;Bandung;13/05/2021
SEL-11238;Toko Seller Sukses 11237;Cimahi;03/06/2022
SEL-11239;Toko Seller Sukses 11238;Medan;12/02/2022
SEL-11240;Toko Seller Sukses 11239;Jakarta Selatan;31/05/2021
SEL-11241;Toko Seller Sukses 11240;Jakarta Pusat;19/09/2022
SEL-11242;Toko Seller Sukses 11241;Surabaya;22/12/2021
SEL-11243;Toko Seller Sukses 11242;Yogyakarta;11/06/2021
SEL-11244;Toko Seller Sukses 11243;Yogyakarta;29/12/2022
SEL-11245;Toko Seller Sukses 11244;Yogyakarta;01/11/2022
SEL-11246;Toko Seller Sukses 11245;Medan;20/12/2022
SEL-11247;Toko Seller Sukses 11246;Yogyakarta;18/07/2021
SEL-11248;Toko Seller Sukses 11247;Bandung;28/09/2022
SEL-11249;Toko Seller Sukses 11248;Makassar;29/08/2021
SEL-11250;Toko Seller Sukses 11249;Jakarta Selatan;25/11/2022
SEL-11251;Toko Seller Sukses 11250;Jakarta Pusat;04/06/2021
SEL-11252;Toko Seller Sukses 11251;Sidoarjo;05/12/2021
SEL-11253;Toko Seller Sukses 11252;Surabaya;22/06/2022
SEL-11254;Toko Seller Sukses 11253;Medan;20/05/2023
SEL-11255;Toko Seller Sukses 11254;Yogyakarta;21/07/2022
SEL-11256;Toko Seller Sukses 11255;Bandung;22/08/2021
SEL-11257;Toko Seller Sukses 11256;Bandung;11/04/2023
SEL-11258;Toko Seller Sukses 11257;Surabaya;22/12/2021
SEL-11259;Toko Seller Sukses 11258;Bandung;09/05/2023
SEL-11260;Toko Seller Sukses 11259;Sidoarjo;30/10/2021
SEL-11261;Toko Seller Sukses 11260;Sidoarjo;22/10/2022
SEL-11262;Toko Seller Sukses 11261;Medan;18/08/2021
SEL-11263;Toko Seller Sukses 11262;Cimahi;04/05/2021
SEL-11264;Toko Seller Sukses 11263;Bandung;30/06/2021
SEL-11265;Toko Seller Sukses 11264;Sidoarjo;14/11/2022
SEL-11266;Toko Seller Sukses 11265;Surabaya;23/02/2022
SEL-11267;Toko Seller Sukses 11266;Bandung;04/07/2023
SEL-11268;Toko Seller Sukses 11267;Jakarta Pusat;11/12/2021
SEL-11269;Toko Seller Sukses 11268;Sidoarjo;06/06/2021
SEL-11270;Toko Seller Sukses 11269;Sidoarjo;07/10/2021
SEL-11271;Toko Seller Sukses 11270;Jakarta Selatan;28/09/2022
SEL-11272;Toko Seller Sukses 11271;Makassar;25/08/2022
SEL-11273;Toko Seller Sukses 11272;Surabaya;02/04/2022
SEL-11274;Toko Seller Sukses 11273;Cimahi;12/09/2021
SEL-11275;Toko Seller Sukses 11274;Sidoarjo;23/02/2022
SEL-11276;Toko Seller Sukses 11275;Sidoarjo;04/06/2021
SEL-11277;Toko Seller Sukses 11276;Jakarta Selatan;17/10/2022
SEL-11278;Toko Seller Sukses 11277;Cimahi;29/04/2023
SEL-11279;Toko Seller Sukses 11278;Jakarta Selatan;16/03/2022
SEL-11280;Toko Seller Sukses 11279;Yogyakarta;19/03/2022
SEL-11281;Toko Seller Sukses 11280;Yogyakarta;15/09/2022
SEL-11282;Toko Seller Sukses 11281;Yogyakarta;16/12/2021
SEL-11283;Toko Seller Sukses 11282;Jakarta Pusat;01/04/2022
SEL-11284;Toko Seller Sukses 11283;Makassar;14/11/2021
SEL-11285;Toko Seller Sukses 11284;Jakarta Selatan;28/01/2022
SEL-11286;Toko Seller Sukses 11285;Jakarta Selatan;14/11/2022
SEL-11287;Toko Seller Sukses 11286;Surabaya;29/09/2021
SEL-11288;Toko Seller Sukses 11287;Medan;14/02/2022
SEL-11289;Toko Seller Sukses 11288;Jakarta Selatan;19/12/2021
SEL-11290;Toko Seller Sukses 11289;Surabaya;01/04/2022
SEL-11291;Toko Seller Sukses 11290;Medan;24/01/2023
SEL-11292;Toko Seller Sukses 11291;Cimahi;19/10/2021
SEL-11293;Toko Seller Sukses 11292;Jakarta Selatan;14/05/2022
SEL-11294;Toko Seller Sukses 11293;Jakarta Selatan;23/09/2021
SEL-11295;Toko Seller Sukses 11294;Cimahi;18/02/2022
SEL-11296;Toko Seller Sukses 11295;Yogyakarta;05/05/2023
SEL-11297;Toko Seller Sukses 11296;Sidoarjo;19/11/2022
SEL-11298;Toko Seller Sukses 11297;Bandung;18/11/2021
SEL-11299;Toko Seller Sukses 11298;Jakarta Selatan;30/12/2022
SEL-11300;Toko Seller Sukses 11299;Bandung;06/05/2021
SEL-11301;Toko Seller Sukses 11300;Sidoarjo;21/09/2021
SEL-11302;Toko Seller Sukses 11301;Makassar;08/11/2022
SEL-11303;Toko Seller Sukses 11302;Cimahi;08/03/2022
SEL-11304;Toko Seller Sukses 11303;Jakarta Pusat;15/02/2023
SEL-11305;Toko Seller Sukses 11304;Bandung;13/04/2023
SEL-11306;Toko Seller Sukses 11305;Cimahi;29/01/2023
SEL-11307;Toko Seller Sukses 11306;Sidoarjo;28/01/2022
SEL-11308;Toko Seller Sukses 11307;Makassar;26/08/2021
SEL-11309;Toko Seller Sukses 11308;Sidoarjo;06/04/2023
SEL-11310;Toko Seller Sukses 11309;Bandung;14/07/2022
SEL-11311;Toko Seller Sukses 11310;Cimahi;10/05/2023
SEL-11312;Toko Seller Sukses 11311;Sidoarjo;05/07/2022
SEL-11313;Toko Seller Sukses 11312;Yogyakarta;20/05/2023
SEL-11314;Toko Seller Sukses 11313;Sidoarjo;05/06/2023
SEL-11315;Toko Seller Sukses 11314;Makassar;23/06/2022
SEL-11316;Toko Seller Sukses 11315;Yogyakarta;29/08/2022
SEL-11317;Toko Seller Sukses 11316;Sidoarjo;01/12/2022
SEL-11318;Toko Seller Sukses 11317;Yogyakarta;28/11/2021
SEL-11319;Toko Seller Sukses 11318;Sidoarjo;28/11/2021
SEL-11320;Toko Seller Sukses 11319;Medan;04/08/2021
SEL-11321;Toko Seller Sukses 11320;Yogyakarta;01/08/2022
SEL-11322;Toko Seller Sukses 11321;Surabaya;08/08/2022
SEL-11323;Toko Seller Sukses 11322;Jakarta Pusat;29/03/2023
SEL-11324;Toko Seller Sukses 11323;Jakarta Pusat;02/07/2023
SEL-11325;Toko Seller Sukses 11324;Jakarta Pusat;12/05/2021
SEL-11326;Toko Seller Sukses 11325;Jakarta Selatan;16/02/2023
SEL-11327;Toko Seller Sukses 11326;Makassar;09/07/2021
SEL-11328;Toko Seller Sukses 11327;Cimahi;29/04/2023
SEL-11329;Toko Seller Sukses 11328;Bandung;11/07/2022
SEL-11330;Toko Seller Sukses 11329;Bandung;08/08/2021
SEL-11331;Toko Seller Sukses 11330;Jakarta Pusat;19/06/2021
SEL-11332;Toko Seller Sukses 11331;Bandung;13/11/2021
SEL-11333;Toko Seller Sukses 11332;Makassar;22/12/2022
SEL-11334;Toko Seller Sukses 11333;Medan;14/02/2022
SEL-11335;Toko Seller Sukses 11334;Yogyakarta;17/03/2022
SEL-11336;Toko Seller Sukses 11335;Cimahi;01/04/2022
SEL-11337;Toko Seller Sukses 11336;Cimahi;07/12/2021
SEL-11338;Toko Seller Sukses 11337;Makassar;02/03/2023
SEL-11339;Toko Seller Sukses 11338;Jakarta Pusat;02/03/2023
SEL-11340;Toko Seller Sukses 11339;Yogyakarta;17/05/2023
SEL-11341;Toko Seller Sukses 11340;Jakarta Selatan;12/04/2022
SEL-11342;Toko Seller Sukses 11341;Bandung;28/06/2022
SEL-11343;Toko Seller Sukses 11342;Jakarta Selatan;07/06/2022
SEL-11344;Toko Seller Sukses 11343;Cimahi;16/01/2023
SEL-11345;Toko Seller Sukses 11344;Jakarta Selatan;31/12/2022
SEL-11346;Toko Seller Sukses 11345;Bandung;19/03/2023
SEL-11347;Toko Seller Sukses 11346;Medan;10/12/2021
SEL-11348;Toko Seller Sukses 11347;Bandung;31/12/2021
SEL-11349;Toko Seller Sukses 11348;Surabaya;18/10/2021
SEL-11350;Toko Seller Sukses 11349;Cimahi;10/08/2021
SEL-11351;Toko Seller Sukses 11350;Makassar;06/05/2022
SEL-11352;Toko Seller Sukses 11351;Cimahi;17/09/2022
SEL-11353;Toko Seller Sukses 11352;Cimahi;09/12/2021
SEL-11354;Toko Seller Sukses 11353;Sidoarjo;09/02/2022
SEL-11355;Toko Seller Sukses 11354;Yogyakarta;15/12/2021
SEL-11356;Toko Seller Sukses 11355;Jakarta Pusat;29/09/2021
SEL-11357;Toko Seller Sukses 11356;Yogyakarta;18/03/2023
SEL-11358;Toko Seller Sukses 11357;Yogyakarta;26/08/2022
SEL-11359;Toko Seller Sukses 11358;Sidoarjo;05/01/2023
SEL-11360;Toko Seller Sukses 11359;Medan;30/06/2021
SEL-11361;Toko Seller Sukses 11360;Jakarta Selatan;13/01/2022
SEL-11362;Toko Seller Sukses 11361;Sidoarjo;24/03/2023
SEL-11363;Toko Seller Sukses 11362;Medan;06/02/2022
SEL-11364;Toko Seller Sukses 11363;Surabaya;21/08/2022
SEL-11365;Toko Seller Sukses 11364;Jakarta Selatan;10/11/2021
SEL-11366;Toko Seller Sukses 11365;Jakarta Pusat;23/07/2022
SEL-11367;Toko Seller Sukses 11366;Jakarta Selatan;15/05/2023
SEL-11368;Toko Seller Sukses 11367;Surabaya;16/06/2023
SEL-11369;Toko Seller Sukses 11368;Makassar;21/06/2022
SEL-11370;Toko Seller Sukses 11369;Yogyakarta;06/01/2023
SEL-11371;Toko Seller Sukses 11370;Yogyakarta;04/07/2022
SEL-11372;Toko Seller Sukses 11371;Surabaya;20/04/2022
SEL-11373;Toko Seller Sukses 11372;Bandung;30/08/2022
SEL-11374;Toko Seller Sukses 11373;Sidoarjo;03/07/2022
SEL-11375;Toko Seller Sukses 11374;Bandung;03/05/2021
SEL-11376;Toko Seller Sukses 11375;Jakarta Selatan;18/09/2021
SEL-11377;Toko Seller Sukses 11376;Jakarta Selatan;11/10/2022
SEL-11378;Toko Seller Sukses 11377;Sidoarjo;30/04/2023
SEL-11379;Toko Seller Sukses 11378;Bandung;01/07/2021
SEL-11380;Toko Seller Sukses 11379;Jakarta Selatan;22/06/2022
SEL-11381;Toko Seller Sukses 11380;Jakarta Pusat;10/08/2021
SEL-11382;Toko Seller Sukses 11381;Bandung;16/09/2022
SEL-11383;Toko Seller Sukses 11382;Jakarta Pusat;25/04/2023
SEL-11384;Toko Seller Sukses 11383;Medan;02/11/2021
SEL-11385;Toko Seller Sukses 11384;Cimahi;03/06/2022
SEL-11386;Toko Seller Sukses 11385;Jakarta Selatan;15/01/2023
SEL-11387;Toko Seller Sukses 11386;Jakarta Selatan;16/03/2022
SEL-11388;Toko Seller Sukses 11387;Makassar;18/06/2023
SEL-11389;Toko Seller Sukses 11388;Bandung;10/10/2022
SEL-11390;Toko Seller Sukses 11389;Cimahi;25/04/2023
SEL-11391;Toko Seller Sukses 11390;Surabaya;28/01/2023
SEL-11392;Toko Seller Sukses 11391;Cimahi;19/06/2023
SEL-11393;Toko Seller Sukses 11392;Medan;13/08/2022
SEL-11394;Toko Seller Sukses 11393;Medan;10/08/2021
SEL-11395;Toko Seller Sukses 11394;Medan;18/09/2022
SEL-11396;Toko Seller Sukses 11395;Sidoarjo;08/02/2023
SEL-11397;Toko Seller Sukses 11396;Bandung;11/01/2023
SEL-11398;Toko Seller Sukses 11397;Medan;23/10/2022
SEL-11399;Toko Seller Sukses 11398;Jakarta Pusat;31/07/2022
SEL-11400;Toko Seller Sukses 11399;Surabaya;02/06/2023
SEL-11401;Toko Seller Sukses 11400;Cimahi;06/11/2022
SEL-11402;Toko Seller Sukses 11401;Medan;20/03/2022
SEL-11403;Toko Seller Sukses 11402;Jakarta Selatan;30/09/2021
SEL-11404;Toko Seller Sukses 11403;Yogyakarta;04/06/2022
SEL-11405;Toko Seller Sukses 11404;Medan;09/06/2023
SEL-11406;Toko Seller Sukses 11405;Yogyakarta;16/02/2023
SEL-11407;Toko Seller Sukses 11406;Medan;03/02/2023
SEL-11408;Toko Seller Sukses 11407;Makassar;24/08/2022
SEL-11409;Toko Seller Sukses 11408;Jakarta Selatan;16/08/2022
SEL-11410;Toko Seller Sukses 11409;Surabaya;14/04/2022
SEL-11411;Toko Seller Sukses 11410;Bandung;12/03/2022
SEL-11412;Toko Seller Sukses 11411;Makassar;12/07/2022
SEL-11413;Toko Seller Sukses 11412;Yogyakarta;09/11/2021
SEL-11414;Toko Seller Sukses 11413;Medan;11/12/2022
SEL-11415;Toko Seller Sukses 11414;Medan;15/11/2021
SEL-11416;Toko Seller Sukses 11415;Bandung;19/12/2021
SEL-11417;Toko Seller Sukses 11416;Sidoarjo;07/03/2023
SEL-11418;Toko Seller Sukses 11417;Jakarta Selatan;05/09/2021
SEL-11419;Toko Seller Sukses 11418;Jakarta Selatan;18/04/2023
SEL-11420;Toko Seller Sukses 11419;Sidoarjo;30/07/2022
SEL-11421;Toko Seller Sukses 11420;Yogyakarta;10/04/2023
SEL-11422;Toko Seller Sukses 11421;Cimahi;31/08/2022
SEL-11423;Toko Seller Sukses 11422;Jakarta Selatan;20/05/2021
SEL-11424;Toko Seller Sukses 11423;Bandung;06/03/2022
SEL-11425;Toko Seller Sukses 11424;Jakarta Selatan;24/06/2023
SEL-11426;Toko Seller Sukses 11425;Jakarta Pusat;30/12/2022
SEL-11427;Toko Seller Sukses 11426;Surabaya;12/07/2021
SEL-11428;Toko Seller Sukses 11427;Makassar;25/09/2021
SEL-11429;Toko Seller Sukses 11428;Medan;01/01/2022
SEL-11430;Toko Seller Sukses 11429;Medan;18/01/2023
SEL-11431;Toko Seller Sukses 11430;Medan;14/09/2021
SEL-11432;Toko Seller Sukses 11431;Cimahi;15/05/2022
SEL-11433;Toko Seller Sukses 11432;Sidoarjo;08/06/2021
SEL-11434;Toko Seller Sukses 11433;Jakarta Selatan;15/01/2022
SEL-11435;Toko Seller Sukses 11434;Medan;12/11/2022
SEL-11436;Toko Seller Sukses 11435;Jakarta Pusat;11/04/2022
SEL-11437;Toko Seller Sukses 11436;Medan;09/11/2022
SEL-11438;Toko Seller Sukses 11437;Makassar;05/07/2021
SEL-11439;Toko Seller Sukses 11438;Jakarta Selatan;27/04/2022
SEL-11440;Toko Seller Sukses 11439;Yogyakarta;12/09/2021
SEL-11441;Toko Seller Sukses 11440;Jakarta Selatan;27/10/2022
SEL-11442;Toko Seller Sukses 11441;Sidoarjo;08/06/2022
SEL-11443;Toko Seller Sukses 11442;Surabaya;04/04/2022
SEL-11444;Toko Seller Sukses 11443;Sidoarjo;10/06/2023
SEL-11445;Toko Seller Sukses 11444;Jakarta Selatan;03/12/2021
SEL-11446;Toko Seller Sukses 11445;Sidoarjo;09/02/2022
SEL-11447;Toko Seller Sukses 11446;Jakarta Pusat;11/06/2022
SEL-11448;Toko Seller Sukses 11447;Makassar;12/05/2023
SEL-11449;Toko Seller Sukses 11448;Jakarta Selatan;14/11/2021
SEL-11450;Toko Seller Sukses 11449;Cimahi;16/06/2022
SEL-11451;Toko Seller Sukses 11450;Cimahi;29/01/2022
SEL-11452;Toko Seller Sukses 11451;Jakarta Pusat;04/07/2021
SEL-11453;Toko Seller Sukses 11452;Surabaya;27/08/2021
SEL-11454;Toko Seller Sukses 11453;Surabaya;22/06/2023
SEL-11455;Toko Seller Sukses 11454;Makassar;18/09/2022
SEL-11456;Toko Seller Sukses 11455;Medan;25/04/2022
SEL-11457;Toko Seller Sukses 11456;Cimahi;03/04/2023
SEL-11458;Toko Seller Sukses 11457;Bandung;07/04/2023
SEL-11459;Toko Seller Sukses 11458;Medan;30/07/2021
SEL-11460;Toko Seller Sukses 11459;Medan;02/06/2021
SEL-11461;Toko Seller Sukses 11460;Makassar;05/06/2021
SEL-11462;Toko Seller Sukses 11461;Sidoarjo;24/05/2021
SEL-11463;Toko Seller Sukses 11462;Surabaya;24/02/2022
SEL-11464;Toko Seller Sukses 11463;Cimahi;23/08/2021
SEL-11465;Toko Seller Sukses 11464;Sidoarjo;28/03/2023
SEL-11466;Toko Seller Sukses 11465;Jakarta Pusat;11/01/2022
SEL-11467;Toko Seller Sukses 11466;Medan;18/07/2021
SEL-11468;Toko Seller Sukses 11467;Yogyakarta;13/04/2022
SEL-11469;Toko Seller Sukses 11468;Sidoarjo;07/06/2021
SEL-11470;Toko Seller Sukses 11469;Makassar;24/06/2021
SEL-11471;Toko Seller Sukses 11470;Sidoarjo;01/04/2022
SEL-11472;Toko Seller Sukses 11471;Yogyakarta;09/07/2023
SEL-11473;Toko Seller Sukses 11472;Jakarta Pusat;20/05/2023
SEL-11474;Toko Seller Sukses 11473;Jakarta Selatan;29/10/2022
SEL-11475;Toko Seller Sukses 11474;Makassar;22/01/2022
SEL-11476;Toko Seller Sukses 11475;Makassar;01/07/2023
SEL-11477;Toko Seller Sukses 11476;Bandung;03/07/2023
SEL-11478;Toko Seller Sukses 11477;Cimahi;17/04/2023
SEL-11479;Toko Seller Sukses 11478;Cimahi;03/12/2021
SEL-11480;Toko Seller Sukses 11479;Makassar;26/07/2022
SEL-11481;Toko Seller Sukses 11480;Bandung;31/05/2023
SEL-11482;Toko Seller Sukses 11481;Cimahi;12/06/2022
SEL-11483;Toko Seller Sukses 11482;Medan;19/11/2021
SEL-11484;Toko Seller Sukses 11483;Cimahi;16/02/2022
SEL-11485;Toko Seller Sukses 11484;Medan;23/02/2022
SEL-11486;Toko Seller Sukses 11485;Yogyakarta;21/03/2023
SEL-11487;Toko Seller Sukses 11486;Cimahi;06/05/2021
SEL-11488;Toko Seller Sukses 11487;Yogyakarta;23/08/2021
SEL-11489;Toko Seller Sukses 11488;Yogyakarta;23/10/2022
SEL-11490;Toko Seller Sukses 11489;Jakarta Pusat;14/03/2022
SEL-11491;Toko Seller Sukses 11490;Medan;04/06/2023
SEL-11492;Toko Seller Sukses 11491;Surabaya;17/04/2022
SEL-11493;Toko Seller Sukses 11492;Bandung;14/04/2022
SEL-11494;Toko Seller Sukses 11493;Surabaya;25/02/2022
SEL-11495;Toko Seller Sukses 11494;Jakarta Pusat;31/08/2022
SEL-11496;Toko Seller Sukses 11495;Jakarta Pusat;21/08/2021
SEL-11497;Toko Seller Sukses 11496;Cimahi;23/10/2022
SEL-11498;Toko Seller Sukses 11497;Bandung;14/02/2023
SEL-11499;Toko Seller Sukses 11498;Medan;25/02/2023
SEL-11500;Toko Seller Sukses 11499;Jakarta Selatan;23/07/2021
SEL-11501;Toko Seller Sukses 11500;Medan;17/09/2022
SEL-11502;Toko Seller Sukses 11501;Yogyakarta;21/01/2023
SEL-11503;Toko Seller Sukses 11502;Sidoarjo;17/03/2022
SEL-11504;Toko Seller Sukses 11503;Jakarta Pusat;10/11/2021
SEL-11505;Toko Seller Sukses 11504;Surabaya;19/06/2023
SEL-11506;Toko Seller Sukses 11505;Medan;20/08/2021
SEL-11507;Toko Seller Sukses 11506;Jakarta Pusat;28/06/2022
SEL-11508;Toko Seller Sukses 11507;Medan;04/02/2022
SEL-11509;Toko Seller Sukses 11508;Jakarta Pusat;18/02/2022
SEL-11510;Toko Seller Sukses 11509;Yogyakarta;05/07/2023
SEL-11511;Toko Seller Sukses 11510;Yogyakarta;23/10/2021
SEL-11512;Toko Seller Sukses 11511;Bandung;29/08/2022
SEL-11513;Toko Seller Sukses 11512;Surabaya;15/09/2021
SEL-11514;Toko Seller Sukses 11513;Makassar;18/10/2022
SEL-11515;Toko Seller Sukses 11514;Medan;22/10/2022
SEL-11516;Toko Seller Sukses 11515;Jakarta Selatan;17/09/2022
SEL-11517;Toko Seller Sukses 11516;Jakarta Selatan;16/03/2023
SEL-11518;Toko Seller Sukses 11517;Yogyakarta;03/09/2021
SEL-11519;Toko Seller Sukses 11518;Cimahi;15/03/2022
SEL-11520;Toko Seller Sukses 11519;Sidoarjo;06/06/2023
SEL-11521;Toko Seller Sukses 11520;Surabaya;12/09/2021
SEL-11522;Toko Seller Sukses 11521;Surabaya;22/10/2022
SEL-11523;Toko Seller Sukses 11522;Yogyakarta;29/03/2022
SEL-11524;Toko Seller Sukses 11523;Sidoarjo;30/09/2021
SEL-11525;Toko Seller Sukses 11524;Medan;13/03/2022
SEL-11526;Toko Seller Sukses 11525;Jakarta Pusat;17/01/2023
SEL-11527;Toko Seller Sukses 11526;Surabaya;15/10/2022
SEL-11528;Toko Seller Sukses 11527;Jakarta Selatan;20/07/2021
SEL-11529;Toko Seller Sukses 11528;Makassar;23/03/2022
SEL-11530;Toko Seller Sukses 11529;Sidoarjo;02/05/2021
SEL-11531;Toko Seller Sukses 11530;Yogyakarta;30/01/2023
SEL-11532;Toko Seller Sukses 11531;Surabaya;03/05/2021
SEL-11533;Toko Seller Sukses 11532;Surabaya;27/02/2023
SEL-11534;Toko Seller Sukses 11533;Medan;24/10/2021
SEL-11535;Toko Seller Sukses 11534;Bandung;07/08/2021
SEL-11536;Toko Seller Sukses 11535;Bandung;01/01/2022
SEL-11537;Toko Seller Sukses 11536;Makassar;11/05/2023
SEL-11538;Toko Seller Sukses 11537;Jakarta Pusat;22/06/2021
SEL-11539;Toko Seller Sukses 11538;Jakarta Pusat;28/10/2021
SEL-11540;Toko Seller Sukses 11539;Sidoarjo;09/05/2021
SEL-11541;Toko Seller Sukses 11540;Cimahi;18/02/2023
SEL-11542;Toko Seller Sukses 11541;Bandung;30/06/2023
SEL-11543;Toko Seller Sukses 11542;Medan;29/07/2021
SEL-11544;Toko Seller Sukses 11543;Surabaya;21/05/2021
SEL-11545;Toko Seller Sukses 11544;Makassar;23/11/2022
SEL-11546;Toko Seller Sukses 11545;Bandung;07/03/2022
SEL-11547;Toko Seller Sukses 11546;Jakarta Selatan;02/09/2022
SEL-11548;Toko Seller Sukses 11547;Jakarta Selatan;07/11/2022
SEL-11549;Toko Seller Sukses 11548;Medan;21/08/2021
SEL-11550;Toko Seller Sukses 11549;Cimahi;18/09/2021
SEL-11551;Toko Seller Sukses 11550;Yogyakarta;15/12/2022
SEL-11552;Toko Seller Sukses 11551;Sidoarjo;18/11/2021
SEL-11553;Toko Seller Sukses 11552;Sidoarjo;01/07/2021
SEL-11554;Toko Seller Sukses 11553;Jakarta Pusat;14/05/2021
SEL-11555;Toko Seller Sukses 11554;Bandung;11/05/2021
SEL-11556;Toko Seller Sukses 11555;Sidoarjo;27/03/2023
SEL-11557;Toko Seller Sukses 11556;Medan;09/05/2022
SEL-11558;Toko Seller Sukses 11557;Cimahi;09/01/2022
SEL-11559;Toko Seller Sukses 11558;Sidoarjo;15/08/2022
SEL-11560;Toko Seller Sukses 11559;Jakarta Pusat;14/11/2021
SEL-11561;Toko Seller Sukses 11560;Surabaya;12/04/2022
SEL-11562;Toko Seller Sukses 11561;Sidoarjo;01/01/2023
SEL-11563;Toko Seller Sukses 11562;Surabaya;26/03/2023
SEL-11564;Toko Seller Sukses 11563;Makassar;05/04/2022
SEL-11565;Toko Seller Sukses 11564;Bandung;27/10/2021
SEL-11566;Toko Seller Sukses 11565;Sidoarjo;30/03/2023
SEL-11567;Toko Seller Sukses 11566;Medan;08/04/2023
SEL-11568;Toko Seller Sukses 11567;Bandung;05/02/2023
SEL-11569;Toko Seller Sukses 11568;Jakarta Selatan;20/01/2022
SEL-11570;Toko Seller Sukses 11569;Jakarta Pusat;29/11/2021
SEL-11571;Toko Seller Sukses 11570;Yogyakarta;15/03/2022
SEL-11572;Toko Seller Sukses 11571;Cimahi;26/09/2021
SEL-11573;Toko Seller Sukses 11572;Makassar;28/12/2021
SEL-11574;Toko Seller Sukses 11573;Jakarta Pusat;10/07/2022
SEL-11575;Toko Seller Sukses 11574;Yogyakarta;20/09/2022
SEL-11576;Toko Seller Sukses 11575;Jakarta Selatan;27/08/2021
SEL-11577;Toko Seller Sukses 11576;Medan;23/11/2022
SEL-11578;Toko Seller Sukses 11577;Surabaya;12/01/2023
SEL-11579;Toko Seller Sukses 11578;Surabaya;05/11/2022
SEL-11580;Toko Seller Sukses 11579;Jakarta Pusat;31/12/2022
SEL-11581;Toko Seller Sukses 11580;Cimahi;27/12/2021
SEL-11582;Toko Seller Sukses 11581;Medan;15/02/2023
SEL-11583;Toko Seller Sukses 11582;Yogyakarta;22/06/2022
SEL-11584;Toko Seller Sukses 11583;Cimahi;22/07/2022
SEL-11585;Toko Seller Sukses 11584;Bandung;20/09/2022
SEL-11586;Toko Seller Sukses 11585;Bandung;04/07/2021
SEL-11587;Toko Seller Sukses 11586;Bandung;03/03/2022
SEL-11588;Toko Seller Sukses 11587;Medan;02/08/2021
SEL-11589;Toko Seller Sukses 11588;Makassar;08/06/2022
SEL-11590;Toko Seller Sukses 11589;Jakarta Pusat;08/08/2022
SEL-11591;Toko Seller Sukses 11590;Jakarta Pusat;03/12/2021
SEL-11592;Toko Seller Sukses 11591;Surabaya;31/10/2021
SEL-11593;Toko Seller Sukses 11592;Bandung;03/12/2021
SEL-11594;Toko Seller Sukses 11593;Makassar;06/10/2021
SEL-11595;Toko Seller Sukses 11594;Jakarta Selatan;02/02/2022
SEL-11596;Toko Seller Sukses 11595;Sidoarjo;11/05/2021
SEL-11597;Toko Seller Sukses 11596;Jakarta Selatan;19/08/2021
SEL-11598;Toko Seller Sukses 11597;Jakarta Selatan;22/08/2021
SEL-11599;Toko Seller Sukses 11598;Surabaya;23/09/2022
SEL-11600;Toko Seller Sukses 11599;Bandung;24/05/2023
SEL-11601;Toko Seller Sukses 11600;Medan;30/11/2022
SEL-11602;Toko Seller Sukses 11601;Yogyakarta;17/04/2022
SEL-11603;Toko Seller Sukses 11602;Bandung;31/05/2021
SEL-11604;Toko Seller Sukses 11603;Bandung;20/08/2021
SEL-11605;Toko Seller Sukses 11604;Bandung;16/03/2022
SEL-11606;Toko Seller Sukses 11605;Bandung;13/10/2022
SEL-11607;Toko Seller Sukses 11606;Yogyakarta;14/05/2023
SEL-11608;Toko Seller Sukses 11607;Makassar;03/09/2021
SEL-11609;Toko Seller Sukses 11608;Medan;12/10/2022
SEL-11610;Toko Seller Sukses 11609;Surabaya;16/02/2023
SEL-11611;Toko Seller Sukses 11610;Surabaya;14/05/2021
SEL-11612;Toko Seller Sukses 11611;Makassar;02/06/2022
SEL-11613;Toko Seller Sukses 11612;Cimahi;13/07/2021
SEL-11614;Toko Seller Sukses 11613;Jakarta Selatan;20/09/2021
SEL-11615;Toko Seller Sukses 11614;Sidoarjo;24/01/2022
SEL-11616;Toko Seller Sukses 11615;Yogyakarta;14/05/2021
SEL-11617;Toko Seller Sukses 11616;Jakarta Selatan;19/02/2022
SEL-11618;Toko Seller Sukses 11617;Bandung;09/01/2023
SEL-11619;Toko Seller Sukses 11618;Cimahi;06/03/2023
SEL-11620;Toko Seller Sukses 11619;Medan;17/03/2023
SEL-11621;Toko Seller Sukses 11620;Makassar;13/12/2021
SEL-11622;Toko Seller Sukses 11621;Jakarta Pusat;24/08/2022
SEL-11623;Toko Seller Sukses 11622;Yogyakarta;30/09/2021
SEL-11624;Toko Seller Sukses 11623;Jakarta Pusat;30/12/2021
SEL-11625;Toko Seller Sukses 11624;Jakarta Selatan;07/02/2022
SEL-11626;Toko Seller Sukses 11625;Cimahi;13/05/2021
SEL-11627;Toko Seller Sukses 11626;Cimahi;28/06/2021
SEL-11628;Toko Seller Sukses 11627;Cimahi;30/12/2021
SEL-11629;Toko Seller Sukses 11628;Yogyakarta;18/04/2023
SEL-11630;Toko Seller Sukses 11629;Makassar;21/07/2022
SEL-11631;Toko Seller Sukses 11630;Surabaya;26/05/2022
SEL-11632;Toko Seller Sukses 11631;Yogyakarta;25/07/2021
SEL-11633;Toko Seller Sukses 11632;Sidoarjo;15/06/2021
SEL-11634;Toko Seller Sukses 11633;Jakarta Selatan;17/08/2022
SEL-11635;Toko Seller Sukses 11634;Bandung;11/07/2021
SEL-11636;Toko Seller Sukses 11635;Surabaya;31/03/2022
SEL-11637;Toko Seller Sukses 11636;Jakarta Selatan;03/06/2023
SEL-11638;Toko Seller Sukses 11637;Cimahi;15/09/2021
SEL-11639;Toko Seller Sukses 11638;Medan;14/09/2022
SEL-11640;Toko Seller Sukses 11639;Sidoarjo;08/05/2023
SEL-11641;Toko Seller Sukses 11640;Jakarta Pusat;16/09/2022
SEL-11642;Toko Seller Sukses 11641;Yogyakarta;28/05/2022
SEL-11643;Toko Seller Sukses 11642;Cimahi;09/08/2021
SEL-11644;Toko Seller Sukses 11643;Jakarta Pusat;26/06/2023
SEL-11645;Toko Seller Sukses 11644;Sidoarjo;07/05/2022
SEL-11646;Toko Seller Sukses 11645;Sidoarjo;18/01/2023
SEL-11647;Toko Seller Sukses 11646;Bandung;11/05/2022
SEL-11648;Toko Seller Sukses 11647;Cimahi;23/06/2023
SEL-11649;Toko Seller Sukses 11648;Sidoarjo;02/02/2022
SEL-11650;Toko Seller Sukses 11649;Cimahi;18/12/2021
SEL-11651;Toko Seller Sukses 11650;Cimahi;30/07/2021
SEL-11652;Toko Seller Sukses 11651;Makassar;14/11/2022
SEL-11653;Toko Seller Sukses 11652;Medan;08/06/2023
SEL-11654;Toko Seller Sukses 11653;Bandung;09/08/2021
SEL-11655;Toko Seller Sukses 11654;Cimahi;30/07/2021
SEL-11656;Toko Seller Sukses 11655;Yogyakarta;06/01/2023
SEL-11657;Toko Seller Sukses 11656;Medan;26/09/2022
SEL-11658;Toko Seller Sukses 11657;Yogyakarta;20/04/2023
SEL-11659;Toko Seller Sukses 11658;Jakarta Pusat;28/06/2022
SEL-11660;Toko Seller Sukses 11659;Makassar;23/04/2023
SEL-11661;Toko Seller Sukses 11660;Makassar;20/12/2021
SEL-11662;Toko Seller Sukses 11661;Makassar;02/05/2022
SEL-11663;Toko Seller Sukses 11662;Medan;22/06/2023
SEL-11664;Toko Seller Sukses 11663;Medan;02/02/2023
SEL-11665;Toko Seller Sukses 11664;Cimahi;24/03/2023
SEL-11666;Toko Seller Sukses 11665;Sidoarjo;27/05/2023
SEL-11667;Toko Seller Sukses 11666;Sidoarjo;17/11/2021
SEL-11668;Toko Seller Sukses 11667;Bandung;14/05/2021
SEL-11669;Toko Seller Sukses 11668;Medan;12/09/2022
SEL-11670;Toko Seller Sukses 11669;Bandung;03/11/2021
SEL-11671;Toko Seller Sukses 11670;Jakarta Pusat;18/05/2022
SEL-11672;Toko Seller Sukses 11671;Cimahi;24/10/2022
SEL-11673;Toko Seller Sukses 11672;Yogyakarta;27/05/2022
SEL-11674;Toko Seller Sukses 11673;Makassar;10/06/2022
SEL-11675;Toko Seller Sukses 11674;Sidoarjo;08/09/2021
SEL-11676;Toko Seller Sukses 11675;Jakarta Pusat;30/06/2023
SEL-11677;Toko Seller Sukses 11676;Cimahi;10/10/2022
SEL-11678;Toko Seller Sukses 11677;Makassar;04/12/2021
SEL-11679;Toko Seller Sukses 11678;Medan;09/05/2023
SEL-11680;Toko Seller Sukses 11679;Makassar;16/05/2022
SEL-11681;Toko Seller Sukses 11680;Makassar;10/09/2021
SEL-11682;Toko Seller Sukses 11681;Cimahi;29/03/2023
SEL-11683;Toko Seller Sukses 11682;Surabaya;08/07/2022
SEL-11684;Toko Seller Sukses 11683;Yogyakarta;11/04/2023
SEL-11685;Toko Seller Sukses 11684;Cimahi;08/01/2022
SEL-11686;Toko Seller Sukses 11685;Surabaya;04/12/2021
SEL-11687;Toko Seller Sukses 11686;Surabaya;16/07/2022
SEL-11688;Toko Seller Sukses 11687;Jakarta Selatan;04/03/2023
SEL-11689;Toko Seller Sukses 11688;Jakarta Selatan;11/11/2021
SEL-11690;Toko Seller Sukses 11689;Cimahi;08/09/2021
SEL-11691;Toko Seller Sukses 11690;Makassar;16/11/2021
SEL-11692;Toko Seller Sukses 11691;Bandung;16/01/2023
SEL-11693;Toko Seller Sukses 11692;Cimahi;06/08/2021
SEL-11694;Toko Seller Sukses 11693;Cimahi;30/05/2023
SEL-11695;Toko Seller Sukses 11694;Surabaya;28/06/2023
SEL-11696;Toko Seller Sukses 11695;Medan;12/06/2021
SEL-11697;Toko Seller Sukses 11696;Makassar;18/12/2021
SEL-11698;Toko Seller Sukses 11697;Sidoarjo;11/10/2022
SEL-11699;Toko Seller Sukses 11698;Bandung;14/06/2023
SEL-11700;Toko Seller Sukses 11699;Sidoarjo;12/07/2021
SEL-11701;Toko Seller Sukses 11700;Yogyakarta;26/10/2022
SEL-11702;Toko Seller Sukses 11701;Cimahi;31/10/2022
SEL-11703;Toko Seller Sukses 11702;Bandung;14/12/2022
SEL-11704;Toko Seller Sukses 11703;Makassar;07/10/2022
SEL-11705;Toko Seller Sukses 11704;Makassar;22/09/2022
SEL-11706;Toko Seller Sukses 11705;Jakarta Selatan;16/08/2021
SEL-11707;Toko Seller Sukses 11706;Surabaya;04/10/2021
SEL-11708;Toko Seller Sukses 11707;Bandung;05/09/2021
SEL-11709;Toko Seller Sukses 11708;Bandung;10/11/2021
SEL-11710;Toko Seller Sukses 11709;Sidoarjo;03/01/2023
SEL-11711;Toko Seller Sukses 11710;Makassar;18/10/2022
SEL-11712;Toko Seller Sukses 11711;Makassar;27/08/2021
SEL-11713;Toko Seller Sukses 11712;Cimahi;18/03/2022
SEL-11714;Toko Seller Sukses 11713;Sidoarjo;09/12/2022
SEL-11715;Toko Seller Sukses 11714;Jakarta Pusat;03/06/2021
SEL-11716;Toko Seller Sukses 11715;Bandung;06/03/2022
SEL-11717;Toko Seller Sukses 11716;Medan;21/11/2021
SEL-11718;Toko Seller Sukses 11717;Cimahi;03/05/2023
SEL-11719;Toko Seller Sukses 11718;Surabaya;19/05/2023
SEL-11720;Toko Seller Sukses 11719;Sidoarjo;06/04/2022
SEL-11721;Toko Seller Sukses 11720;Makassar;17/04/2022
SEL-11722;Toko Seller Sukses 11721;Bandung;09/06/2023
SEL-11723;Toko Seller Sukses 11722;Sidoarjo;18/12/2022
SEL-11724;Toko Seller Sukses 11723;Bandung;11/11/2021
SEL-11725;Toko Seller Sukses 11724;Sidoarjo;22/11/2021
SEL-11726;Toko Seller Sukses 11725;Sidoarjo;03/05/2023
SEL-11727;Toko Seller Sukses 11726;Jakarta Selatan;02/07/2023
SEL-11728;Toko Seller Sukses 11727;Cimahi;13/08/2021
SEL-11729;Toko Seller Sukses 11728;Jakarta Selatan;17/04/2023
SEL-11730;Toko Seller Sukses 11729;Medan;08/01/2022
SEL-11731;Toko Seller Sukses 11730;Jakarta Selatan;16/06/2023
SEL-11732;Toko Seller Sukses 11731;Surabaya;14/01/2022
SEL-11733;Toko Seller Sukses 11732;Jakarta Pusat;25/01/2022
SEL-11734;Toko Seller Sukses 11733;Makassar;20/04/2022
SEL-11735;Toko Seller Sukses 11734;Jakarta Selatan;17/11/2021
SEL-11736;Toko Seller Sukses 11735;Medan;04/07/2023
SEL-11737;Toko Seller Sukses 11736;Sidoarjo;15/06/2022
SEL-11738;Toko Seller Sukses 11737;Sidoarjo;08/06/2021
SEL-11739;Toko Seller Sukses 11738;Bandung;21/04/2023
SEL-11740;Toko Seller Sukses 11739;Jakarta Selatan;02/07/2023
SEL-11741;Toko Seller Sukses 11740;Bandung;09/10/2022
SEL-11742;Toko Seller Sukses 11741;Medan;01/03/2022
SEL-11743;Toko Seller Sukses 11742;Bandung;22/03/2023
SEL-11744;Toko Seller Sukses 11743;Yogyakarta;09/10/2022
SEL-11745;Toko Seller Sukses 11744;Bandung;28/06/2021
SEL-11746;Toko Seller Sukses 11745;Medan;30/08/2022
SEL-11747;Toko Seller Sukses 11746;Sidoarjo;08/03/2022
SEL-11748;Toko Seller Sukses 11747;Jakarta Selatan;04/03/2023
SEL-11749;Toko Seller Sukses 11748;Jakarta Pusat;13/01/2023
SEL-11750;Toko Seller Sukses 11749;Makassar;12/02/2023
SEL-11751;Toko Seller Sukses 11750;Medan;30/11/2021
SEL-11752;Toko Seller Sukses 11751;Yogyakarta;24/01/2023
SEL-11753;Toko Seller Sukses 11752;Jakarta Pusat;03/09/2022
SEL-11754;Toko Seller Sukses 11753;Jakarta Selatan;21/05/2021
SEL-11755;Toko Seller Sukses 11754;Yogyakarta;04/09/2021
SEL-11756;Toko Seller Sukses 11755;Jakarta Pusat;28/10/2021
SEL-11757;Toko Seller Sukses 11756;Cimahi;23/01/2022
SEL-11758;Toko Seller Sukses 11757;Surabaya;11/06/2021
SEL-11759;Toko Seller Sukses 11758;Makassar;04/08/2022
SEL-11760;Toko Seller Sukses 11759;Jakarta Selatan;12/09/2021
SEL-11761;Toko Seller Sukses 11760;Jakarta Pusat;20/09/2021
SEL-11762;Toko Seller Sukses 11761;Yogyakarta;26/07/2022
SEL-11763;Toko Seller Sukses 11762;Jakarta Pusat;15/08/2021
SEL-11764;Toko Seller Sukses 11763;Makassar;10/08/2022
SEL-11765;Toko Seller Sukses 11764;Jakarta Pusat;29/06/2021
SEL-11766;Toko Seller Sukses 11765;Makassar;09/05/2023
SEL-11767;Toko Seller Sukses 11766;Surabaya;14/10/2022
SEL-11768;Toko Seller Sukses 11767;Bandung;11/04/2023
SEL-11769;Toko Seller Sukses 11768;Cimahi;27/06/2021
SEL-11770;Toko Seller Sukses 11769;Yogyakarta;31/12/2021
SEL-11771;Toko Seller Sukses 11770;Sidoarjo;12/11/2022
SEL-11772;Toko Seller Sukses 11771;Surabaya;26/09/2022
SEL-11773;Toko Seller Sukses 11772;Yogyakarta;13/11/2021
SEL-11774;Toko Seller Sukses 11773;Yogyakarta;24/01/2023
SEL-11775;Toko Seller Sukses 11774;Jakarta Pusat;05/02/2023
SEL-11776;Toko Seller Sukses 11775;Jakarta Selatan;09/08/2021
SEL-11777;Toko Seller Sukses 11776;Sidoarjo;26/02/2023
SEL-11778;Toko Seller Sukses 11777;Medan;29/08/2021
SEL-11779;Toko Seller Sukses 11778;Cimahi;22/05/2023
SEL-11780;Toko Seller Sukses 11779;Bandung;02/03/2023
SEL-11781;Toko Seller Sukses 11780;Jakarta Pusat;21/09/2022
SEL-11782;Toko Seller Sukses 11781;Makassar;23/10/2021
SEL-11783;Toko Seller Sukses 11782;Surabaya;09/06/2023
SEL-11784;Toko Seller Sukses 11783;Surabaya;19/09/2021
SEL-11785;Toko Seller Sukses 11784;Makassar;22/09/2021
SEL-11786;Toko Seller Sukses 11785;Yogyakarta;12/02/2022
SEL-11787;Toko Seller Sukses 11786;Yogyakarta;11/04/2022
SEL-11788;Toko Seller Sukses 11787;Medan;23/06/2023
SEL-11789;Toko Seller Sukses 11788;Jakarta Pusat;02/05/2023
SEL-11790;Toko Seller Sukses 11789;Sidoarjo;04/07/2023
SEL-11791;Toko Seller Sukses 11790;Jakarta Selatan;21/06/2023
SEL-11792;Toko Seller Sukses 11791;Jakarta Selatan;26/07/2022
SEL-11793;Toko Seller Sukses 11792;Makassar;22/03/2022
SEL-11794;Toko Seller Sukses 11793;Yogyakarta;08/09/2022
SEL-11795;Toko Seller Sukses 11794;Medan;03/08/2022
SEL-11796;Toko Seller Sukses 11795;Jakarta Selatan;13/11/2021
SEL-11797;Toko Seller Sukses 11796;Bandung;22/08/2021
SEL-11798;Toko Seller Sukses 11797;Jakarta Pusat;09/04/2023
SEL-11799;Toko Seller Sukses 11798;Sidoarjo;25/07/2022
SEL-11800;Toko Seller Sukses 11799;Makassar;11/09/2021
SEL-11801;Toko Seller Sukses 11800;Bandung;25/01/2022
SEL-11802;Toko Seller Sukses 11801;Bandung;15/07/2021
SEL-11803;Toko Seller Sukses 11802;Makassar;11/10/2022
SEL-11804;Toko Seller Sukses 11803;Yogyakarta;24/07/2022
SEL-11805;Toko Seller Sukses 11804;Jakarta Selatan;05/08/2021
SEL-11806;Toko Seller Sukses 11805;Yogyakarta;24/12/2022
SEL-11807;Toko Seller Sukses 11806;Makassar;02/01/2023
SEL-11808;Toko Seller Sukses 11807;Sidoarjo;14/09/2021
SEL-11809;Toko Seller Sukses 11808;Makassar;03/06/2021
SEL-11810;Toko Seller Sukses 11809;Jakarta Pusat;13/01/2023
SEL-11811;Toko Seller Sukses 11810;Makassar;29/09/2021
SEL-11812;Toko Seller Sukses 11811;Sidoarjo;30/07/2022
SEL-11813;Toko Seller Sukses 11812;Cimahi;06/07/2022
SEL-11814;Toko Seller Sukses 11813;Makassar;11/06/2023
SEL-11815;Toko Seller Sukses 11814;Jakarta Pusat;31/07/2022
SEL-11816;Toko Seller Sukses 11815;Cimahi;13/10/2021
SEL-11817;Toko Seller Sukses 11816;Medan;16/03/2022
SEL-11818;Toko Seller Sukses 11817;Yogyakarta;27/11/2021
SEL-11819;Toko Seller Sukses 11818;Jakarta Selatan;18/07/2022
SEL-11820;Toko Seller Sukses 11819;Medan;26/04/2022
SEL-11821;Toko Seller Sukses 11820;Makassar;10/05/2023
SEL-11822;Toko Seller Sukses 11821;Makassar;26/01/2022
SEL-11823;Toko Seller Sukses 11822;Sidoarjo;07/03/2023
SEL-11824;Toko Seller Sukses 11823;Surabaya;31/03/2022
SEL-11825;Toko Seller Sukses 11824;Sidoarjo;21/04/2022
SEL-11826;Toko Seller Sukses 11825;Bandung;05/02/2022
SEL-11827;Toko Seller Sukses 11826;Sidoarjo;19/07/2022
SEL-11828;Toko Seller Sukses 11827;Yogyakarta;28/05/2023
SEL-11829;Toko Seller Sukses 11828;Bandung;11/05/2023
SEL-11830;Toko Seller Sukses 11829;Sidoarjo;20/05/2022
SEL-11831;Toko Seller Sukses 11830;Makassar;23/10/2021
SEL-11832;Toko Seller Sukses 11831;Jakarta Pusat;23/12/2022
SEL-11833;Toko Seller Sukses 11832;Cimahi;08/07/2023
SEL-11834;Toko Seller Sukses 11833;Medan;26/01/2022
SEL-11835;Toko Seller Sukses 11834;Cimahi;28/10/2021
SEL-11836;Toko Seller Sukses 11835;Makassar;07/11/2022
SEL-11837;Toko Seller Sukses 11836;Sidoarjo;18/09/2021
SEL-11838;Toko Seller Sukses 11837;Surabaya;09/04/2022
SEL-11839;Toko Seller Sukses 11838;Surabaya;12/06/2023
SEL-11840;Toko Seller Sukses 11839;Jakarta Pusat;02/06/2023
SEL-11841;Toko Seller Sukses 11840;Makassar;18/05/2023
SEL-11842;Toko Seller Sukses 11841;Jakarta Selatan;20/10/2022
SEL-11843;Toko Seller Sukses 11842;Cimahi;23/11/2022
SEL-11844;Toko Seller Sukses 11843;Surabaya;23/07/2021
SEL-11845;Toko Seller Sukses 11844;Jakarta Selatan;15/03/2023
SEL-11846;Toko Seller Sukses 11845;Medan;14/03/2022
SEL-11847;Toko Seller Sukses 11846;Medan;07/11/2021
SEL-11848;Toko Seller Sukses 11847;Jakarta Pusat;02/02/2023
SEL-11849;Toko Seller Sukses 11848;Makassar;13/04/2022
SEL-11850;Toko Seller Sukses 11849;Sidoarjo;31/03/2023
SEL-11851;Toko Seller Sukses 11850;Jakarta Selatan;16/08/2022
SEL-11852;Toko Seller Sukses 11851;Makassar;05/04/2022
SEL-11853;Toko Seller Sukses 11852;Surabaya;17/06/2022
SEL-11854;Toko Seller Sukses 11853;Surabaya;13/05/2021
SEL-11855;Toko Seller Sukses 11854;Cimahi;04/08/2021
SEL-11856;Toko Seller Sukses 11855;Jakarta Selatan;05/05/2022
SEL-11857;Toko Seller Sukses 11856;Bandung;12/02/2022
SEL-11858;Toko Seller Sukses 11857;Jakarta Selatan;15/12/2021
SEL-11859;Toko Seller Sukses 11858;Sidoarjo;08/08/2022
SEL-11860;Toko Seller Sukses 11859;Makassar;16/05/2023
SEL-11861;Toko Seller Sukses 11860;Jakarta Pusat;09/10/2022
SEL-11862;Toko Seller Sukses 11861;Makassar;09/06/2022
SEL-11863;Toko Seller Sukses 11862;Makassar;14/05/2022
SEL-11864;Toko Seller Sukses 11863;Cimahi;30/06/2022
SEL-11865;Toko Seller Sukses 11864;Bandung;02/09/2021
SEL-11866;Toko Seller Sukses 11865;Jakarta Pusat;01/01/2022
SEL-11867;Toko Seller Sukses 11866;Jakarta Selatan;20/05/2023
SEL-11868;Toko Seller Sukses 11867;Jakarta Pusat;27/07/2021
SEL-11869;Toko Seller Sukses 11868;Makassar;17/09/2021
SEL-11870;Toko Seller Sukses 11869;Yogyakarta;21/06/2021
SEL-11871;Toko Seller Sukses 11870;Sidoarjo;04/07/2021
SEL-11872;Toko Seller Sukses 11871;Surabaya;07/07/2021
SEL-11873;Toko Seller Sukses 11872;Sidoarjo;24/11/2022
SEL-11874;Toko Seller Sukses 11873;Yogyakarta;30/11/2022
SEL-11875;Toko Seller Sukses 11874;Jakarta Pusat;03/09/2021
SEL-11876;Toko Seller Sukses 11875;Jakarta Pusat;07/07/2021
SEL-11877;Toko Seller Sukses 11876;Jakarta Pusat;11/06/2021
SEL-11878;Toko Seller Sukses 11877;Cimahi;01/11/2021
SEL-11879;Toko Seller Sukses 11878;Bandung;11/09/2021
SEL-11880;Toko Seller Sukses 11879;Yogyakarta;30/06/2022
SEL-11881;Toko Seller Sukses 11880;Jakarta Pusat;22/07/2022
SEL-11882;Toko Seller Sukses 11881;Makassar;21/03/2022
SEL-11883;Toko Seller Sukses 11882;Medan;20/11/2022
SEL-11884;Toko Seller Sukses 11883;Cimahi;10/08/2022
SEL-11885;Toko Seller Sukses 11884;Yogyakarta;17/04/2022
SEL-11886;Toko Seller Sukses 11885;Surabaya;22/06/2022
SEL-11887;Toko Seller Sukses 11886;Medan;25/03/2022
SEL-11888;Toko Seller Sukses 11887;Makassar;05/03/2022
SEL-11889;Toko Seller Sukses 11888;Cimahi;23/02/2022
SEL-11890;Toko Seller Sukses 11889;Surabaya;13/11/2021
SEL-11891;Toko Seller Sukses 11890;Bandung;02/09/2021
SEL-11892;Toko Seller Sukses 11891;Sidoarjo;25/05/2023
SEL-11893;Toko Seller Sukses 11892;Jakarta Pusat;23/08/2022
SEL-11894;Toko Seller Sukses 11893;Yogyakarta;27/04/2022
SEL-11895;Toko Seller Sukses 11894;Jakarta Selatan;20/07/2022
SEL-11896;Toko Seller Sukses 11895;Cimahi;08/10/2021
SEL-11897;Toko Seller Sukses 11896;Medan;19/04/2022
SEL-11898;Toko Seller Sukses 11897;Sidoarjo;03/12/2021
SEL-11899;Toko Seller Sukses 11898;Cimahi;14/07/2021
SEL-11900;Toko Seller Sukses 11899;Cimahi;23/08/2021
SEL-11901;Toko Seller Sukses 11900;Jakarta Pusat;18/08/2021
SEL-11902;Toko Seller Sukses 11901;Sidoarjo;02/09/2022
SEL-11903;Toko Seller Sukses 11902;Surabaya;15/06/2023
SEL-11904;Toko Seller Sukses 11903;Cimahi;13/11/2021
SEL-11905;Toko Seller Sukses 11904;Cimahi;11/09/2021
SEL-11906;Toko Seller Sukses 11905;Surabaya;14/11/2021
SEL-11907;Toko Seller Sukses 11906;Surabaya;15/05/2021
SEL-11908;Toko Seller Sukses 11907;Medan;24/01/2022
SEL-11909;Toko Seller Sukses 11908;Jakarta Selatan;14/02/2023
SEL-11910;Toko Seller Sukses 11909;Cimahi;29/07/2022
SEL-11911;Toko Seller Sukses 11910;Bandung;05/01/2023
SEL-11912;Toko Seller Sukses 11911;Jakarta Selatan;13/05/2022
SEL-11913;Toko Seller Sukses 11912;Jakarta Selatan;16/09/2021
SEL-11914;Toko Seller Sukses 11913;Bandung;21/07/2022
SEL-11915;Toko Seller Sukses 11914;Yogyakarta;12/10/2022
SEL-11916;Toko Seller Sukses 11915;Jakarta Pusat;26/05/2021
SEL-11917;Toko Seller Sukses 11916;Sidoarjo;18/04/2023
SEL-11918;Toko Seller Sukses 11917;Cimahi;11/10/2021
SEL-11919;Toko Seller Sukses 11918;Jakarta Selatan;23/08/2022
SEL-11920;Toko Seller Sukses 11919;Jakarta Selatan;07/07/2021
SEL-11921;Toko Seller Sukses 11920;Bandung;30/06/2021
SEL-11922;Toko Seller Sukses 11921;Jakarta Pusat;05/11/2022
SEL-11923;Toko Seller Sukses 11922;Bandung;17/06/2021
SEL-11924;Toko Seller Sukses 11923;Cimahi;13/08/2021
SEL-11925;Toko Seller Sukses 11924;Sidoarjo;25/01/2022
SEL-11926;Toko Seller Sukses 11925;Jakarta Selatan;29/07/2022
SEL-11927;Toko Seller Sukses 11926;Jakarta Selatan;26/08/2021
SEL-11928;Toko Seller Sukses 11927;Sidoarjo;01/01/2023
SEL-11929;Toko Seller Sukses 11928;Medan;13/09/2022
SEL-11930;Toko Seller Sukses 11929;Medan;29/01/2022
SEL-11931;Toko Seller Sukses 11930;Surabaya;08/01/2023
SEL-11932;Toko Seller Sukses 11931;Yogyakarta;30/05/2023
SEL-11933;Toko Seller Sukses 11932;Makassar;19/07/2022
SEL-11934;Toko Seller Sukses 11933;Surabaya;05/11/2022
SEL-11935;Toko Seller Sukses 11934;Jakarta Pusat;19/10/2021
SEL-11936;Toko Seller Sukses 11935;Sidoarjo;10/04/2023
SEL-11937;Toko Seller Sukses 11936;Jakarta Selatan;31/05/2022
SEL-11938;Toko Seller Sukses 11937;Cimahi;06/05/2023
SEL-11939;Toko Seller Sukses 11938;Makassar;18/08/2021
SEL-11940;Toko Seller Sukses 11939;Medan;05/10/2021
SEL-11941;Toko Seller Sukses 11940;Sidoarjo;11/11/2021
SEL-11942;Toko Seller Sukses 11941;Medan;25/08/2022
SEL-11943;Toko Seller Sukses 11942;Surabaya;07/02/2022
SEL-11944;Toko Seller Sukses 11943;Makassar;21/03/2022
SEL-11945;Toko Seller Sukses 11944;Cimahi;13/04/2023
SEL-11946;Toko Seller Sukses 11945;Sidoarjo;19/09/2021
SEL-11947;Toko Seller Sukses 11946;Jakarta Selatan;09/07/2021
SEL-11948;Toko Seller Sukses 11947;Bandung;02/05/2022
SEL-11949;Toko Seller Sukses 11948;Cimahi;21/11/2022
SEL-11950;Toko Seller Sukses 11949;Makassar;10/01/2022
SEL-11951;Toko Seller Sukses 11950;Yogyakarta;21/04/2022
SEL-11952;Toko Seller Sukses 11951;Makassar;23/04/2023
SEL-11953;Toko Seller Sukses 11952;Makassar;11/06/2021
SEL-11954;Toko Seller Sukses 11953;Bandung;12/08/2021
SEL-11955;Toko Seller Sukses 11954;Cimahi;24/12/2022
SEL-11956;Toko Seller Sukses 11955;Surabaya;11/06/2022
SEL-11957;Toko Seller Sukses 11956;Jakarta Pusat;07/08/2022
SEL-11958;Toko Seller Sukses 11957;Bandung;22/09/2021
SEL-11959;Toko Seller Sukses 11958;Surabaya;16/01/2023
SEL-11960;Toko Seller Sukses 11959;Medan;20/09/2022
SEL-11961;Toko Seller Sukses 11960;Surabaya;17/07/2021
SEL-11962;Toko Seller Sukses 11961;Surabaya;05/03/2023
SEL-11963;Toko Seller Sukses 11962;Jakarta Selatan;29/09/2022
SEL-11964;Toko Seller Sukses 11963;Jakarta Selatan;02/12/2022
SEL-11965;Toko Seller Sukses 11964;Cimahi;03/03/2023
SEL-11966;Toko Seller Sukses 11965;Yogyakarta;11/05/2023
SEL-11967;Toko Seller Sukses 11966;Makassar;29/12/2021
SEL-11968;Toko Seller Sukses 11967;Jakarta Selatan;23/03/2022
SEL-11969;Toko Seller Sukses 11968;Yogyakarta;17/08/2022
SEL-11970;Toko Seller Sukses 11969;Sidoarjo;06/09/2022
SEL-11971;Toko Seller Sukses 11970;Makassar;14/03/2023
SEL-11972;Toko Seller Sukses 11971;Jakarta Pusat;07/05/2022
SEL-11973;Toko Seller Sukses 11972;Yogyakarta;28/12/2021
SEL-11974;Toko Seller Sukses 11973;Sidoarjo;31/07/2021
SEL-11975;Toko Seller Sukses 11974;Jakarta Selatan;23/05/2021
SEL-11976;Toko Seller Sukses 11975;Makassar;05/08/2022
SEL-11977;Toko Seller Sukses 11976;Jakarta Selatan;30/06/2023
SEL-11978;Toko Seller Sukses 11977;Jakarta Pusat;09/03/2023
SEL-11979;Toko Seller Sukses 11978;Medan;25/05/2021
SEL-11980;Toko Seller Sukses 11979;Medan;24/08/2021
SEL-11981;Toko Seller Sukses 11980;Surabaya;09/06/2023
SEL-11982;Toko Seller Sukses 11981;Medan;18/07/2022
SEL-11983;Toko Seller Sukses 11982;Medan;17/03/2023
SEL-11984;Toko Seller Sukses 11983;Yogyakarta;06/12/2021
SEL-11985;Toko Seller Sukses 11984;Jakarta Pusat;30/11/2021
SEL-11986;Toko Seller Sukses 11985;Makassar;06/07/2021
SEL-11987;Toko Seller Sukses 11986;Sidoarjo;11/09/2022
SEL-11988;Toko Seller Sukses 11987;Sidoarjo;09/05/2021
SEL-11989;Toko Seller Sukses 11988;Cimahi;07/02/2023
SEL-11990;Toko Seller Sukses 11989;Surabaya;19/07/2022
SEL-11991;Toko Seller Sukses 11990;Medan;12/05/2022
SEL-11992;Toko Seller Sukses 11991;Jakarta Pusat;03/10/2021
SEL-11993;Toko Seller Sukses 11992;Surabaya;28/07/2022
SEL-11994;Toko Seller Sukses 11993;Jakarta Pusat;03/06/2021
SEL-11995;Toko Seller Sukses 11994;Jakarta Pusat;15/09/2021
SEL-11996;Toko Seller Sukses 11995;Sidoarjo;13/02/2023
SEL-11997;Toko Seller Sukses 11996;Surabaya;26/04/2023
SEL-11998;Toko Seller Sukses 11997;Yogyakarta;28/03/2023
SEL-11999;Toko Seller Sukses 11998;Jakarta Pusat;12/07/2022
SEL-12000;Toko Seller Sukses 11999;Sidoarjo;06/01/2023
SEL-12001;Toko Seller Sukses 12000;Surabaya;25/08/2021
SEL-12002;Toko Seller Sukses 12001;Bandung;05/05/2022
SEL-12003;Toko Seller Sukses 12002;Makassar;22/03/2022
SEL-12004;Toko Seller Sukses 12003;Medan;09/08/2021
SEL-12005;Toko Seller Sukses 12004;Yogyakarta;12/02/2023
SEL-12006;Toko Seller Sukses 12005;Jakarta Selatan;27/06/2022
SEL-12007;Toko Seller Sukses 12006;Makassar;18/06/2021
SEL-12008;Toko Seller Sukses 12007;Jakarta Selatan;03/01/2022
SEL-12009;Toko Seller Sukses 12008;Medan;24/12/2022
SEL-12010;Toko Seller Sukses 12009;Yogyakarta;28/11/2022
SEL-12011;Toko Seller Sukses 12010;Cimahi;21/05/2022
SEL-12012;Toko Seller Sukses 12011;Sidoarjo;09/07/2021
SEL-12013;Toko Seller Sukses 12012;Makassar;24/09/2022
SEL-12014;Toko Seller Sukses 12013;Yogyakarta;06/07/2021
SEL-12015;Toko Seller Sukses 12014;Jakarta Selatan;20/10/2021
SEL-12016;Toko Seller Sukses 12015;Bandung;07/02/2023
SEL-12017;Toko Seller Sukses 12016;Medan;04/02/2022
SEL-12018;Toko Seller Sukses 12017;Cimahi;10/10/2022
SEL-12019;Toko Seller Sukses 12018;Jakarta Selatan;29/06/2021
SEL-12020;Toko Seller Sukses 12019;Makassar;22/04/2022
SEL-12021;Toko Seller Sukses 12020;Yogyakarta;22/06/2021
SEL-12022;Toko Seller Sukses 12021;Bandung;16/09/2022
SEL-12023;Toko Seller Sukses 12022;Cimahi;30/04/2022
SEL-12024;Toko Seller Sukses 12023;Yogyakarta;20/12/2022
SEL-12025;Toko Seller Sukses 12024;Yogyakarta;06/10/2022
SEL-12026;Toko Seller Sukses 12025;Cimahi;23/03/2023
SEL-12027;Toko Seller Sukses 12026;Yogyakarta;18/12/2022
SEL-12028;Toko Seller Sukses 12027;Makassar;22/09/2021
SEL-12029;Toko Seller Sukses 12028;Jakarta Selatan;23/09/2021
SEL-12030;Toko Seller Sukses 12029;Bandung;26/06/2021
SEL-12031;Toko Seller Sukses 12030;Cimahi;19/03/2023
SEL-12032;Toko Seller Sukses 12031;Bandung;20/12/2022
SEL-12033;Toko Seller Sukses 12032;Bandung;23/03/2023
SEL-12034;Toko Seller Sukses 12033;Surabaya;01/08/2022
SEL-12035;Toko Seller Sukses 12034;Cimahi;02/03/2022
SEL-12036;Toko Seller Sukses 12035;Sidoarjo;26/05/2023
SEL-12037;Toko Seller Sukses 12036;Medan;01/10/2022
SEL-12038;Toko Seller Sukses 12037;Jakarta Pusat;14/09/2022
SEL-12039;Toko Seller Sukses 12038;Makassar;05/07/2021
SEL-12040;Toko Seller Sukses 12039;Jakarta Pusat;08/03/2022
SEL-12041;Toko Seller Sukses 12040;Medan;18/08/2021
SEL-12042;Toko Seller Sukses 12041;Makassar;06/07/2022
SEL-12043;Toko Seller Sukses 12042;Cimahi;31/03/2022
SEL-12044;Toko Seller Sukses 12043;Sidoarjo;23/10/2022
SEL-12045;Toko Seller Sukses 12044;Surabaya;18/12/2022
SEL-12046;Toko Seller Sukses 12045;Makassar;21/03/2023
SEL-12047;Toko Seller Sukses 12046;Yogyakarta;08/05/2022
SEL-12048;Toko Seller Sukses 12047;Cimahi;17/03/2022
SEL-12049;Toko Seller Sukses 12048;Jakarta Pusat;31/07/2021
SEL-12050;Toko Seller Sukses 12049;Yogyakarta;18/06/2021
SEL-12051;Toko Seller Sukses 12050;Bandung;21/05/2021
SEL-12052;Toko Seller Sukses 12051;Makassar;05/08/2022
SEL-12053;Toko Seller Sukses 12052;Jakarta Pusat;02/01/2022
SEL-12054;Toko Seller Sukses 12053;Yogyakarta;05/03/2023
SEL-12055;Toko Seller Sukses 12054;Yogyakarta;29/04/2022
SEL-12056;Toko Seller Sukses 12055;Jakarta Pusat;10/05/2023
SEL-12057;Toko Seller Sukses 12056;Makassar;12/08/2021
SEL-12058;Toko Seller Sukses 12057;Makassar;29/08/2021
SEL-12059;Toko Seller Sukses 12058;Cimahi;15/05/2023
SEL-12060;Toko Seller Sukses 12059;Medan;10/02/2023
SEL-12061;Toko Seller Sukses 12060;Cimahi;29/05/2023
SEL-12062;Toko Seller Sukses 12061;Surabaya;28/07/2022
SEL-12063;Toko Seller Sukses 12062;Bandung;18/11/2022
SEL-12064;Toko Seller Sukses 12063;Jakarta Pusat;05/07/2021
SEL-12065;Toko Seller Sukses 12064;Sidoarjo;19/07/2022
SEL-12066;Toko Seller Sukses 12065;Yogyakarta;18/07/2021
SEL-12067;Toko Seller Sukses 12066;Jakarta Pusat;16/09/2021
SEL-12068;Toko Seller Sukses 12067;Jakarta Pusat;08/10/2021
SEL-12069;Toko Seller Sukses 12068;Bandung;07/02/2022
SEL-12070;Toko Seller Sukses 12069;Cimahi;08/02/2023
SEL-12071;Toko Seller Sukses 12070;Yogyakarta;08/09/2021
SEL-12072;Toko Seller Sukses 12071;Jakarta Selatan;01/03/2022
SEL-12073;Toko Seller Sukses 12072;Medan;23/12/2021
SEL-12074;Toko Seller Sukses 12073;Cimahi;06/09/2021
SEL-12075;Toko Seller Sukses 12074;Surabaya;05/05/2021
SEL-12076;Toko Seller Sukses 12075;Surabaya;16/02/2023
SEL-12077;Toko Seller Sukses 12076;Surabaya;15/07/2022
SEL-12078;Toko Seller Sukses 12077;Medan;19/02/2023
SEL-12079;Toko Seller Sukses 12078;Medan;04/10/2022
SEL-12080;Toko Seller Sukses 12079;Makassar;11/07/2021
SEL-12081;Toko Seller Sukses 12080;Surabaya;28/12/2021
SEL-12082;Toko Seller Sukses 12081;Sidoarjo;06/04/2023
SEL-12083;Toko Seller Sukses 12082;Jakarta Selatan;21/09/2022
SEL-12084;Toko Seller Sukses 12083;Jakarta Pusat;28/03/2022
SEL-12085;Toko Seller Sukses 12084;Yogyakarta;16/07/2021
SEL-12086;Toko Seller Sukses 12085;Yogyakarta;22/08/2021
SEL-12087;Toko Seller Sukses 12086;Cimahi;09/03/2022
SEL-12088;Toko Seller Sukses 12087;Surabaya;30/06/2021
SEL-12089;Toko Seller Sukses 12088;Cimahi;16/05/2021
SEL-12090;Toko Seller Sukses 12089;Sidoarjo;19/12/2021
SEL-12091;Toko Seller Sukses 12090;Jakarta Pusat;02/10/2022
SEL-12092;Toko Seller Sukses 12091;Makassar;14/10/2021
SEL-12093;Toko Seller Sukses 12092;Yogyakarta;06/02/2022
SEL-12094;Toko Seller Sukses 12093;Surabaya;22/06/2022
SEL-12095;Toko Seller Sukses 12094;Yogyakarta;16/12/2022
SEL-12096;Toko Seller Sukses 12095;Sidoarjo;21/12/2022
SEL-12097;Toko Seller Sukses 12096;Sidoarjo;04/10/2022
SEL-12098;Toko Seller Sukses 12097;Jakarta Selatan;06/06/2022
SEL-12099;Toko Seller Sukses 12098;Medan;26/12/2021
SEL-12100;Toko Seller Sukses 12099;Sidoarjo;21/11/2021
SEL-12101;Toko Seller Sukses 12100;Medan;22/07/2021
SEL-12102;Toko Seller Sukses 12101;Medan;12/04/2023
SEL-12103;Toko Seller Sukses 12102;Makassar;07/12/2021
SEL-12104;Toko Seller Sukses 12103;Medan;22/11/2021
SEL-12105;Toko Seller Sukses 12104;Sidoarjo;24/11/2022
SEL-12106;Toko Seller Sukses 12105;Sidoarjo;28/03/2022
SEL-12107;Toko Seller Sukses 12106;Yogyakarta;22/04/2022
SEL-12108;Toko Seller Sukses 12107;Surabaya;10/02/2022
SEL-12109;Toko Seller Sukses 12108;Bandung;14/04/2023
SEL-12110;Toko Seller Sukses 12109;Jakarta Pusat;31/08/2021
SEL-12111;Toko Seller Sukses 12110;Makassar;28/05/2021
SEL-12112;Toko Seller Sukses 12111;Bandung;15/11/2021
SEL-12113;Toko Seller Sukses 12112;Yogyakarta;13/11/2022
SEL-12114;Toko Seller Sukses 12113;Yogyakarta;13/12/2021
SEL-12115;Toko Seller Sukses 12114;Makassar;05/01/2023
SEL-12116;Toko Seller Sukses 12115;Yogyakarta;25/07/2021
SEL-12117;Toko Seller Sukses 12116;Yogyakarta;26/08/2021
SEL-12118;Toko Seller Sukses 12117;Makassar;24/11/2021
SEL-12119;Toko Seller Sukses 12118;Yogyakarta;05/07/2021
SEL-12120;Toko Seller Sukses 12119;Cimahi;06/09/2022
SEL-12121;Toko Seller Sukses 12120;Jakarta Pusat;20/08/2021
SEL-12122;Toko Seller Sukses 12121;Jakarta Selatan;22/10/2022
SEL-12123;Toko Seller Sukses 12122;Bandung;22/06/2023
SEL-12124;Toko Seller Sukses 12123;Medan;25/07/2021
SEL-12125;Toko Seller Sukses 12124;Cimahi;26/02/2023
SEL-12126;Toko Seller Sukses 12125;Medan;22/04/2023
SEL-12127;Toko Seller Sukses 12126;Cimahi;16/04/2023
SEL-12128;Toko Seller Sukses 12127;Jakarta Selatan;21/07/2021
SEL-12129;Toko Seller Sukses 12128;Jakarta Pusat;04/10/2021
SEL-12130;Toko Seller Sukses 12129;Medan;03/12/2021
SEL-12131;Toko Seller Sukses 12130;Surabaya;03/03/2023
SEL-12132;Toko Seller Sukses 12131;Cimahi;01/09/2022
SEL-12133;Toko Seller Sukses 12132;Makassar;26/12/2022
SEL-12134;Toko Seller Sukses 12133;Makassar;28/04/2023
SEL-12135;Toko Seller Sukses 12134;Cimahi;23/09/2021
SEL-12136;Toko Seller Sukses 12135;Surabaya;13/11/2021
SEL-12137;Toko Seller Sukses 12136;Bandung;21/10/2022
SEL-12138;Toko Seller Sukses 12137;Makassar;28/12/2022
SEL-12139;Toko Seller Sukses 12138;Surabaya;22/03/2023
SEL-12140;Toko Seller Sukses 12139;Surabaya;06/06/2021
SEL-12141;Toko Seller Sukses 12140;Yogyakarta;13/02/2022
SEL-12142;Toko Seller Sukses 12141;Cimahi;04/02/2023
SEL-12143;Toko Seller Sukses 12142;Surabaya;09/11/2021
SEL-12144;Toko Seller Sukses 12143;Yogyakarta;11/02/2022
SEL-12145;Toko Seller Sukses 12144;Cimahi;06/07/2022
SEL-12146;Toko Seller Sukses 12145;Jakarta Selatan;11/02/2023
SEL-12147;Toko Seller Sukses 12146;Bandung;21/05/2023
SEL-12148;Toko Seller Sukses 12147;Cimahi;07/12/2022
SEL-12149;Toko Seller Sukses 12148;Cimahi;04/05/2022
SEL-12150;Toko Seller Sukses 12149;Jakarta Selatan;03/05/2023
SEL-12151;Toko Seller Sukses 12150;Bandung;19/05/2022
SEL-12152;Toko Seller Sukses 12151;Jakarta Pusat;15/02/2023
SEL-12153;Toko Seller Sukses 12152;Bandung;26/05/2022
SEL-12154;Toko Seller Sukses 12153;Medan;13/04/2023
SEL-12155;Toko Seller Sukses 12154;Yogyakarta;17/08/2021
SEL-12156;Toko Seller Sukses 12155;Cimahi;27/05/2022
SEL-12157;Toko Seller Sukses 12156;Sidoarjo;13/03/2023
SEL-12158;Toko Seller Sukses 12157;Cimahi;09/10/2021
SEL-12159;Toko Seller Sukses 12158;Sidoarjo;16/01/2022
SEL-12160;Toko Seller Sukses 12159;Jakarta Pusat;08/10/2021
SEL-12161;Toko Seller Sukses 12160;Jakarta Selatan;14/12/2021
SEL-12162;Toko Seller Sukses 12161;Medan;02/04/2023
SEL-12163;Toko Seller Sukses 12162;Cimahi;14/01/2022
SEL-12164;Toko Seller Sukses 12163;Makassar;14/01/2022
SEL-12165;Toko Seller Sukses 12164;Makassar;20/10/2021
SEL-12166;Toko Seller Sukses 12165;Bandung;11/06/2021
SEL-12167;Toko Seller Sukses 12166;Sidoarjo;21/12/2021
SEL-12168;Toko Seller Sukses 12167;Makassar;23/10/2021
SEL-12169;Toko Seller Sukses 12168;Cimahi;24/06/2022
SEL-12170;Toko Seller Sukses 12169;Bandung;05/01/2023
SEL-12171;Toko Seller Sukses 12170;Yogyakarta;09/03/2022
SEL-12172;Toko Seller Sukses 12171;Bandung;07/09/2021
SEL-12173;Toko Seller Sukses 12172;Jakarta Selatan;24/03/2022
SEL-12174;Toko Seller Sukses 12173;Yogyakarta;08/02/2022
SEL-12175;Toko Seller Sukses 12174;Surabaya;19/05/2021
SEL-12176;Toko Seller Sukses 12175;Sidoarjo;07/10/2021
SEL-12177;Toko Seller Sukses 12176;Jakarta Selatan;04/03/2023
SEL-12178;Toko Seller Sukses 12177;Yogyakarta;28/02/2022
SEL-12179;Toko Seller Sukses 12178;Surabaya;04/07/2022
SEL-12180;Toko Seller Sukses 12179;Bandung;26/12/2021
SEL-12181;Toko Seller Sukses 12180;Yogyakarta;08/07/2021
SEL-12182;Toko Seller Sukses 12181;Jakarta Selatan;20/07/2021
SEL-12183;Toko Seller Sukses 12182;Surabaya;29/08/2022
SEL-12184;Toko Seller Sukses 12183;Cimahi;06/07/2022
SEL-12185;Toko Seller Sukses 12184;Jakarta Selatan;13/07/2021
SEL-12186;Toko Seller Sukses 12185;Jakarta Selatan;15/09/2021
SEL-12187;Toko Seller Sukses 12186;Medan;24/02/2023
SEL-12188;Toko Seller Sukses 12187;Yogyakarta;16/03/2023
SEL-12189;Toko Seller Sukses 12188;Jakarta Selatan;19/05/2023
SEL-12190;Toko Seller Sukses 12189;Makassar;25/08/2022
SEL-12191;Toko Seller Sukses 12190;Bandung;15/09/2022
SEL-12192;Toko Seller Sukses 12191;Yogyakarta;09/11/2021
SEL-12193;Toko Seller Sukses 12192;Bandung;03/08/2022
SEL-12194;Toko Seller Sukses 12193;Makassar;06/03/2022
SEL-12195;Toko Seller Sukses 12194;Bandung;18/11/2022
SEL-12196;Toko Seller Sukses 12195;Jakarta Pusat;17/03/2023
SEL-12197;Toko Seller Sukses 12196;Surabaya;22/12/2022
SEL-12198;Toko Seller Sukses 12197;Makassar;18/06/2023
SEL-12199;Toko Seller Sukses 12198;Sidoarjo;03/05/2021
SEL-12200;Toko Seller Sukses 12199;Cimahi;21/12/2021
SEL-12201;Toko Seller Sukses 12200;Sidoarjo;17/02/2023
SEL-12202;Toko Seller Sukses 12201;Jakarta Selatan;15/01/2023
SEL-12203;Toko Seller Sukses 12202;Jakarta Selatan;23/12/2022
SEL-12204;Toko Seller Sukses 12203;Cimahi;12/05/2022
SEL-12205;Toko Seller Sukses 12204;Cimahi;05/06/2023
SEL-12206;Toko Seller Sukses 12205;Jakarta Pusat;03/01/2023
SEL-12207;Toko Seller Sukses 12206;Surabaya;09/12/2021
SEL-12208;Toko Seller Sukses 12207;Surabaya;09/07/2022
SEL-12209;Toko Seller Sukses 12208;Surabaya;27/05/2022
SEL-12210;Toko Seller Sukses 12209;Sidoarjo;24/08/2021
SEL-12211;Toko Seller Sukses 12210;Medan;07/11/2021
SEL-12212;Toko Seller Sukses 12211;Makassar;23/12/2021
SEL-12213;Toko Seller Sukses 12212;Cimahi;07/05/2022
SEL-12214;Toko Seller Sukses 12213;Yogyakarta;10/08/2022
SEL-12215;Toko Seller Sukses 12214;Surabaya;03/10/2022
SEL-12216;Toko Seller Sukses 12215;Jakarta Pusat;26/02/2023
SEL-12217;Toko Seller Sukses 12216;Jakarta Selatan;06/01/2023
SEL-12218;Toko Seller Sukses 12217;Medan;02/11/2021
SEL-12219;Toko Seller Sukses 12218;Surabaya;26/07/2022
SEL-12220;Toko Seller Sukses 12219;Sidoarjo;18/01/2023
SEL-12221;Toko Seller Sukses 12220;Medan;09/10/2022
SEL-12222;Toko Seller Sukses 12221;Surabaya;10/07/2022
SEL-12223;Toko Seller Sukses 12222;Cimahi;14/01/2023
SEL-12224;Toko Seller Sukses 12223;Surabaya;10/08/2021
SEL-12225;Toko Seller Sukses 12224;Medan;01/11/2021
SEL-12226;Toko Seller Sukses 12225;Jakarta Pusat;09/07/2023
SEL-12227;Toko Seller Sukses 12226;Makassar;05/01/2022
SEL-12228;Toko Seller Sukses 12227;Surabaya;10/01/2023
SEL-12229;Toko Seller Sukses 12228;Cimahi;16/06/2022
SEL-12230;Toko Seller Sukses 12229;Surabaya;21/08/2021
SEL-12231;Toko Seller Sukses 12230;Jakarta Pusat;27/03/2022
SEL-12232;Toko Seller Sukses 12231;Jakarta Pusat;20/06/2023
SEL-12233;Toko Seller Sukses 12232;Jakarta Selatan;27/10/2021
SEL-12234;Toko Seller Sukses 12233;Yogyakarta;14/12/2021
SEL-12235;Toko Seller Sukses 12234;Surabaya;18/10/2021
SEL-12236;Toko Seller Sukses 12235;Jakarta Pusat;17/08/2022
SEL-12237;Toko Seller Sukses 12236;Jakarta Selatan;25/01/2023
SEL-12238;Toko Seller Sukses 12237;Jakarta Selatan;16/06/2021
SEL-12239;Toko Seller Sukses 12238;Sidoarjo;04/06/2022
SEL-12240;Toko Seller Sukses 12239;Bandung;04/06/2021
SEL-12241;Toko Seller Sukses 12240;Bandung;23/07/2021
SEL-12242;Toko Seller Sukses 12241;Cimahi;22/05/2023
SEL-12243;Toko Seller Sukses 12242;Makassar;01/12/2022
SEL-12244;Toko Seller Sukses 12243;Medan;09/03/2023
SEL-12245;Toko Seller Sukses 12244;Sidoarjo;26/08/2022
SEL-12246;Toko Seller Sukses 12245;Bandung;13/01/2023
SEL-12247;Toko Seller Sukses 12246;Sidoarjo;11/07/2022
SEL-12248;Toko Seller Sukses 12247;Makassar;04/08/2022
SEL-12249;Toko Seller Sukses 12248;Medan;31/07/2022
SEL-12250;Toko Seller Sukses 12249;Bandung;14/06/2021
SEL-12251;Toko Seller Sukses 12250;Bandung;24/05/2022
SEL-12252;Toko Seller Sukses 12251;Jakarta Pusat;25/07/2022
SEL-12253;Toko Seller Sukses 12252;Cimahi;14/11/2022
SEL-12254;Toko Seller Sukses 12253;Jakarta Pusat;18/07/2022
SEL-12255;Toko Seller Sukses 12254;Bandung;16/09/2022
SEL-12256;Toko Seller Sukses 12255;Cimahi;18/09/2021
SEL-12257;Toko Seller Sukses 12256;Surabaya;08/06/2022
SEL-12258;Toko Seller Sukses 12257;Makassar;05/03/2023
SEL-12259;Toko Seller Sukses 12258;Cimahi;20/09/2021
SEL-12260;Toko Seller Sukses 12259;Bandung;04/03/2023
SEL-12261;Toko Seller Sukses 12260;Sidoarjo;13/05/2021
SEL-12262;Toko Seller Sukses 12261;Surabaya;12/11/2021
SEL-12263;Toko Seller Sukses 12262;Jakarta Pusat;08/03/2022
SEL-12264;Toko Seller Sukses 12263;Jakarta Pusat;10/11/2021
SEL-12265;Toko Seller Sukses 12264;Makassar;14/09/2022
SEL-12266;Toko Seller Sukses 12265;Bandung;27/02/2023
SEL-12267;Toko Seller Sukses 12266;Makassar;01/06/2023
SEL-12268;Toko Seller Sukses 12267;Yogyakarta;29/12/2021
SEL-12269;Toko Seller Sukses 12268;Bandung;15/05/2021
SEL-12270;Toko Seller Sukses 12269;Bandung;23/01/2023
SEL-12271;Toko Seller Sukses 12270;Yogyakarta;11/02/2022
SEL-12272;Toko Seller Sukses 12271;Sidoarjo;05/03/2023
SEL-12273;Toko Seller Sukses 12272;Bandung;03/11/2021
SEL-12274;Toko Seller Sukses 12273;Sidoarjo;09/07/2021
SEL-12275;Toko Seller Sukses 12274;Cimahi;06/02/2022
SEL-12276;Toko Seller Sukses 12275;Bandung;06/09/2021
SEL-12277;Toko Seller Sukses 12276;Medan;19/07/2021
SEL-12278;Toko Seller Sukses 12277;Jakarta Selatan;07/08/2021
SEL-12279;Toko Seller Sukses 12278;Makassar;16/11/2021
SEL-12280;Toko Seller Sukses 12279;Yogyakarta;19/06/2023
SEL-12281;Toko Seller Sukses 12280;Sidoarjo;18/03/2023
SEL-12282;Toko Seller Sukses 12281;Jakarta Selatan;27/06/2023
SEL-12283;Toko Seller Sukses 12282;Medan;24/11/2022
SEL-12284;Toko Seller Sukses 12283;Medan;08/02/2023
SEL-12285;Toko Seller Sukses 12284;Medan;11/08/2021
SEL-12286;Toko Seller Sukses 12285;Cimahi;30/11/2021
SEL-12287;Toko Seller Sukses 12286;Jakarta Pusat;26/06/2021
SEL-12288;Toko Seller Sukses 12287;Surabaya;13/03/2023
SEL-12289;Toko Seller Sukses 12288;Bandung;03/05/2021
SEL-12290;Toko Seller Sukses 12289;Cimahi;09/07/2021
SEL-12291;Toko Seller Sukses 12290;Medan;22/03/2023
SEL-12292;Toko Seller Sukses 12291;Sidoarjo;31/05/2021
SEL-12293;Toko Seller Sukses 12292;Medan;01/10/2022
SEL-12294;Toko Seller Sukses 12293;Bandung;04/02/2023
SEL-12295;Toko Seller Sukses 12294;Sidoarjo;30/09/2022
SEL-12296;Toko Seller Sukses 12295;Makassar;06/11/2021
SEL-12297;Toko Seller Sukses 12296;Cimahi;27/03/2023
SEL-12298;Toko Seller Sukses 12297;Medan;09/09/2022
SEL-12299;Toko Seller Sukses 12298;Jakarta Pusat;26/06/2023
SEL-12300;Toko Seller Sukses 12299;Cimahi;22/06/2023
SEL-12301;Toko Seller Sukses 12300;Bandung;17/05/2023
SEL-12302;Toko Seller Sukses 12301;Jakarta Pusat;27/12/2021
SEL-12303;Toko Seller Sukses 12302;Jakarta Pusat;15/04/2022
SEL-12304;Toko Seller Sukses 12303;Jakarta Pusat;24/08/2021
SEL-12305;Toko Seller Sukses 12304;Jakarta Selatan;20/05/2023
SEL-12306;Toko Seller Sukses 12305;Bandung;14/04/2022
SEL-12307;Toko Seller Sukses 12306;Bandung;04/04/2022
SEL-12308;Toko Seller Sukses 12307;Sidoarjo;23/05/2023
SEL-12309;Toko Seller Sukses 12308;Medan;31/10/2022
SEL-12310;Toko Seller Sukses 12309;Jakarta Selatan;05/03/2023
SEL-12311;Toko Seller Sukses 12310;Yogyakarta;12/06/2022
SEL-12312;Toko Seller Sukses 12311;Yogyakarta;30/09/2022
SEL-12313;Toko Seller Sukses 12312;Yogyakarta;04/05/2022
SEL-12314;Toko Seller Sukses 12313;Yogyakarta;26/05/2021
SEL-12315;Toko Seller Sukses 12314;Cimahi;24/06/2023
SEL-12316;Toko Seller Sukses 12315;Jakarta Selatan;24/08/2021
SEL-12317;Toko Seller Sukses 12316;Jakarta Selatan;26/12/2021
SEL-12318;Toko Seller Sukses 12317;Medan;26/12/2022
SEL-12319;Toko Seller Sukses 12318;Jakarta Pusat;20/04/2022
SEL-12320;Toko Seller Sukses 12319;Jakarta Selatan;17/12/2021
SEL-12321;Toko Seller Sukses 12320;Yogyakarta;08/06/2021
SEL-12322;Toko Seller Sukses 12321;Cimahi;22/05/2021
SEL-12323;Toko Seller Sukses 12322;Makassar;29/11/2022
SEL-12324;Toko Seller Sukses 12323;Yogyakarta;10/12/2021
SEL-12325;Toko Seller Sukses 12324;Jakarta Selatan;20/05/2021
SEL-12326;Toko Seller Sukses 12325;Medan;09/02/2023
SEL-12327;Toko Seller Sukses 12326;Bandung;15/04/2023
SEL-12328;Toko Seller Sukses 12327;Surabaya;12/06/2023
SEL-12329;Toko Seller Sukses 12328;Yogyakarta;12/04/2022
SEL-12330;Toko Seller Sukses 12329;Medan;04/06/2021
SEL-12331;Toko Seller Sukses 12330;Jakarta Pusat;04/08/2021
SEL-12332;Toko Seller Sukses 12331;Bandung;30/08/2021
SEL-12333;Toko Seller Sukses 12332;Medan;12/10/2021
SEL-12334;Toko Seller Sukses 12333;Jakarta Selatan;22/11/2021
SEL-12335;Toko Seller Sukses 12334;Sidoarjo;20/12/2021
SEL-12336;Toko Seller Sukses 12335;Cimahi;09/05/2023
SEL-12337;Toko Seller Sukses 12336;Yogyakarta;17/05/2022
SEL-12338;Toko Seller Sukses 12337;Surabaya;23/01/2023
SEL-12339;Toko Seller Sukses 12338;Jakarta Pusat;02/12/2022
SEL-12340;Toko Seller Sukses 12339;Surabaya;29/07/2022
SEL-12341;Toko Seller Sukses 12340;Surabaya;30/03/2023
SEL-12342;Toko Seller Sukses 12341;Cimahi;28/08/2021
SEL-12343;Toko Seller Sukses 12342;Jakarta Pusat;02/12/2022
SEL-12344;Toko Seller Sukses 12343;Makassar;17/07/2021
SEL-12345;Toko Seller Sukses 12344;Yogyakarta;08/05/2023
SEL-12346;Toko Seller Sukses 12345;Jakarta Selatan;27/01/2023
SEL-12347;Toko Seller Sukses 12346;Jakarta Pusat;27/07/2021
SEL-12348;Toko Seller Sukses 12347;Bandung;18/02/2022
SEL-12349;Toko Seller Sukses 12348;Bandung;15/07/2022
SEL-12350;Toko Seller Sukses 12349;Sidoarjo;07/06/2023
SEL-12351;Toko Seller Sukses 12350;Surabaya;19/08/2022
SEL-12352;Toko Seller Sukses 12351;Medan;09/04/2022
SEL-12353;Toko Seller Sukses 12352;Makassar;21/01/2023
SEL-12354;Toko Seller Sukses 12353;Cimahi;18/05/2023
SEL-12355;Toko Seller Sukses 12354;Surabaya;29/06/2021
SEL-12356;Toko Seller Sukses 12355;Jakarta Selatan;07/04/2023
SEL-12357;Toko Seller Sukses 12356;Cimahi;08/10/2022
SEL-12358;Toko Seller Sukses 12357;Jakarta Pusat;20/08/2021
SEL-12359;Toko Seller Sukses 12358;Bandung;27/11/2021
SEL-12360;Toko Seller Sukses 12359;Medan;02/04/2022
SEL-12361;Toko Seller Sukses 12360;Cimahi;07/05/2023
SEL-12362;Toko Seller Sukses 12361;Medan;13/10/2021
SEL-12363;Toko Seller Sukses 12362;Bandung;16/10/2021
SEL-12364;Toko Seller Sukses 12363;Cimahi;28/01/2023
SEL-12365;Toko Seller Sukses 12364;Bandung;14/12/2022
SEL-12366;Toko Seller Sukses 12365;Cimahi;10/02/2023
SEL-12367;Toko Seller Sukses 12366;Surabaya;08/05/2022
SEL-12368;Toko Seller Sukses 12367;Jakarta Selatan;24/06/2021
SEL-12369;Toko Seller Sukses 12368;Jakarta Pusat;13/05/2021
SEL-12370;Toko Seller Sukses 12369;Sidoarjo;17/12/2021
SEL-12371;Toko Seller Sukses 12370;Jakarta Pusat;08/07/2022
SEL-12372;Toko Seller Sukses 12371;Bandung;12/06/2022
SEL-12373;Toko Seller Sukses 12372;Jakarta Selatan;20/12/2021
SEL-12374;Toko Seller Sukses 12373;Medan;16/10/2022
SEL-12375;Toko Seller Sukses 12374;Yogyakarta;26/06/2022
SEL-12376;Toko Seller Sukses 12375;Surabaya;23/01/2023
SEL-12377;Toko Seller Sukses 12376;Medan;28/05/2021
SEL-12378;Toko Seller Sukses 12377;Sidoarjo;15/07/2022
SEL-12379;Toko Seller Sukses 12378;Jakarta Pusat;10/02/2022
SEL-12380;Toko Seller Sukses 12379;Cimahi;07/08/2022
SEL-12381;Toko Seller Sukses 12380;Bandung;28/12/2021
SEL-12382;Toko Seller Sukses 12381;Cimahi;20/04/2022
SEL-12383;Toko Seller Sukses 12382;Bandung;20/02/2023
SEL-12384;Toko Seller Sukses 12383;Makassar;22/04/2022
SEL-12385;Toko Seller Sukses 12384;Medan;04/06/2023
SEL-12386;Toko Seller Sukses 12385;Medan;10/02/2023
SEL-12387;Toko Seller Sukses 12386;Medan;11/07/2022
SEL-12388;Toko Seller Sukses 12387;Bandung;29/11/2021
SEL-12389;Toko Seller Sukses 12388;Yogyakarta;30/08/2022
SEL-12390;Toko Seller Sukses 12389;Sidoarjo;11/09/2022
SEL-12391;Toko Seller Sukses 12390;Jakarta Selatan;12/11/2022
SEL-12392;Toko Seller Sukses 12391;Yogyakarta;12/03/2023
SEL-12393;Toko Seller Sukses 12392;Makassar;19/04/2023
SEL-12394;Toko Seller Sukses 12393;Medan;23/02/2022
SEL-12395;Toko Seller Sukses 12394;Yogyakarta;27/05/2021
SEL-12396;Toko Seller Sukses 12395;Makassar;12/08/2022
SEL-12397;Toko Seller Sukses 12396;Yogyakarta;29/04/2022
SEL-12398;Toko Seller Sukses 12397;Sidoarjo;03/06/2021
SEL-12399;Toko Seller Sukses 12398;Sidoarjo;14/06/2021
SEL-12400;Toko Seller Sukses 12399;Surabaya;20/08/2022
SEL-12401;Toko Seller Sukses 12400;Jakarta Pusat;01/03/2022
SEL-12402;Toko Seller Sukses 12401;Medan;31/10/2021
SEL-12403;Toko Seller Sukses 12402;Makassar;23/05/2022
SEL-12404;Toko Seller Sukses 12403;Medan;01/05/2021
SEL-12405;Toko Seller Sukses 12404;Makassar;15/02/2023
SEL-12406;Toko Seller Sukses 12405;Surabaya;07/02/2022
SEL-12407;Toko Seller Sukses 12406;Jakarta Selatan;04/05/2022
SEL-12408;Toko Seller Sukses 12407;Cimahi;10/04/2022
SEL-12409;Toko Seller Sukses 12408;Jakarta Selatan;11/07/2021
SEL-12410;Toko Seller Sukses 12409;Surabaya;28/03/2023
SEL-12411;Toko Seller Sukses 12410;Cimahi;05/12/2021
SEL-12412;Toko Seller Sukses 12411;Jakarta Selatan;14/01/2022
SEL-12413;Toko Seller Sukses 12412;Yogyakarta;30/12/2022
SEL-12414;Toko Seller Sukses 12413;Sidoarjo;31/10/2021
SEL-12415;Toko Seller Sukses 12414;Jakarta Pusat;16/09/2022
SEL-12416;Toko Seller Sukses 12415;Sidoarjo;15/09/2022
SEL-12417;Toko Seller Sukses 12416;Medan;09/08/2022
SEL-12418;Toko Seller Sukses 12417;Yogyakarta;21/06/2022
SEL-12419;Toko Seller Sukses 12418;Medan;04/03/2023
SEL-12420;Toko Seller Sukses 12419;Surabaya;19/04/2023
SEL-12421;Toko Seller Sukses 12420;Yogyakarta;13/01/2022
SEL-12422;Toko Seller Sukses 12421;Sidoarjo;27/08/2021
SEL-12423;Toko Seller Sukses 12422;Surabaya;28/05/2021
SEL-12424;Toko Seller Sukses 12423;Cimahi;24/11/2021
SEL-12425;Toko Seller Sukses 12424;Makassar;19/06/2023
SEL-12426;Toko Seller Sukses 12425;Jakarta Pusat;18/07/2021
SEL-12427;Toko Seller Sukses 12426;Sidoarjo;20/12/2021
SEL-12428;Toko Seller Sukses 12427;Bandung;13/12/2021
SEL-12429;Toko Seller Sukses 12428;Surabaya;17/03/2022
SEL-12430;Toko Seller Sukses 12429;Yogyakarta;24/07/2021
SEL-12431;Toko Seller Sukses 12430;Makassar;12/01/2022
SEL-12432;Toko Seller Sukses 12431;Medan;25/08/2022
SEL-12433;Toko Seller Sukses 12432;Bandung;22/02/2023
SEL-12434;Toko Seller Sukses 12433;Medan;01/01/2023
SEL-12435;Toko Seller Sukses 12434;Sidoarjo;09/01/2023
SEL-12436;Toko Seller Sukses 12435;Sidoarjo;22/02/2022
SEL-12437;Toko Seller Sukses 12436;Jakarta Selatan;12/01/2023
SEL-12438;Toko Seller Sukses 12437;Cimahi;17/02/2023
SEL-12439;Toko Seller Sukses 12438;Bandung;30/11/2021
SEL-12440;Toko Seller Sukses 12439;Sidoarjo;27/11/2022
SEL-12441;Toko Seller Sukses 12440;Yogyakarta;25/04/2023
SEL-12442;Toko Seller Sukses 12441;Yogyakarta;17/12/2021
SEL-12443;Toko Seller Sukses 12442;Jakarta Pusat;22/07/2021
SEL-12444;Toko Seller Sukses 12443;Makassar;24/02/2022
SEL-12445;Toko Seller Sukses 12444;Yogyakarta;09/06/2021
SEL-12446;Toko Seller Sukses 12445;Makassar;08/01/2023
SEL-12447;Toko Seller Sukses 12446;Sidoarjo;10/04/2023
SEL-12448;Toko Seller Sukses 12447;Cimahi;14/09/2022
SEL-12449;Toko Seller Sukses 12448;Jakarta Selatan;24/11/2022
SEL-12450;Toko Seller Sukses 12449;Medan;24/05/2023
SEL-12451;Toko Seller Sukses 12450;Cimahi;25/03/2022
SEL-12452;Toko Seller Sukses 12451;Medan;19/12/2022
SEL-12453;Toko Seller Sukses 12452;Medan;07/05/2022
SEL-12454;Toko Seller Sukses 12453;Medan;02/10/2021
SEL-12455;Toko Seller Sukses 12454;Sidoarjo;03/10/2021
SEL-12456;Toko Seller Sukses 12455;Makassar;24/08/2022
SEL-12457;Toko Seller Sukses 12456;Jakarta Selatan;01/04/2022
SEL-12458;Toko Seller Sukses 12457;Cimahi;05/05/2021
SEL-12459;Toko Seller Sukses 12458;Jakarta Pusat;12/09/2022
SEL-12460;Toko Seller Sukses 12459;Jakarta Pusat;04/06/2023
SEL-12461;Toko Seller Sukses 12460;Cimahi;30/11/2022
SEL-12462;Toko Seller Sukses 12461;Bandung;21/12/2021
SEL-12463;Toko Seller Sukses 12462;Medan;28/05/2023
SEL-12464;Toko Seller Sukses 12463;Sidoarjo;24/09/2021
SEL-12465;Toko Seller Sukses 12464;Jakarta Selatan;22/07/2021
SEL-12466;Toko Seller Sukses 12465;Sidoarjo;18/01/2022
SEL-12467;Toko Seller Sukses 12466;Medan;30/12/2022
SEL-12468;Toko Seller Sukses 12467;Yogyakarta;11/09/2022
SEL-12469;Toko Seller Sukses 12468;Makassar;17/01/2022
SEL-12470;Toko Seller Sukses 12469;Sidoarjo;03/02/2022
SEL-12471;Toko Seller Sukses 12470;Sidoarjo;08/02/2022
SEL-12472;Toko Seller Sukses 12471;Cimahi;09/12/2022
SEL-12473;Toko Seller Sukses 12472;Surabaya;22/04/2022
SEL-12474;Toko Seller Sukses 12473;Jakarta Pusat;17/07/2022
SEL-12475;Toko Seller Sukses 12474;Yogyakarta;20/11/2021
SEL-12476;Toko Seller Sukses 12475;Surabaya;24/01/2023
SEL-12477;Toko Seller Sukses 12476;Bandung;04/06/2023
SEL-12478;Toko Seller Sukses 12477;Jakarta Selatan;31/08/2021
SEL-12479;Toko Seller Sukses 12478;Sidoarjo;31/05/2022
SEL-12480;Toko Seller Sukses 12479;Surabaya;03/06/2022
SEL-12481;Toko Seller Sukses 12480;Makassar;13/05/2021
SEL-12482;Toko Seller Sukses 12481;Cimahi;09/03/2023
SEL-12483;Toko Seller Sukses 12482;Sidoarjo;06/06/2021
SEL-12484;Toko Seller Sukses 12483;Cimahi;16/06/2023
SEL-12485;Toko Seller Sukses 12484;Jakarta Pusat;28/06/2022
SEL-12486;Toko Seller Sukses 12485;Jakarta Pusat;22/05/2022
SEL-12487;Toko Seller Sukses 12486;Sidoarjo;26/05/2022
SEL-12488;Toko Seller Sukses 12487;Medan;01/08/2022
SEL-12489;Toko Seller Sukses 12488;Cimahi;07/07/2023
SEL-12490;Toko Seller Sukses 12489;Yogyakarta;06/12/2022
SEL-12491;Toko Seller Sukses 12490;Jakarta Pusat;29/06/2021
SEL-12492;Toko Seller Sukses 12491;Sidoarjo;24/07/2022
SEL-12493;Toko Seller Sukses 12492;Jakarta Pusat;18/03/2022
SEL-12494;Toko Seller Sukses 12493;Bandung;23/09/2021
SEL-12495;Toko Seller Sukses 12494;Surabaya;07/01/2023
SEL-12496;Toko Seller Sukses 12495;Surabaya;21/10/2022
SEL-12497;Toko Seller Sukses 12496;Makassar;01/11/2022
SEL-12498;Toko Seller Sukses 12497;Yogyakarta;28/05/2023
SEL-12499;Toko Seller Sukses 12498;Sidoarjo;30/06/2021
SEL-12500;Toko Seller Sukses 12499;Yogyakarta;30/11/2022
SEL-12501;Toko Seller Sukses 12500;Makassar;19/10/2022
SEL-12502;Toko Seller Sukses 12501;Sidoarjo;30/01/2022
SEL-12503;Toko Seller Sukses 12502;Surabaya;14/06/2023
SEL-12504;Toko Seller Sukses 12503;Yogyakarta;19/06/2021
SEL-12505;Toko Seller Sukses 12504;Medan;11/08/2021
SEL-12506;Toko Seller Sukses 12505;Sidoarjo;21/05/2022
SEL-12507;Toko Seller Sukses 12506;Makassar;09/12/2022
SEL-12508;Toko Seller Sukses 12507;Medan;30/08/2022
SEL-12509;Toko Seller Sukses 12508;Bandung;01/04/2023
SEL-12510;Toko Seller Sukses 12509;Yogyakarta;10/02/2022
SEL-12511;Toko Seller Sukses 12510;Jakarta Pusat;26/10/2021
SEL-12512;Toko Seller Sukses 12511;Bandung;25/08/2021
SEL-12513;Toko Seller Sukses 12512;Surabaya;24/12/2021
SEL-12514;Toko Seller Sukses 12513;Sidoarjo;18/01/2022
SEL-12515;Toko Seller Sukses 12514;Makassar;15/10/2021
SEL-12516;Toko Seller Sukses 12515;Cimahi;05/12/2022
SEL-12517;Toko Seller Sukses 12516;Surabaya;22/08/2021
SEL-12518;Toko Seller Sukses 12517;Medan;30/11/2022
SEL-12519;Toko Seller Sukses 12518;Sidoarjo;08/10/2021
SEL-12520;Toko Seller Sukses 12519;Makassar;17/08/2021
SEL-12521;Toko Seller Sukses 12520;Jakarta Selatan;03/02/2023
SEL-12522;Toko Seller Sukses 12521;Cimahi;19/07/2021
SEL-12523;Toko Seller Sukses 12522;Medan;23/12/2021
SEL-12524;Toko Seller Sukses 12523;Surabaya;11/07/2022
SEL-12525;Toko Seller Sukses 12524;Cimahi;26/09/2021
SEL-12526;Toko Seller Sukses 12525;Jakarta Selatan;25/08/2022
SEL-12527;Toko Seller Sukses 12526;Cimahi;17/12/2022
SEL-12528;Toko Seller Sukses 12527;Cimahi;03/07/2022
SEL-12529;Toko Seller Sukses 12528;Jakarta Selatan;02/12/2021
SEL-12530;Toko Seller Sukses 12529;Jakarta Selatan;28/05/2021
SEL-12531;Toko Seller Sukses 12530;Jakarta Pusat;10/06/2023
SEL-12532;Toko Seller Sukses 12531;Jakarta Pusat;09/06/2021
SEL-12533;Toko Seller Sukses 12532;Sidoarjo;12/09/2021
SEL-12534;Toko Seller Sukses 12533;Medan;05/03/2023
SEL-12535;Toko Seller Sukses 12534;Yogyakarta;03/06/2023
SEL-12536;Toko Seller Sukses 12535;Makassar;16/09/2021
SEL-12537;Toko Seller Sukses 12536;Makassar;12/04/2023
SEL-12538;Toko Seller Sukses 12537;Bandung;04/04/2023
SEL-12539;Toko Seller Sukses 12538;Makassar;20/05/2022
SEL-12540;Toko Seller Sukses 12539;Surabaya;21/05/2022
SEL-12541;Toko Seller Sukses 12540;Jakarta Selatan;24/06/2022
SEL-12542;Toko Seller Sukses 12541;Yogyakarta;26/09/2021
SEL-12543;Toko Seller Sukses 12542;Bandung;19/08/2021
SEL-12544;Toko Seller Sukses 12543;Makassar;03/09/2021
SEL-12545;Toko Seller Sukses 12544;Bandung;23/01/2023
SEL-12546;Toko Seller Sukses 12545;Makassar;01/02/2022
SEL-12547;Toko Seller Sukses 12546;Surabaya;16/03/2023
SEL-12548;Toko Seller Sukses 12547;Jakarta Selatan;10/01/2023
SEL-12549;Toko Seller Sukses 12548;Jakarta Pusat;15/05/2022
SEL-12550;Toko Seller Sukses 12549;Jakarta Selatan;12/06/2023
SEL-12551;Toko Seller Sukses 12550;Yogyakarta;17/07/2021
SEL-12552;Toko Seller Sukses 12551;Bandung;29/04/2022
SEL-12553;Toko Seller Sukses 12552;Yogyakarta;31/03/2022
SEL-12554;Toko Seller Sukses 12553;Cimahi;11/06/2021
SEL-12555;Toko Seller Sukses 12554;Bandung;04/10/2021
SEL-12556;Toko Seller Sukses 12555;Bandung;07/03/2023
SEL-12557;Toko Seller Sukses 12556;Medan;10/08/2021
SEL-12558;Toko Seller Sukses 12557;Jakarta Pusat;14/03/2023
SEL-12559;Toko Seller Sukses 12558;Jakarta Selatan;13/04/2022
SEL-12560;Toko Seller Sukses 12559;Jakarta Pusat;18/06/2022
SEL-12561;Toko Seller Sukses 12560;Yogyakarta;15/01/2023
SEL-12562;Toko Seller Sukses 12561;Makassar;21/03/2022
SEL-12563;Toko Seller Sukses 12562;Cimahi;10/09/2021
SEL-12564;Toko Seller Sukses 12563;Bandung;19/03/2022
SEL-12565;Toko Seller Sukses 12564;Cimahi;25/05/2021
SEL-12566;Toko Seller Sukses 12565;Bandung;06/03/2022
SEL-12567;Toko Seller Sukses 12566;Surabaya;19/09/2021
SEL-12568;Toko Seller Sukses 12567;Jakarta Pusat;01/06/2023
SEL-12569;Toko Seller Sukses 12568;Sidoarjo;27/11/2021
SEL-12570;Toko Seller Sukses 12569;Bandung;02/05/2021
SEL-12571;Toko Seller Sukses 12570;Sidoarjo;18/05/2022
SEL-12572;Toko Seller Sukses 12571;Cimahi;21/07/2021
SEL-12573;Toko Seller Sukses 12572;Medan;14/09/2021
SEL-12574;Toko Seller Sukses 12573;Yogyakarta;28/04/2023
SEL-12575;Toko Seller Sukses 12574;Cimahi;07/07/2021
SEL-12576;Toko Seller Sukses 12575;Jakarta Pusat;10/05/2023
SEL-12577;Toko Seller Sukses 12576;Jakarta Selatan;24/07/2021
SEL-12578;Toko Seller Sukses 12577;Makassar;30/03/2023
SEL-12579;Toko Seller Sukses 12578;Jakarta Pusat;21/10/2021
SEL-12580;Toko Seller Sukses 12579;Bandung;07/02/2023
SEL-12581;Toko Seller Sukses 12580;Makassar;20/11/2022
SEL-12582;Toko Seller Sukses 12581;Cimahi;15/04/2022
SEL-12583;Toko Seller Sukses 12582;Makassar;08/02/2023
SEL-12584;Toko Seller Sukses 12583;Makassar;07/08/2021
SEL-12585;Toko Seller Sukses 12584;Yogyakarta;15/10/2021
SEL-12586;Toko Seller Sukses 12585;Makassar;08/09/2022
SEL-12587;Toko Seller Sukses 12586;Makassar;22/09/2021
SEL-12588;Toko Seller Sukses 12587;Makassar;21/10/2022
SEL-12589;Toko Seller Sukses 12588;Jakarta Selatan;02/12/2022
SEL-12590;Toko Seller Sukses 12589;Makassar;04/02/2023
SEL-12591;Toko Seller Sukses 12590;Jakarta Pusat;05/07/2021
SEL-12592;Toko Seller Sukses 12591;Medan;06/10/2021
SEL-12593;Toko Seller Sukses 12592;Bandung;09/01/2023
SEL-12594;Toko Seller Sukses 12593;Surabaya;12/01/2022
SEL-12595;Toko Seller Sukses 12594;Sidoarjo;03/10/2022
SEL-12596;Toko Seller Sukses 12595;Medan;22/03/2022
SEL-12597;Toko Seller Sukses 12596;Jakarta Selatan;01/10/2021
SEL-12598;Toko Seller Sukses 12597;Makassar;13/10/2021
SEL-12599;Toko Seller Sukses 12598;Surabaya;06/08/2021
SEL-12600;Toko Seller Sukses 12599;Sidoarjo;09/03/2022
SEL-12601;Toko Seller Sukses 12600;Jakarta Selatan;15/07/2022
SEL-12602;Toko Seller Sukses 12601;Bandung;20/05/2022
SEL-12603;Toko Seller Sukses 12602;Makassar;12/09/2021
SEL-12604;Toko Seller Sukses 12603;Cimahi;11/12/2021
SEL-12605;Toko Seller Sukses 12604;Makassar;10/07/2022
SEL-12606;Toko Seller Sukses 12605;Cimahi;15/12/2021
SEL-12607;Toko Seller Sukses 12606;Medan;15/07/2021
SEL-12608;Toko Seller Sukses 12607;Medan;09/02/2023
SEL-12609;Toko Seller Sukses 12608;Sidoarjo;10/10/2021
SEL-12610;Toko Seller Sukses 12609;Bandung;03/06/2021
SEL-12611;Toko Seller Sukses 12610;Surabaya;22/09/2022
SEL-12612;Toko Seller Sukses 12611;Bandung;01/05/2021
SEL-12613;Toko Seller Sukses 12612;Medan;27/04/2023
SEL-12614;Toko Seller Sukses 12613;Jakarta Pusat;17/05/2021
SEL-12615;Toko Seller Sukses 12614;Sidoarjo;02/09/2022
SEL-12616;Toko Seller Sukses 12615;Cimahi;10/05/2022
SEL-12617;Toko Seller Sukses 12616;Jakarta Selatan;11/05/2021
SEL-12618;Toko Seller Sukses 12617;Cimahi;21/04/2023
SEL-12619;Toko Seller Sukses 12618;Yogyakarta;24/04/2022
SEL-12620;Toko Seller Sukses 12619;Sidoarjo;28/12/2022
SEL-12621;Toko Seller Sukses 12620;Bandung;18/12/2021
SEL-12622;Toko Seller Sukses 12621;Makassar;29/01/2022
SEL-12623;Toko Seller Sukses 12622;Jakarta Pusat;15/01/2022
SEL-12624;Toko Seller Sukses 12623;Jakarta Pusat;18/08/2022
SEL-12625;Toko Seller Sukses 12624;Medan;24/10/2021
SEL-12626;Toko Seller Sukses 12625;Surabaya;15/05/2022
SEL-12627;Toko Seller Sukses 12626;Jakarta Pusat;03/09/2022
SEL-12628;Toko Seller Sukses 12627;Cimahi;05/06/2021
SEL-12629;Toko Seller Sukses 12628;Medan;22/03/2022
SEL-12630;Toko Seller Sukses 12629;Makassar;06/04/2022
SEL-12631;Toko Seller Sukses 12630;Jakarta Selatan;24/07/2022
SEL-12632;Toko Seller Sukses 12631;Cimahi;21/11/2021
SEL-12633;Toko Seller Sukses 12632;Bandung;15/01/2023
SEL-12634;Toko Seller Sukses 12633;Bandung;04/06/2022
SEL-12635;Toko Seller Sukses 12634;Yogyakarta;22/10/2022
SEL-12636;Toko Seller Sukses 12635;Makassar;25/08/2022
SEL-12637;Toko Seller Sukses 12636;Cimahi;29/09/2022
SEL-12638;Toko Seller Sukses 12637;Cimahi;05/08/2021
SEL-12639;Toko Seller Sukses 12638;Surabaya;12/05/2021
SEL-12640;Toko Seller Sukses 12639;Jakarta Pusat;29/03/2023
SEL-12641;Toko Seller Sukses 12640;Surabaya;30/11/2022
SEL-12642;Toko Seller Sukses 12641;Jakarta Pusat;23/01/2023
SEL-12643;Toko Seller Sukses 12642;Surabaya;21/05/2022
SEL-12644;Toko Seller Sukses 12643;Medan;01/03/2023
SEL-12645;Toko Seller Sukses 12644;Makassar;23/06/2023
SEL-12646;Toko Seller Sukses 12645;Makassar;30/05/2023
SEL-12647;Toko Seller Sukses 12646;Jakarta Selatan;07/06/2023
SEL-12648;Toko Seller Sukses 12647;Sidoarjo;27/04/2022
SEL-12649;Toko Seller Sukses 12648;Cimahi;08/01/2022
SEL-12650;Toko Seller Sukses 12649;Surabaya;14/09/2021
SEL-12651;Toko Seller Sukses 12650;Jakarta Pusat;15/06/2023
SEL-12652;Toko Seller Sukses 12651;Bandung;11/05/2022
SEL-12653;Toko Seller Sukses 12652;Surabaya;30/11/2022
SEL-12654;Toko Seller Sukses 12653;Sidoarjo;08/11/2022
SEL-12655;Toko Seller Sukses 12654;Sidoarjo;25/05/2021
SEL-12656;Toko Seller Sukses 12655;Yogyakarta;16/08/2022
SEL-12657;Toko Seller Sukses 12656;Medan;26/05/2023
SEL-12658;Toko Seller Sukses 12657;Jakarta Selatan;24/05/2023
SEL-12659;Toko Seller Sukses 12658;Bandung;22/05/2021
SEL-12660;Toko Seller Sukses 12659;Yogyakarta;17/12/2021
SEL-12661;Toko Seller Sukses 12660;Sidoarjo;12/06/2021
SEL-12662;Toko Seller Sukses 12661;Bandung;26/05/2021
SEL-12663;Toko Seller Sukses 12662;Yogyakarta;07/05/2021
SEL-12664;Toko Seller Sukses 12663;Medan;21/07/2021
SEL-12665;Toko Seller Sukses 12664;Cimahi;31/08/2021
SEL-12666;Toko Seller Sukses 12665;Medan;18/02/2022
SEL-12667;Toko Seller Sukses 12666;Jakarta Selatan;03/06/2021
SEL-12668;Toko Seller Sukses 12667;Sidoarjo;16/09/2021
SEL-12669;Toko Seller Sukses 12668;Cimahi;22/09/2021
SEL-12670;Toko Seller Sukses 12669;Yogyakarta;16/02/2023
SEL-12671;Toko Seller Sukses 12670;Cimahi;07/05/2023
SEL-12672;Toko Seller Sukses 12671;Bandung;16/03/2022
SEL-12673;Toko Seller Sukses 12672;Yogyakarta;26/07/2022
SEL-12674;Toko Seller Sukses 12673;Cimahi;22/09/2022
SEL-12675;Toko Seller Sukses 12674;Bandung;13/05/2023
SEL-12676;Toko Seller Sukses 12675;Jakarta Selatan;13/03/2022
SEL-12677;Toko Seller Sukses 12676;Bandung;05/09/2022
SEL-12678;Toko Seller Sukses 12677;Jakarta Selatan;28/05/2021
SEL-12679;Toko Seller Sukses 12678;Yogyakarta;01/09/2022
SEL-12680;Toko Seller Sukses 12679;Yogyakarta;28/03/2022
SEL-12681;Toko Seller Sukses 12680;Jakarta Selatan;06/10/2021
SEL-12682;Toko Seller Sukses 12681;Makassar;06/02/2023
SEL-12683;Toko Seller Sukses 12682;Surabaya;11/01/2023
SEL-12684;Toko Seller Sukses 12683;Sidoarjo;08/08/2022
SEL-12685;Toko Seller Sukses 12684;Sidoarjo;29/09/2022
SEL-12686;Toko Seller Sukses 12685;Jakarta Selatan;09/09/2022
SEL-12687;Toko Seller Sukses 12686;Surabaya;27/03/2023
SEL-12688;Toko Seller Sukses 12687;Cimahi;20/05/2022
SEL-12689;Toko Seller Sukses 12688;Cimahi;27/06/2021
SEL-12690;Toko Seller Sukses 12689;Surabaya;18/02/2023
SEL-12691;Toko Seller Sukses 12690;Bandung;11/07/2022
SEL-12692;Toko Seller Sukses 12691;Sidoarjo;01/07/2023
SEL-12693;Toko Seller Sukses 12692;Bandung;30/05/2022
SEL-12694;Toko Seller Sukses 12693;Medan;25/11/2022
SEL-12695;Toko Seller Sukses 12694;Medan;01/02/2023
SEL-12696;Toko Seller Sukses 12695;Cimahi;02/06/2021
SEL-12697;Toko Seller Sukses 12696;Jakarta Pusat;06/01/2022
SEL-12698;Toko Seller Sukses 12697;Makassar;06/12/2022
SEL-12699;Toko Seller Sukses 12698;Bandung;26/03/2022
SEL-12700;Toko Seller Sukses 12699;Surabaya;28/12/2021
SEL-12701;Toko Seller Sukses 12700;Jakarta Selatan;06/10/2022
SEL-12702;Toko Seller Sukses 12701;Sidoarjo;14/02/2022
SEL-12703;Toko Seller Sukses 12702;Bandung;30/05/2022
SEL-12704;Toko Seller Sukses 12703;Makassar;14/02/2022
SEL-12705;Toko Seller Sukses 12704;Surabaya;22/07/2021
SEL-12706;Toko Seller Sukses 12705;Cimahi;03/08/2021
SEL-12707;Toko Seller Sukses 12706;Jakarta Selatan;05/05/2021
SEL-12708;Toko Seller Sukses 12707;Surabaya;14/09/2022
SEL-12709;Toko Seller Sukses 12708;Cimahi;03/09/2021
SEL-12710;Toko Seller Sukses 12709;Medan;09/04/2022
SEL-12711;Toko Seller Sukses 12710;Sidoarjo;26/02/2022
SEL-12712;Toko Seller Sukses 12711;Sidoarjo;30/10/2021
SEL-12713;Toko Seller Sukses 12712;Medan;04/05/2021
SEL-12714;Toko Seller Sukses 12713;Jakarta Pusat;20/12/2021
SEL-12715;Toko Seller Sukses 12714;Cimahi;24/03/2022
SEL-12716;Toko Seller Sukses 12715;Jakarta Pusat;30/11/2021
SEL-12717;Toko Seller Sukses 12716;Cimahi;07/11/2022
SEL-12718;Toko Seller Sukses 12717;Yogyakarta;13/05/2022
SEL-12719;Toko Seller Sukses 12718;Medan;03/06/2021
SEL-12720;Toko Seller Sukses 12719;Medan;22/02/2022
SEL-12721;Toko Seller Sukses 12720;Makassar;13/10/2021
SEL-12722;Toko Seller Sukses 12721;Jakarta Selatan;30/12/2022
SEL-12723;Toko Seller Sukses 12722;Medan;10/12/2021
SEL-12724;Toko Seller Sukses 12723;Surabaya;04/05/2023
SEL-12725;Toko Seller Sukses 12724;Yogyakarta;03/07/2022
SEL-12726;Toko Seller Sukses 12725;Yogyakarta;02/08/2021
SEL-12727;Toko Seller Sukses 12726;Makassar;27/08/2022
SEL-12728;Toko Seller Sukses 12727;Yogyakarta;10/05/2022
SEL-12729;Toko Seller Sukses 12728;Medan;05/09/2021
SEL-12730;Toko Seller Sukses 12729;Sidoarjo;26/05/2022
SEL-12731;Toko Seller Sukses 12730;Yogyakarta;29/06/2023
SEL-12732;Toko Seller Sukses 12731;Cimahi;18/08/2021
SEL-12733;Toko Seller Sukses 12732;Jakarta Selatan;09/11/2022
SEL-12734;Toko Seller Sukses 12733;Jakarta Pusat;24/03/2022
SEL-12735;Toko Seller Sukses 12734;Surabaya;27/01/2023
SEL-12736;Toko Seller Sukses 12735;Cimahi;18/04/2022
SEL-12737;Toko Seller Sukses 12736;Medan;06/05/2021
SEL-12738;Toko Seller Sukses 12737;Surabaya;13/10/2022
SEL-12739;Toko Seller Sukses 12738;Makassar;24/05/2023
SEL-12740;Toko Seller Sukses 12739;Medan;04/07/2022
SEL-12741;Toko Seller Sukses 12740;Medan;04/12/2022
SEL-12742;Toko Seller Sukses 12741;Yogyakarta;08/10/2022
SEL-12743;Toko Seller Sukses 12742;Jakarta Pusat;02/02/2022
SEL-12744;Toko Seller Sukses 12743;Surabaya;10/02/2022
SEL-12745;Toko Seller Sukses 12744;Sidoarjo;22/12/2021
SEL-12746;Toko Seller Sukses 12745;Makassar;10/11/2021
SEL-12747;Toko Seller Sukses 12746;Surabaya;20/06/2022
SEL-12748;Toko Seller Sukses 12747;Jakarta Pusat;18/03/2023
SEL-12749;Toko Seller Sukses 12748;Bandung;21/01/2022
SEL-12750;Toko Seller Sukses 12749;Jakarta Pusat;02/06/2021
SEL-12751;Toko Seller Sukses 12750;Bandung;09/09/2021
SEL-12752;Toko Seller Sukses 12751;Medan;11/08/2022
SEL-12753;Toko Seller Sukses 12752;Surabaya;25/02/2022
SEL-12754;Toko Seller Sukses 12753;Makassar;05/07/2022
SEL-12755;Toko Seller Sukses 12754;Cimahi;07/02/2022
SEL-12756;Toko Seller Sukses 12755;Jakarta Pusat;31/10/2022
SEL-12757;Toko Seller Sukses 12756;Makassar;08/10/2021
SEL-12758;Toko Seller Sukses 12757;Bandung;24/09/2022
SEL-12759;Toko Seller Sukses 12758;Makassar;24/01/2023
SEL-12760;Toko Seller Sukses 12759;Bandung;27/03/2023
SEL-12761;Toko Seller Sukses 12760;Makassar;04/11/2022
SEL-12762;Toko Seller Sukses 12761;Makassar;28/03/2022
SEL-12763;Toko Seller Sukses 12762;Yogyakarta;10/02/2022
SEL-12764;Toko Seller Sukses 12763;Surabaya;10/05/2023
SEL-12765;Toko Seller Sukses 12764;Jakarta Selatan;30/06/2023
SEL-12766;Toko Seller Sukses 12765;Jakarta Selatan;27/10/2021
SEL-12767;Toko Seller Sukses 12766;Medan;14/12/2022
SEL-12768;Toko Seller Sukses 12767;Bandung;04/04/2022
SEL-12769;Toko Seller Sukses 12768;Surabaya;24/01/2023
SEL-12770;Toko Seller Sukses 12769;Bandung;30/04/2023
SEL-12771;Toko Seller Sukses 12770;Cimahi;14/02/2022
SEL-12772;Toko Seller Sukses 12771;Bandung;22/12/2021
SEL-12773;Toko Seller Sukses 12772;Makassar;08/10/2021
SEL-12774;Toko Seller Sukses 12773;Yogyakarta;03/01/2022
SEL-12775;Toko Seller Sukses 12774;Jakarta Selatan;15/07/2021
SEL-12776;Toko Seller Sukses 12775;Cimahi;07/03/2023
SEL-12777;Toko Seller Sukses 12776;Sidoarjo;11/04/2023
SEL-12778;Toko Seller Sukses 12777;Jakarta Selatan;18/10/2022
SEL-12779;Toko Seller Sukses 12778;Yogyakarta;04/06/2022
SEL-12780;Toko Seller Sukses 12779;Sidoarjo;10/05/2023
SEL-12781;Toko Seller Sukses 12780;Sidoarjo;15/06/2021
SEL-12782;Toko Seller Sukses 12781;Bandung;07/11/2021
SEL-12783;Toko Seller Sukses 12782;Medan;08/01/2022
SEL-12784;Toko Seller Sukses 12783;Makassar;17/03/2022
SEL-12785;Toko Seller Sukses 12784;Bandung;23/09/2021
SEL-12786;Toko Seller Sukses 12785;Makassar;27/06/2022
SEL-12787;Toko Seller Sukses 12786;Sidoarjo;16/04/2022
SEL-12788;Toko Seller Sukses 12787;Cimahi;20/06/2023
SEL-12789;Toko Seller Sukses 12788;Yogyakarta;17/04/2022
SEL-12790;Toko Seller Sukses 12789;Sidoarjo;20/07/2021
SEL-12791;Toko Seller Sukses 12790;Bandung;28/01/2022
SEL-12792;Toko Seller Sukses 12791;Surabaya;14/07/2022
SEL-12793;Toko Seller Sukses 12792;Bandung;22/11/2022
SEL-12794;Toko Seller Sukses 12793;Cimahi;25/11/2021
SEL-12795;Toko Seller Sukses 12794;Jakarta Pusat;10/02/2022
SEL-12796;Toko Seller Sukses 12795;Bandung;17/04/2022
SEL-12797;Toko Seller Sukses 12796;Sidoarjo;24/06/2021
SEL-12798;Toko Seller Sukses 12797;Surabaya;13/05/2022
SEL-12799;Toko Seller Sukses 12798;Medan;08/07/2022
SEL-12800;Toko Seller Sukses 12799;Sidoarjo;31/10/2021
SEL-12801;Toko Seller Sukses 12800;Bandung;13/12/2022
SEL-12802;Toko Seller Sukses 12801;Bandung;08/04/2023
SEL-12803;Toko Seller Sukses 12802;Makassar;24/11/2022
SEL-12804;Toko Seller Sukses 12803;Sidoarjo;11/12/2022
SEL-12805;Toko Seller Sukses 12804;Jakarta Pusat;27/07/2022
SEL-12806;Toko Seller Sukses 12805;Medan;14/07/2022
SEL-12807;Toko Seller Sukses 12806;Medan;30/06/2023
SEL-12808;Toko Seller Sukses 12807;Bandung;25/06/2022
SEL-12809;Toko Seller Sukses 12808;Jakarta Pusat;15/12/2022
SEL-12810;Toko Seller Sukses 12809;Surabaya;15/07/2022
SEL-12811;Toko Seller Sukses 12810;Cimahi;12/07/2022
SEL-12812;Toko Seller Sukses 12811;Jakarta Selatan;26/08/2022
SEL-12813;Toko Seller Sukses 12812;Surabaya;09/06/2021
SEL-12814;Toko Seller Sukses 12813;Cimahi;06/05/2023
SEL-12815;Toko Seller Sukses 12814;Medan;09/04/2023
SEL-12816;Toko Seller Sukses 12815;Yogyakarta;01/07/2022
SEL-12817;Toko Seller Sukses 12816;Cimahi;25/02/2023
SEL-12818;Toko Seller Sukses 12817;Bandung;10/06/2021
SEL-12819;Toko Seller Sukses 12818;Medan;21/02/2023
SEL-12820;Toko Seller Sukses 12819;Makassar;28/05/2023
SEL-12821;Toko Seller Sukses 12820;Makassar;28/01/2023
SEL-12822;Toko Seller Sukses 12821;Medan;31/07/2021
SEL-12823;Toko Seller Sukses 12822;Cimahi;06/01/2022
SEL-12824;Toko Seller Sukses 12823;Jakarta Pusat;19/06/2023
SEL-12825;Toko Seller Sukses 12824;Jakarta Selatan;14/11/2022
SEL-12826;Toko Seller Sukses 12825;Bandung;11/11/2022
SEL-12827;Toko Seller Sukses 12826;Yogyakarta;10/03/2022
SEL-12828;Toko Seller Sukses 12827;Cimahi;14/12/2021
SEL-12829;Toko Seller Sukses 12828;Sidoarjo;08/11/2022
SEL-12830;Toko Seller Sukses 12829;Medan;11/06/2023
SEL-12831;Toko Seller Sukses 12830;Makassar;30/03/2022
SEL-12832;Toko Seller Sukses 12831;Cimahi;25/04/2022
SEL-12833;Toko Seller Sukses 12832;Jakarta Pusat;22/07/2021
SEL-12834;Toko Seller Sukses 12833;Bandung;25/05/2021
SEL-12835;Toko Seller Sukses 12834;Medan;11/05/2023
SEL-12836;Toko Seller Sukses 12835;Medan;24/08/2022
SEL-12837;Toko Seller Sukses 12836;Jakarta Pusat;22/08/2021
SEL-12838;Toko Seller Sukses 12837;Sidoarjo;18/11/2021
SEL-12839;Toko Seller Sukses 12838;Medan;17/05/2022
SEL-12840;Toko Seller Sukses 12839;Jakarta Selatan;26/08/2021
SEL-12841;Toko Seller Sukses 12840;Medan;22/04/2022
SEL-12842;Toko Seller Sukses 12841;Jakarta Selatan;16/10/2022
SEL-12843;Toko Seller Sukses 12842;Jakarta Selatan;23/01/2023
SEL-12844;Toko Seller Sukses 12843;Sidoarjo;26/09/2022
SEL-12845;Toko Seller Sukses 12844;Makassar;16/05/2022
SEL-12846;Toko Seller Sukses 12845;Cimahi;19/12/2022
SEL-12847;Toko Seller Sukses 12846;Yogyakarta;26/10/2022
SEL-12848;Toko Seller Sukses 12847;Yogyakarta;04/08/2021
SEL-12849;Toko Seller Sukses 12848;Bandung;06/03/2023
SEL-12850;Toko Seller Sukses 12849;Surabaya;14/03/2022
SEL-12851;Toko Seller Sukses 12850;Yogyakarta;31/07/2022
SEL-12852;Toko Seller Sukses 12851;Yogyakarta;17/11/2022
SEL-12853;Toko Seller Sukses 12852;Yogyakarta;07/10/2021
SEL-12854;Toko Seller Sukses 12853;Cimahi;16/10/2021
SEL-12855;Toko Seller Sukses 12854;Jakarta Pusat;30/06/2023
SEL-12856;Toko Seller Sukses 12855;Cimahi;16/02/2023
SEL-12857;Toko Seller Sukses 12856;Cimahi;05/06/2021
SEL-12858;Toko Seller Sukses 12857;Medan;09/04/2023
SEL-12859;Toko Seller Sukses 12858;Surabaya;12/09/2022
SEL-12860;Toko Seller Sukses 12859;Jakarta Pusat;29/06/2023
SEL-12861;Toko Seller Sukses 12860;Makassar;04/02/2023
SEL-12862;Toko Seller Sukses 12861;Sidoarjo;12/07/2021
SEL-12863;Toko Seller Sukses 12862;Yogyakarta;18/09/2022
SEL-12864;Toko Seller Sukses 12863;Yogyakarta;11/07/2021
SEL-12865;Toko Seller Sukses 12864;Medan;15/12/2022
SEL-12866;Toko Seller Sukses 12865;Medan;25/09/2021
SEL-12867;Toko Seller Sukses 12866;Cimahi;22/06/2022
SEL-12868;Toko Seller Sukses 12867;Yogyakarta;30/01/2022
SEL-12869;Toko Seller Sukses 12868;Surabaya;17/07/2021
SEL-12870;Toko Seller Sukses 12869;Bandung;21/05/2023
SEL-12871;Toko Seller Sukses 12870;Sidoarjo;26/02/2022
SEL-12872;Toko Seller Sukses 12871;Sidoarjo;24/06/2023
SEL-12873;Toko Seller Sukses 12872;Cimahi;02/04/2022
SEL-12874;Toko Seller Sukses 12873;Yogyakarta;18/05/2023
SEL-12875;Toko Seller Sukses 12874;Medan;17/12/2021
SEL-12876;Toko Seller Sukses 12875;Surabaya;20/04/2022
SEL-12877;Toko Seller Sukses 12876;Yogyakarta;16/11/2022
SEL-12878;Toko Seller Sukses 12877;Cimahi;16/03/2023
SEL-12879;Toko Seller Sukses 12878;Yogyakarta;05/05/2022
SEL-12880;Toko Seller Sukses 12879;Surabaya;13/05/2021
SEL-12881;Toko Seller Sukses 12880;Cimahi;17/11/2022
SEL-12882;Toko Seller Sukses 12881;Medan;04/07/2021
SEL-12883;Toko Seller Sukses 12882;Medan;14/09/2022
SEL-12884;Toko Seller Sukses 12883;Medan;03/08/2021
SEL-12885;Toko Seller Sukses 12884;Yogyakarta;03/11/2021
SEL-12886;Toko Seller Sukses 12885;Sidoarjo;14/02/2022
SEL-12887;Toko Seller Sukses 12886;Bandung;10/07/2021
SEL-12888;Toko Seller Sukses 12887;Jakarta Selatan;06/06/2022
SEL-12889;Toko Seller Sukses 12888;Medan;05/02/2023
SEL-12890;Toko Seller Sukses 12889;Jakarta Pusat;24/12/2022
SEL-12891;Toko Seller Sukses 12890;Surabaya;30/06/2022
SEL-12892;Toko Seller Sukses 12891;Cimahi;15/12/2022
SEL-12893;Toko Seller Sukses 12892;Jakarta Selatan;21/03/2023
SEL-12894;Toko Seller Sukses 12893;Sidoarjo;24/05/2021
SEL-12895;Toko Seller Sukses 12894;Bandung;29/08/2021
SEL-12896;Toko Seller Sukses 12895;Yogyakarta;18/02/2022
SEL-12897;Toko Seller Sukses 12896;Bandung;30/06/2021
SEL-12898;Toko Seller Sukses 12897;Jakarta Pusat;18/04/2023
SEL-12899;Toko Seller Sukses 12898;Yogyakarta;11/12/2022
SEL-12900;Toko Seller Sukses 12899;Sidoarjo;13/06/2022
SEL-12901;Toko Seller Sukses 12900;Medan;13/02/2023
SEL-12902;Toko Seller Sukses 12901;Yogyakarta;18/03/2023
SEL-12903;Toko Seller Sukses 12902;Yogyakarta;28/09/2022
SEL-12904;Toko Seller Sukses 12903;Yogyakarta;31/08/2022
SEL-12905;Toko Seller Sukses 12904;Jakarta Selatan;20/08/2022
SEL-12906;Toko Seller Sukses 12905;Sidoarjo;20/04/2023
SEL-12907;Toko Seller Sukses 12906;Bandung;16/12/2022
SEL-12908;Toko Seller Sukses 12907;Makassar;27/04/2023
SEL-12909;Toko Seller Sukses 12908;Medan;15/07/2021
SEL-12910;Toko Seller Sukses 12909;Sidoarjo;08/05/2021
SEL-12911;Toko Seller Sukses 12910;Jakarta Selatan;12/11/2021
SEL-12912;Toko Seller Sukses 12911;Jakarta Pusat;30/04/2022
SEL-12913;Toko Seller Sukses 12912;Cimahi;12/03/2023
SEL-12914;Toko Seller Sukses 12913;Medan;23/05/2023
SEL-12915;Toko Seller Sukses 12914;Medan;03/02/2022
SEL-12916;Toko Seller Sukses 12915;Jakarta Selatan;09/10/2021
SEL-12917;Toko Seller Sukses 12916;Sidoarjo;05/11/2022
SEL-12918;Toko Seller Sukses 12917;Jakarta Pusat;04/08/2022
SEL-12919;Toko Seller Sukses 12918;Surabaya;21/05/2022
SEL-12920;Toko Seller Sukses 12919;Bandung;31/03/2023
SEL-12921;Toko Seller Sukses 12920;Sidoarjo;20/06/2022
SEL-12922;Toko Seller Sukses 12921;Cimahi;14/03/2023
SEL-12923;Toko Seller Sukses 12922;Bandung;31/07/2021
SEL-12924;Toko Seller Sukses 12923;Cimahi;27/01/2023
SEL-12925;Toko Seller Sukses 12924;Surabaya;05/02/2023
SEL-12926;Toko Seller Sukses 12925;Makassar;11/06/2022
SEL-12927;Toko Seller Sukses 12926;Bandung;28/08/2022
SEL-12928;Toko Seller Sukses 12927;Yogyakarta;20/05/2021
SEL-12929;Toko Seller Sukses 12928;Makassar;10/05/2021
SEL-12930;Toko Seller Sukses 12929;Bandung;16/01/2022
SEL-12931;Toko Seller Sukses 12930;Jakarta Selatan;31/07/2021
SEL-12932;Toko Seller Sukses 12931;Yogyakarta;04/11/2021
SEL-12933;Toko Seller Sukses 12932;Bandung;19/12/2022
SEL-12934;Toko Seller Sukses 12933;Bandung;05/12/2021
SEL-12935;Toko Seller Sukses 12934;Medan;16/01/2022
SEL-12936;Toko Seller Sukses 12935;Makassar;11/05/2023
SEL-12937;Toko Seller Sukses 12936;Jakarta Selatan;08/05/2021
SEL-12938;Toko Seller Sukses 12937;Medan;22/06/2023
SEL-12939;Toko Seller Sukses 12938;Medan;07/06/2023
SEL-12940;Toko Seller Sukses 12939;Medan;03/03/2022
SEL-12941;Toko Seller Sukses 12940;Sidoarjo;15/06/2022
SEL-12942;Toko Seller Sukses 12941;Jakarta Pusat;14/09/2022
SEL-12943;Toko Seller Sukses 12942;Yogyakarta;02/04/2023
SEL-12944;Toko Seller Sukses 12943;Sidoarjo;13/03/2023
SEL-12945;Toko Seller Sukses 12944;Bandung;16/09/2021
SEL-12946;Toko Seller Sukses 12945;Medan;10/11/2021
SEL-12947;Toko Seller Sukses 12946;Bandung;17/02/2022
SEL-12948;Toko Seller Sukses 12947;Jakarta Pusat;14/12/2022
SEL-12949;Toko Seller Sukses 12948;Jakarta Pusat;02/02/2023
SEL-12950;Toko Seller Sukses 12949;Jakarta Selatan;09/05/2023
SEL-12951;Toko Seller Sukses 12950;Bandung;23/05/2023
SEL-12952;Toko Seller Sukses 12951;Makassar;16/10/2022
SEL-12953;Toko Seller Sukses 12952;Bandung;06/05/2021
SEL-12954;Toko Seller Sukses 12953;Sidoarjo;26/07/2021
SEL-12955;Toko Seller Sukses 12954;Jakarta Selatan;20/08/2021
SEL-12956;Toko Seller Sukses 12955;Jakarta Pusat;06/07/2022
SEL-12957;Toko Seller Sukses 12956;Surabaya;15/05/2022
SEL-12958;Toko Seller Sukses 12957;Jakarta Pusat;01/11/2021
SEL-12959;Toko Seller Sukses 12958;Yogyakarta;15/03/2023
SEL-12960;Toko Seller Sukses 12959;Jakarta Pusat;13/04/2022
SEL-12961;Toko Seller Sukses 12960;Surabaya;18/04/2022
SEL-12962;Toko Seller Sukses 12961;Makassar;07/05/2022
SEL-12963;Toko Seller Sukses 12962;Sidoarjo;19/12/2021
SEL-12964;Toko Seller Sukses 12963;Surabaya;16/12/2022
SEL-12965;Toko Seller Sukses 12964;Cimahi;18/02/2022
SEL-12966;Toko Seller Sukses 12965;Yogyakarta;23/03/2023
SEL-12967;Toko Seller Sukses 12966;Jakarta Pusat;13/11/2021
SEL-12968;Toko Seller Sukses 12967;Sidoarjo;25/07/2021
SEL-12969;Toko Seller Sukses 12968;Jakarta Pusat;27/05/2021
SEL-12970;Toko Seller Sukses 12969;Cimahi;05/09/2021
SEL-12971;Toko Seller Sukses 12970;Jakarta Selatan;26/06/2023
SEL-12972;Toko Seller Sukses 12971;Cimahi;28/02/2022
SEL-12973;Toko Seller Sukses 12972;Jakarta Selatan;07/03/2023
SEL-12974;Toko Seller Sukses 12973;Bandung;08/09/2021
SEL-12975;Toko Seller Sukses 12974;Sidoarjo;18/05/2021
SEL-12976;Toko Seller Sukses 12975;Yogyakarta;07/10/2022
SEL-12977;Toko Seller Sukses 12976;Jakarta Pusat;21/06/2023
SEL-12978;Toko Seller Sukses 12977;Surabaya;11/06/2023
SEL-12979;Toko Seller Sukses 12978;Medan;03/06/2023
SEL-12980;Toko Seller Sukses 12979;Sidoarjo;15/06/2021
SEL-12981;Toko Seller Sukses 12980;Jakarta Selatan;17/05/2021
SEL-12982;Toko Seller Sukses 12981;Sidoarjo;26/10/2022
SEL-12983;Toko Seller Sukses 12982;Makassar;01/04/2023
SEL-12984;Toko Seller Sukses 12983;Medan;04/06/2021
SEL-12985;Toko Seller Sukses 12984;Medan;27/03/2023
SEL-12986;Toko Seller Sukses 12985;Yogyakarta;11/04/2022
SEL-12987;Toko Seller Sukses 12986;Medan;28/10/2021
SEL-12988;Toko Seller Sukses 12987;Jakarta Selatan;22/02/2022
SEL-12989;Toko Seller Sukses 12988;Bandung;12/09/2022
SEL-12990;Toko Seller Sukses 12989;Jakarta Selatan;05/08/2022
SEL-12991;Toko Seller Sukses 12990;Sidoarjo;15/12/2022
SEL-12992;Toko Seller Sukses 12991;Sidoarjo;07/09/2021
SEL-12993;Toko Seller Sukses 12992;Medan;23/03/2022
SEL-12994;Toko Seller Sukses 12993;Makassar;17/06/2022
SEL-12995;Toko Seller Sukses 12994;Medan;27/07/2021
SEL-12996;Toko Seller Sukses 12995;Makassar;26/02/2022
SEL-12997;Toko Seller Sukses 12996;Bandung;08/03/2023
SEL-12998;Toko Seller Sukses 12997;Makassar;22/01/2023
SEL-12999;Toko Seller Sukses 12998;Jakarta Pusat;26/07/2022
SEL-13000;Toko Seller Sukses 12999;Cimahi;12/05/2023
SEL-13001;Toko Seller Sukses 13000;Jakarta Pusat;07/07/2023
SEL-13002;Toko Seller Sukses 13001;Surabaya;23/06/2022
SEL-13003;Toko Seller Sukses 13002;Jakarta Pusat;08/02/2022
SEL-13004;Toko Seller Sukses 13003;Sidoarjo;10/04/2023
SEL-13005;Toko Seller Sukses 13004;Jakarta Pusat;13/04/2022
SEL-13006;Toko Seller Sukses 13005;Medan;27/06/2023
SEL-13007;Toko Seller Sukses 13006;Jakarta Selatan;21/04/2023
SEL-13008;Toko Seller Sukses 13007;Sidoarjo;06/10/2021
SEL-13009;Toko Seller Sukses 13008;Sidoarjo;02/02/2022
SEL-13010;Toko Seller Sukses 13009;Medan;24/01/2022
SEL-13011;Toko Seller Sukses 13010;Sidoarjo;18/06/2023
SEL-13012;Toko Seller Sukses 13011;Yogyakarta;24/12/2022
SEL-13013;Toko Seller Sukses 13012;Makassar;19/09/2021
SEL-13014;Toko Seller Sukses 13013;Makassar;17/03/2023
SEL-13015;Toko Seller Sukses 13014;Jakarta Pusat;06/11/2022
SEL-13016;Toko Seller Sukses 13015;Cimahi;12/06/2021
SEL-13017;Toko Seller Sukses 13016;Bandung;10/03/2022
SEL-13018;Toko Seller Sukses 13017;Makassar;04/02/2023
SEL-13019;Toko Seller Sukses 13018;Surabaya;10/09/2021
SEL-13020;Toko Seller Sukses 13019;Cimahi;28/03/2023
SEL-13021;Toko Seller Sukses 13020;Cimahi;11/10/2021
SEL-13022;Toko Seller Sukses 13021;Yogyakarta;23/06/2021
SEL-13023;Toko Seller Sukses 13022;Surabaya;01/06/2023
SEL-13024;Toko Seller Sukses 13023;Jakarta Selatan;19/03/2023
SEL-13025;Toko Seller Sukses 13024;Sidoarjo;19/05/2023
SEL-13026;Toko Seller Sukses 13025;Jakarta Pusat;25/07/2022
SEL-13027;Toko Seller Sukses 13026;Jakarta Pusat;14/12/2021
SEL-13028;Toko Seller Sukses 13027;Medan;06/05/2022
SEL-13029;Toko Seller Sukses 13028;Surabaya;22/03/2023
SEL-13030;Toko Seller Sukses 13029;Jakarta Pusat;29/05/2022
SEL-13031;Toko Seller Sukses 13030;Makassar;28/07/2022
SEL-13032;Toko Seller Sukses 13031;Surabaya;07/04/2022
SEL-13033;Toko Seller Sukses 13032;Bandung;22/12/2022
SEL-13034;Toko Seller Sukses 13033;Makassar;25/06/2023
SEL-13035;Toko Seller Sukses 13034;Medan;04/07/2021
SEL-13036;Toko Seller Sukses 13035;Cimahi;24/12/2022
SEL-13037;Toko Seller Sukses 13036;Surabaya;08/05/2022
SEL-13038;Toko Seller Sukses 13037;Medan;31/05/2023
SEL-13039;Toko Seller Sukses 13038;Cimahi;07/07/2022
SEL-13040;Toko Seller Sukses 13039;Medan;26/08/2021
SEL-13041;Toko Seller Sukses 13040;Surabaya;17/05/2023
SEL-13042;Toko Seller Sukses 13041;Yogyakarta;16/07/2022
SEL-13043;Toko Seller Sukses 13042;Medan;19/11/2021
SEL-13044;Toko Seller Sukses 13043;Medan;02/09/2022
SEL-13045;Toko Seller Sukses 13044;Surabaya;01/09/2022
SEL-13046;Toko Seller Sukses 13045;Yogyakarta;09/01/2022
SEL-13047;Toko Seller Sukses 13046;Yogyakarta;22/11/2021
SEL-13048;Toko Seller Sukses 13047;Jakarta Selatan;26/11/2021
SEL-13049;Toko Seller Sukses 13048;Sidoarjo;16/04/2022
SEL-13050;Toko Seller Sukses 13049;Medan;31/10/2022
SEL-13051;Toko Seller Sukses 13050;Jakarta Selatan;02/01/2022
SEL-13052;Toko Seller Sukses 13051;Jakarta Selatan;02/01/2022
SEL-13053;Toko Seller Sukses 13052;Jakarta Pusat;02/12/2022
SEL-13054;Toko Seller Sukses 13053;Cimahi;20/11/2022
SEL-13055;Toko Seller Sukses 13054;Medan;02/10/2021
SEL-13056;Toko Seller Sukses 13055;Jakarta Pusat;07/03/2022
SEL-13057;Toko Seller Sukses 13056;Jakarta Selatan;06/03/2023
SEL-13058;Toko Seller Sukses 13057;Cimahi;21/02/2023
SEL-13059;Toko Seller Sukses 13058;Jakarta Pusat;09/03/2022
SEL-13060;Toko Seller Sukses 13059;Surabaya;26/05/2022
SEL-13061;Toko Seller Sukses 13060;Medan;30/10/2021
SEL-13062;Toko Seller Sukses 13061;Medan;13/02/2023
SEL-13063;Toko Seller Sukses 13062;Medan;12/05/2021
SEL-13064;Toko Seller Sukses 13063;Jakarta Pusat;20/06/2021
SEL-13065;Toko Seller Sukses 13064;Jakarta Selatan;11/07/2022
SEL-13066;Toko Seller Sukses 13065;Medan;28/03/2022
SEL-13067;Toko Seller Sukses 13066;Jakarta Selatan;19/01/2023
SEL-13068;Toko Seller Sukses 13067;Medan;06/05/2023
SEL-13069;Toko Seller Sukses 13068;Medan;21/02/2022
SEL-13070;Toko Seller Sukses 13069;Makassar;04/02/2023
SEL-13071;Toko Seller Sukses 13070;Sidoarjo;25/01/2023
SEL-13072;Toko Seller Sukses 13071;Surabaya;15/09/2022
SEL-13073;Toko Seller Sukses 13072;Medan;12/04/2022
SEL-13074;Toko Seller Sukses 13073;Jakarta Selatan;04/12/2022
SEL-13075;Toko Seller Sukses 13074;Medan;31/01/2022
SEL-13076;Toko Seller Sukses 13075;Jakarta Selatan;09/11/2021
SEL-13077;Toko Seller Sukses 13076;Sidoarjo;02/03/2023
SEL-13078;Toko Seller Sukses 13077;Surabaya;13/04/2023
SEL-13079;Toko Seller Sukses 13078;Jakarta Selatan;07/11/2021
SEL-13080;Toko Seller Sukses 13079;Jakarta Pusat;02/11/2022
SEL-13081;Toko Seller Sukses 13080;Cimahi;03/06/2021
SEL-13082;Toko Seller Sukses 13081;Makassar;02/02/2022
SEL-13083;Toko Seller Sukses 13082;Jakarta Selatan;12/02/2023
SEL-13084;Toko Seller Sukses 13083;Medan;03/12/2022
SEL-13085;Toko Seller Sukses 13084;Makassar;09/03/2023
SEL-13086;Toko Seller Sukses 13085;Sidoarjo;16/04/2022
SEL-13087;Toko Seller Sukses 13086;Yogyakarta;13/03/2023
SEL-13088;Toko Seller Sukses 13087;Jakarta Selatan;25/06/2021
SEL-13089;Toko Seller Sukses 13088;Jakarta Pusat;09/09/2021
SEL-13090;Toko Seller Sukses 13089;Surabaya;20/11/2022
SEL-13091;Toko Seller Sukses 13090;Jakarta Pusat;23/06/2023
SEL-13092;Toko Seller Sukses 13091;Bandung;07/07/2022
SEL-13093;Toko Seller Sukses 13092;Cimahi;10/03/2022
SEL-13094;Toko Seller Sukses 13093;Jakarta Pusat;08/07/2022
SEL-13095;Toko Seller Sukses 13094;Jakarta Pusat;07/06/2021
SEL-13096;Toko Seller Sukses 13095;Surabaya;18/10/2022
SEL-13097;Toko Seller Sukses 13096;Jakarta Pusat;09/07/2023
SEL-13098;Toko Seller Sukses 13097;Medan;26/12/2021
SEL-13099;Toko Seller Sukses 13098;Cimahi;04/08/2022
SEL-13100;Toko Seller Sukses 13099;Makassar;12/06/2022
SEL-13101;Toko Seller Sukses 13100;Makassar;19/07/2022
SEL-13102;Toko Seller Sukses 13101;Medan;06/09/2021
SEL-13103;Toko Seller Sukses 13102;Jakarta Selatan;21/07/2022
SEL-13104;Toko Seller Sukses 13103;Surabaya;07/08/2021
SEL-13105;Toko Seller Sukses 13104;Cimahi;18/04/2022
SEL-13106;Toko Seller Sukses 13105;Yogyakarta;25/09/2021
SEL-13107;Toko Seller Sukses 13106;Cimahi;24/01/2023
SEL-13108;Toko Seller Sukses 13107;Yogyakarta;12/08/2022
SEL-13109;Toko Seller Sukses 13108;Jakarta Pusat;29/09/2022
SEL-13110;Toko Seller Sukses 13109;Medan;21/05/2022
SEL-13111;Toko Seller Sukses 13110;Yogyakarta;04/05/2021
SEL-13112;Toko Seller Sukses 13111;Cimahi;20/10/2021
SEL-13113;Toko Seller Sukses 13112;Medan;09/12/2021
SEL-13114;Toko Seller Sukses 13113;Cimahi;17/06/2023
SEL-13115;Toko Seller Sukses 13114;Jakarta Selatan;08/05/2021
SEL-13116;Toko Seller Sukses 13115;Medan;11/09/2021
SEL-13117;Toko Seller Sukses 13116;Jakarta Pusat;04/08/2022
SEL-13118;Toko Seller Sukses 13117;Sidoarjo;12/04/2023
SEL-13119;Toko Seller Sukses 13118;Makassar;04/07/2021
SEL-13120;Toko Seller Sukses 13119;Jakarta Pusat;19/11/2022
SEL-13121;Toko Seller Sukses 13120;Sidoarjo;17/12/2022
SEL-13122;Toko Seller Sukses 13121;Bandung;17/07/2022
SEL-13123;Toko Seller Sukses 13122;Bandung;13/06/2021
SEL-13124;Toko Seller Sukses 13123;Jakarta Pusat;06/06/2022
SEL-13125;Toko Seller Sukses 13124;Bandung;15/04/2022
SEL-13126;Toko Seller Sukses 13125;Makassar;24/10/2021
SEL-13127;Toko Seller Sukses 13126;Sidoarjo;25/01/2022
SEL-13128;Toko Seller Sukses 13127;Medan;17/02/2023
SEL-13129;Toko Seller Sukses 13128;Yogyakarta;02/09/2021
SEL-13130;Toko Seller Sukses 13129;Cimahi;27/06/2022
SEL-13131;Toko Seller Sukses 13130;Cimahi;01/11/2021
SEL-13132;Toko Seller Sukses 13131;Sidoarjo;15/11/2021
SEL-13133;Toko Seller Sukses 13132;Bandung;21/12/2022
SEL-13134;Toko Seller Sukses 13133;Yogyakarta;05/04/2022
SEL-13135;Toko Seller Sukses 13134;Medan;24/07/2022
SEL-13136;Toko Seller Sukses 13135;Surabaya;03/10/2021
SEL-13137;Toko Seller Sukses 13136;Bandung;02/05/2023
SEL-13138;Toko Seller Sukses 13137;Surabaya;29/12/2021
SEL-13139;Toko Seller Sukses 13138;Makassar;19/01/2023
SEL-13140;Toko Seller Sukses 13139;Makassar;19/05/2022
SEL-13141;Toko Seller Sukses 13140;Jakarta Selatan;04/05/2021
SEL-13142;Toko Seller Sukses 13141;Medan;17/02/2022
SEL-13143;Toko Seller Sukses 13142;Makassar;26/05/2022
SEL-13144;Toko Seller Sukses 13143;Surabaya;14/10/2022
SEL-13145;Toko Seller Sukses 13144;Makassar;25/08/2021
SEL-13146;Toko Seller Sukses 13145;Sidoarjo;11/08/2022
SEL-13147;Toko Seller Sukses 13146;Makassar;03/11/2022
SEL-13148;Toko Seller Sukses 13147;Yogyakarta;03/04/2022
SEL-13149;Toko Seller Sukses 13148;Sidoarjo;01/08/2022
SEL-13150;Toko Seller Sukses 13149;Medan;04/08/2021
SEL-13151;Toko Seller Sukses 13150;Makassar;04/12/2021
SEL-13152;Toko Seller Sukses 13151;Jakarta Pusat;23/04/2022
SEL-13153;Toko Seller Sukses 13152;Jakarta Pusat;12/06/2022
SEL-13154;Toko Seller Sukses 13153;Yogyakarta;25/02/2023
SEL-13155;Toko Seller Sukses 13154;Surabaya;10/09/2022
SEL-13156;Toko Seller Sukses 13155;Sidoarjo;29/03/2023
SEL-13157;Toko Seller Sukses 13156;Sidoarjo;03/12/2021
SEL-13158;Toko Seller Sukses 13157;Jakarta Pusat;04/03/2022
SEL-13159;Toko Seller Sukses 13158;Jakarta Selatan;05/04/2023
SEL-13160;Toko Seller Sukses 13159;Bandung;17/01/2023
SEL-13161;Toko Seller Sukses 13160;Sidoarjo;29/06/2023
SEL-13162;Toko Seller Sukses 13161;Jakarta Pusat;23/03/2023
SEL-13163;Toko Seller Sukses 13162;Yogyakarta;01/02/2022
SEL-13164;Toko Seller Sukses 13163;Bandung;03/05/2021
SEL-13165;Toko Seller Sukses 13164;Jakarta Selatan;22/03/2022
SEL-13166;Toko Seller Sukses 13165;Makassar;01/06/2022
SEL-13167;Toko Seller Sukses 13166;Yogyakarta;07/03/2022
SEL-13168;Toko Seller Sukses 13167;Jakarta Selatan;13/05/2023
SEL-13169;Toko Seller Sukses 13168;Cimahi;29/07/2022
SEL-13170;Toko Seller Sukses 13169;Bandung;11/08/2022
SEL-13171;Toko Seller Sukses 13170;Makassar;07/12/2021
SEL-13172;Toko Seller Sukses 13171;Medan;19/04/2023
SEL-13173;Toko Seller Sukses 13172;Yogyakarta;11/01/2022
SEL-13174;Toko Seller Sukses 13173;Jakarta Pusat;28/01/2022
SEL-13175;Toko Seller Sukses 13174;Makassar;21/07/2021
SEL-13176;Toko Seller Sukses 13175;Jakarta Pusat;18/02/2022
SEL-13177;Toko Seller Sukses 13176;Jakarta Pusat;21/07/2022
SEL-13178;Toko Seller Sukses 13177;Sidoarjo;18/02/2022
SEL-13179;Toko Seller Sukses 13178;Yogyakarta;21/01/2022
SEL-13180;Toko Seller Sukses 13179;Jakarta Selatan;22/06/2022
SEL-13181;Toko Seller Sukses 13180;Jakarta Pusat;13/01/2022
SEL-13182;Toko Seller Sukses 13181;Jakarta Pusat;21/03/2022
SEL-13183;Toko Seller Sukses 13182;Yogyakarta;16/07/2022
SEL-13184;Toko Seller Sukses 13183;Yogyakarta;13/06/2022
SEL-13185;Toko Seller Sukses 13184;Cimahi;30/12/2021
SEL-13186;Toko Seller Sukses 13185;Sidoarjo;31/07/2021
SEL-13187;Toko Seller Sukses 13186;Jakarta Pusat;21/08/2021
SEL-13188;Toko Seller Sukses 13187;Medan;02/03/2022
SEL-13189;Toko Seller Sukses 13188;Surabaya;25/03/2023
SEL-13190;Toko Seller Sukses 13189;Cimahi;23/12/2022
SEL-13191;Toko Seller Sukses 13190;Sidoarjo;24/08/2021
SEL-13192;Toko Seller Sukses 13191;Makassar;25/10/2022
SEL-13193;Toko Seller Sukses 13192;Surabaya;16/07/2021
SEL-13194;Toko Seller Sukses 13193;Jakarta Pusat;01/12/2022
SEL-13195;Toko Seller Sukses 13194;Sidoarjo;09/08/2021
SEL-13196;Toko Seller Sukses 13195;Makassar;17/08/2021
SEL-13197;Toko Seller Sukses 13196;Surabaya;09/01/2023
SEL-13198;Toko Seller Sukses 13197;Surabaya;19/03/2022
SEL-13199;Toko Seller Sukses 13198;Bandung;18/03/2023
SEL-13200;Toko Seller Sukses 13199;Medan;08/04/2022
SEL-13201;Toko Seller Sukses 13200;Jakarta Pusat;03/03/2023
SEL-13202;Toko Seller Sukses 13201;Surabaya;15/02/2023
SEL-13203;Toko Seller Sukses 13202;Cimahi;06/08/2022
SEL-13204;Toko Seller Sukses 13203;Jakarta Selatan;02/01/2022
SEL-13205;Toko Seller Sukses 13204;Cimahi;09/02/2023
SEL-13206;Toko Seller Sukses 13205;Yogyakarta;10/05/2022
SEL-13207;Toko Seller Sukses 13206;Cimahi;15/03/2022
SEL-13208;Toko Seller Sukses 13207;Jakarta Selatan;05/02/2022
SEL-13209;Toko Seller Sukses 13208;Jakarta Pusat;03/05/2021
SEL-13210;Toko Seller Sukses 13209;Jakarta Pusat;26/06/2023
SEL-13211;Toko Seller Sukses 13210;Surabaya;07/08/2021
SEL-13212;Toko Seller Sukses 13211;Bandung;20/03/2022
SEL-13213;Toko Seller Sukses 13212;Bandung;01/02/2022
SEL-13214;Toko Seller Sukses 13213;Jakarta Selatan;05/07/2023
SEL-13215;Toko Seller Sukses 13214;Medan;29/10/2022
SEL-13216;Toko Seller Sukses 13215;Medan;30/12/2022
SEL-13217;Toko Seller Sukses 13216;Bandung;31/01/2023
SEL-13218;Toko Seller Sukses 13217;Jakarta Selatan;05/12/2022
SEL-13219;Toko Seller Sukses 13218;Cimahi;15/11/2022
SEL-13220;Toko Seller Sukses 13219;Sidoarjo;08/01/2022
SEL-13221;Toko Seller Sukses 13220;Cimahi;04/07/2023
SEL-13222;Toko Seller Sukses 13221;Bandung;06/01/2022
SEL-13223;Toko Seller Sukses 13222;Surabaya;06/05/2023
SEL-13224;Toko Seller Sukses 13223;Medan;17/01/2023
SEL-13225;Toko Seller Sukses 13224;Bandung;30/09/2021
SEL-13226;Toko Seller Sukses 13225;Yogyakarta;18/11/2022
SEL-13227;Toko Seller Sukses 13226;Makassar;04/07/2021
SEL-13228;Toko Seller Sukses 13227;Yogyakarta;15/12/2022
SEL-13229;Toko Seller Sukses 13228;Medan;24/06/2023
SEL-13230;Toko Seller Sukses 13229;Sidoarjo;13/05/2022
SEL-13231;Toko Seller Sukses 13230;Yogyakarta;10/09/2022
SEL-13232;Toko Seller Sukses 13231;Jakarta Selatan;08/10/2022
SEL-13233;Toko Seller Sukses 13232;Sidoarjo;03/02/2023
SEL-13234;Toko Seller Sukses 13233;Yogyakarta;20/03/2022
SEL-13235;Toko Seller Sukses 13234;Bandung;09/03/2022
SEL-13236;Toko Seller Sukses 13235;Surabaya;09/07/2021
SEL-13237;Toko Seller Sukses 13236;Yogyakarta;25/03/2023
SEL-13238;Toko Seller Sukses 13237;Surabaya;23/03/2022
SEL-13239;Toko Seller Sukses 13238;Yogyakarta;15/08/2022
SEL-13240;Toko Seller Sukses 13239;Surabaya;18/05/2021
SEL-13241;Toko Seller Sukses 13240;Yogyakarta;04/12/2022
SEL-13242;Toko Seller Sukses 13241;Makassar;26/12/2021
SEL-13243;Toko Seller Sukses 13242;Yogyakarta;06/12/2021
SEL-13244;Toko Seller Sukses 13243;Jakarta Pusat;21/08/2022
SEL-13245;Toko Seller Sukses 13244;Jakarta Pusat;08/09/2021
SEL-13246;Toko Seller Sukses 13245;Bandung;08/10/2021
SEL-13247;Toko Seller Sukses 13246;Jakarta Pusat;13/07/2022
SEL-13248;Toko Seller Sukses 13247;Medan;03/05/2023
SEL-13249;Toko Seller Sukses 13248;Yogyakarta;18/01/2023
SEL-13250;Toko Seller Sukses 13249;Bandung;13/07/2021
SEL-13251;Toko Seller Sukses 13250;Sidoarjo;25/03/2022
SEL-13252;Toko Seller Sukses 13251;Medan;17/01/2022
SEL-13253;Toko Seller Sukses 13252;Jakarta Pusat;13/11/2021
SEL-13254;Toko Seller Sukses 13253;Medan;13/01/2023
SEL-13255;Toko Seller Sukses 13254;Makassar;27/06/2021
SEL-13256;Toko Seller Sukses 13255;Cimahi;04/11/2022
SEL-13257;Toko Seller Sukses 13256;Jakarta Pusat;03/06/2022
SEL-13258;Toko Seller Sukses 13257;Jakarta Pusat;16/03/2023
SEL-13259;Toko Seller Sukses 13258;Makassar;27/03/2022
SEL-13260;Toko Seller Sukses 13259;Jakarta Selatan;08/09/2022
SEL-13261;Toko Seller Sukses 13260;Yogyakarta;19/10/2022
SEL-13262;Toko Seller Sukses 13261;Makassar;25/09/2021
SEL-13263;Toko Seller Sukses 13262;Cimahi;27/08/2022
SEL-13264;Toko Seller Sukses 13263;Medan;03/04/2023
SEL-13265;Toko Seller Sukses 13264;Jakarta Pusat;16/04/2023
SEL-13266;Toko Seller Sukses 13265;Bandung;18/07/2021
SEL-13267;Toko Seller Sukses 13266;Cimahi;06/12/2022
SEL-13268;Toko Seller Sukses 13267;Surabaya;02/07/2021
SEL-13269;Toko Seller Sukses 13268;Surabaya;16/04/2022
SEL-13270;Toko Seller Sukses 13269;Makassar;30/11/2022
SEL-13271;Toko Seller Sukses 13270;Cimahi;22/10/2022
SEL-13272;Toko Seller Sukses 13271;Medan;28/04/2023
SEL-13273;Toko Seller Sukses 13272;Yogyakarta;07/05/2021
SEL-13274;Toko Seller Sukses 13273;Sidoarjo;07/11/2022
SEL-13275;Toko Seller Sukses 13274;Medan;11/06/2023
SEL-13276;Toko Seller Sukses 13275;Cimahi;06/05/2021
SEL-13277;Toko Seller Sukses 13276;Yogyakarta;07/05/2021
SEL-13278;Toko Seller Sukses 13277;Medan;08/01/2022
SEL-13279;Toko Seller Sukses 13278;Medan;17/04/2022
SEL-13280;Toko Seller Sukses 13279;Bandung;14/08/2021
SEL-13281;Toko Seller Sukses 13280;Jakarta Pusat;29/07/2022
SEL-13282;Toko Seller Sukses 13281;Cimahi;20/08/2021
SEL-13283;Toko Seller Sukses 13282;Cimahi;03/05/2021
SEL-13284;Toko Seller Sukses 13283;Makassar;30/06/2023
SEL-13285;Toko Seller Sukses 13284;Bandung;02/10/2021
SEL-13286;Toko Seller Sukses 13285;Jakarta Selatan;14/04/2023
SEL-13287;Toko Seller Sukses 13286;Bandung;19/08/2021
SEL-13288;Toko Seller Sukses 13287;Surabaya;22/03/2023
SEL-13289;Toko Seller Sukses 13288;Sidoarjo;24/11/2021
SEL-13290;Toko Seller Sukses 13289;Makassar;18/01/2023
SEL-13291;Toko Seller Sukses 13290;Makassar;12/08/2021
SEL-13292;Toko Seller Sukses 13291;Makassar;22/12/2022
SEL-13293;Toko Seller Sukses 13292;Cimahi;13/06/2023
SEL-13294;Toko Seller Sukses 13293;Makassar;18/07/2022
SEL-13295;Toko Seller Sukses 13294;Cimahi;18/04/2022
SEL-13296;Toko Seller Sukses 13295;Jakarta Pusat;21/06/2021
SEL-13297;Toko Seller Sukses 13296;Medan;18/03/2023
SEL-13298;Toko Seller Sukses 13297;Medan;16/05/2023
SEL-13299;Toko Seller Sukses 13298;Cimahi;14/07/2021
SEL-13300;Toko Seller Sukses 13299;Jakarta Pusat;26/04/2023
SEL-13301;Toko Seller Sukses 13300;Bandung;20/06/2021
SEL-13302;Toko Seller Sukses 13301;Surabaya;02/05/2021
SEL-13303;Toko Seller Sukses 13302;Jakarta Pusat;25/11/2022
SEL-13304;Toko Seller Sukses 13303;Jakarta Selatan;07/10/2022
SEL-13305;Toko Seller Sukses 13304;Jakarta Selatan;15/11/2021
SEL-13306;Toko Seller Sukses 13305;Cimahi;08/11/2022
SEL-13307;Toko Seller Sukses 13306;Surabaya;03/11/2021
SEL-13308;Toko Seller Sukses 13307;Bandung;07/05/2021
SEL-13309;Toko Seller Sukses 13308;Yogyakarta;29/08/2022
SEL-13310;Toko Seller Sukses 13309;Medan;09/07/2022
SEL-13311;Toko Seller Sukses 13310;Jakarta Pusat;16/06/2023
SEL-13312;Toko Seller Sukses 13311;Jakarta Selatan;19/07/2022
SEL-13313;Toko Seller Sukses 13312;Makassar;02/04/2022
SEL-13314;Toko Seller Sukses 13313;Jakarta Selatan;09/10/2022
SEL-13315;Toko Seller Sukses 13314;Makassar;20/10/2021
SEL-13316;Toko Seller Sukses 13315;Surabaya;15/03/2023
SEL-13317;Toko Seller Sukses 13316;Medan;26/01/2023
SEL-13318;Toko Seller Sukses 13317;Cimahi;18/07/2022
SEL-13319;Toko Seller Sukses 13318;Surabaya;11/01/2023
SEL-13320;Toko Seller Sukses 13319;Jakarta Selatan;10/05/2021
SEL-13321;Toko Seller Sukses 13320;Bandung;28/06/2022
SEL-13322;Toko Seller Sukses 13321;Medan;28/05/2021
SEL-13323;Toko Seller Sukses 13322;Cimahi;18/08/2022
SEL-13324;Toko Seller Sukses 13323;Makassar;17/07/2022
SEL-13325;Toko Seller Sukses 13324;Jakarta Pusat;09/03/2023
SEL-13326;Toko Seller Sukses 13325;Medan;18/11/2021
SEL-13327;Toko Seller Sukses 13326;Sidoarjo;19/06/2022
SEL-13328;Toko Seller Sukses 13327;Surabaya;17/02/2022
SEL-13329;Toko Seller Sukses 13328;Cimahi;03/02/2022
SEL-13330;Toko Seller Sukses 13329;Surabaya;17/01/2023
SEL-13331;Toko Seller Sukses 13330;Bandung;20/07/2021
SEL-13332;Toko Seller Sukses 13331;Jakarta Pusat;05/09/2021
SEL-13333;Toko Seller Sukses 13332;Surabaya;03/11/2022
SEL-13334;Toko Seller Sukses 13333;Cimahi;01/02/2023
SEL-13335;Toko Seller Sukses 13334;Jakarta Selatan;10/01/2022
SEL-13336;Toko Seller Sukses 13335;Makassar;28/05/2023
SEL-13337;Toko Seller Sukses 13336;Jakarta Pusat;11/10/2021
SEL-13338;Toko Seller Sukses 13337;Sidoarjo;30/08/2021
SEL-13339;Toko Seller Sukses 13338;Yogyakarta;17/11/2021
SEL-13340;Toko Seller Sukses 13339;Jakarta Selatan;08/04/2023
SEL-13341;Toko Seller Sukses 13340;Sidoarjo;02/06/2022
SEL-13342;Toko Seller Sukses 13341;Surabaya;30/01/2022
SEL-13343;Toko Seller Sukses 13342;Jakarta Pusat;20/01/2022
SEL-13344;Toko Seller Sukses 13343;Surabaya;28/02/2023
SEL-13345;Toko Seller Sukses 13344;Sidoarjo;12/04/2023
SEL-13346;Toko Seller Sukses 13345;Jakarta Pusat;27/01/2022
SEL-13347;Toko Seller Sukses 13346;Jakarta Selatan;13/06/2021
SEL-13348;Toko Seller Sukses 13347;Medan;26/11/2022
SEL-13349;Toko Seller Sukses 13348;Bandung;07/04/2023
SEL-13350;Toko Seller Sukses 13349;Cimahi;16/01/2023
SEL-13351;Toko Seller Sukses 13350;Jakarta Pusat;12/10/2021
SEL-13352;Toko Seller Sukses 13351;Cimahi;12/03/2023
SEL-13353;Toko Seller Sukses 13352;Bandung;01/01/2023
SEL-13354;Toko Seller Sukses 13353;Cimahi;14/09/2022
SEL-13355;Toko Seller Sukses 13354;Bandung;25/03/2023
SEL-13356;Toko Seller Sukses 13355;Yogyakarta;25/11/2021
SEL-13357;Toko Seller Sukses 13356;Sidoarjo;15/06/2021
SEL-13358;Toko Seller Sukses 13357;Surabaya;18/10/2021
SEL-13359;Toko Seller Sukses 13358;Cimahi;25/05/2022
SEL-13360;Toko Seller Sukses 13359;Makassar;07/11/2022
SEL-13361;Toko Seller Sukses 13360;Surabaya;21/12/2021
SEL-13362;Toko Seller Sukses 13361;Surabaya;26/10/2021
SEL-13363;Toko Seller Sukses 13362;Makassar;18/07/2022
SEL-13364;Toko Seller Sukses 13363;Bandung;24/02/2022
SEL-13365;Toko Seller Sukses 13364;Sidoarjo;08/07/2022
SEL-13366;Toko Seller Sukses 13365;Bandung;25/06/2022
SEL-13367;Toko Seller Sukses 13366;Yogyakarta;13/01/2022
SEL-13368;Toko Seller Sukses 13367;Jakarta Pusat;14/01/2022
SEL-13369;Toko Seller Sukses 13368;Sidoarjo;07/08/2021
SEL-13370;Toko Seller Sukses 13369;Medan;27/08/2021
SEL-13371;Toko Seller Sukses 13370;Sidoarjo;02/07/2022
SEL-13372;Toko Seller Sukses 13371;Cimahi;20/05/2022
SEL-13373;Toko Seller Sukses 13372;Bandung;03/03/2022
SEL-13374;Toko Seller Sukses 13373;Sidoarjo;18/07/2021
SEL-13375;Toko Seller Sukses 13374;Medan;14/04/2022
SEL-13376;Toko Seller Sukses 13375;Yogyakarta;26/04/2022
SEL-13377;Toko Seller Sukses 13376;Bandung;28/12/2022
SEL-13378;Toko Seller Sukses 13377;Cimahi;20/01/2022
SEL-13379;Toko Seller Sukses 13378;Yogyakarta;28/12/2021
SEL-13380;Toko Seller Sukses 13379;Cimahi;20/10/2022
SEL-13381;Toko Seller Sukses 13380;Sidoarjo;24/03/2022
SEL-13382;Toko Seller Sukses 13381;Makassar;24/02/2023
SEL-13383;Toko Seller Sukses 13382;Jakarta Pusat;03/04/2022
SEL-13384;Toko Seller Sukses 13383;Surabaya;15/10/2021
SEL-13385;Toko Seller Sukses 13384;Jakarta Pusat;31/01/2022
SEL-13386;Toko Seller Sukses 13385;Yogyakarta;07/07/2021
SEL-13387;Toko Seller Sukses 13386;Makassar;13/01/2023
SEL-13388;Toko Seller Sukses 13387;Medan;03/03/2022
SEL-13389;Toko Seller Sukses 13388;Surabaya;06/05/2021
SEL-13390;Toko Seller Sukses 13389;Jakarta Pusat;03/08/2022
SEL-13391;Toko Seller Sukses 13390;Makassar;19/07/2021
SEL-13392;Toko Seller Sukses 13391;Sidoarjo;01/11/2022
SEL-13393;Toko Seller Sukses 13392;Cimahi;08/04/2023
SEL-13394;Toko Seller Sukses 13393;Jakarta Pusat;03/07/2021
SEL-13395;Toko Seller Sukses 13394;Medan;30/01/2022
SEL-13396;Toko Seller Sukses 13395;Jakarta Selatan;26/01/2022
SEL-13397;Toko Seller Sukses 13396;Jakarta Pusat;24/01/2022
SEL-13398;Toko Seller Sukses 13397;Makassar;20/01/2023
SEL-13399;Toko Seller Sukses 13398;Sidoarjo;16/04/2022
SEL-13400;Toko Seller Sukses 13399;Yogyakarta;19/04/2023
SEL-13401;Toko Seller Sukses 13400;Sidoarjo;02/04/2022
SEL-13402;Toko Seller Sukses 13401;Cimahi;31/12/2021
SEL-13403;Toko Seller Sukses 13402;Yogyakarta;16/03/2022
SEL-13404;Toko Seller Sukses 13403;Surabaya;20/02/2022
SEL-13405;Toko Seller Sukses 13404;Surabaya;22/08/2021
SEL-13406;Toko Seller Sukses 13405;Jakarta Selatan;15/08/2022
SEL-13407;Toko Seller Sukses 13406;Jakarta Pusat;12/09/2022
SEL-13408;Toko Seller Sukses 13407;Jakarta Selatan;26/04/2022
SEL-13409;Toko Seller Sukses 13408;Medan;26/10/2022
SEL-13410;Toko Seller Sukses 13409;Sidoarjo;28/03/2023
SEL-13411;Toko Seller Sukses 13410;Cimahi;09/05/2023
SEL-13412;Toko Seller Sukses 13411;Cimahi;29/08/2022
SEL-13413;Toko Seller Sukses 13412;Surabaya;28/05/2021
SEL-13414;Toko Seller Sukses 13413;Sidoarjo;02/11/2021
SEL-13415;Toko Seller Sukses 13414;Cimahi;29/05/2022
SEL-13416;Toko Seller Sukses 13415;Bandung;07/08/2021
SEL-13417;Toko Seller Sukses 13416;Makassar;12/05/2021
SEL-13418;Toko Seller Sukses 13417;Bandung;20/07/2022
SEL-13419;Toko Seller Sukses 13418;Makassar;03/03/2023
SEL-13420;Toko Seller Sukses 13419;Yogyakarta;17/05/2022
SEL-13421;Toko Seller Sukses 13420;Sidoarjo;13/01/2022
SEL-13422;Toko Seller Sukses 13421;Yogyakarta;24/11/2021
SEL-13423;Toko Seller Sukses 13422;Medan;27/06/2023
SEL-13424;Toko Seller Sukses 13423;Makassar;02/07/2021
SEL-13425;Toko Seller Sukses 13424;Makassar;03/03/2023
SEL-13426;Toko Seller Sukses 13425;Bandung;24/06/2023
SEL-13427;Toko Seller Sukses 13426;Jakarta Selatan;02/06/2021
SEL-13428;Toko Seller Sukses 13427;Sidoarjo;03/06/2023
SEL-13429;Toko Seller Sukses 13428;Yogyakarta;25/02/2022
SEL-13430;Toko Seller Sukses 13429;Sidoarjo;04/11/2021
SEL-13431;Toko Seller Sukses 13430;Makassar;23/04/2022
SEL-13432;Toko Seller Sukses 13431;Bandung;03/11/2021
SEL-13433;Toko Seller Sukses 13432;Medan;10/01/2023
SEL-13434;Toko Seller Sukses 13433;Yogyakarta;18/06/2023
SEL-13435;Toko Seller Sukses 13434;Sidoarjo;28/01/2023
SEL-13436;Toko Seller Sukses 13435;Medan;24/04/2023
SEL-13437;Toko Seller Sukses 13436;Sidoarjo;28/05/2023
SEL-13438;Toko Seller Sukses 13437;Jakarta Pusat;08/10/2022
SEL-13439;Toko Seller Sukses 13438;Jakarta Pusat;10/08/2022
SEL-13440;Toko Seller Sukses 13439;Bandung;23/01/2023
SEL-13441;Toko Seller Sukses 13440;Surabaya;23/12/2022
SEL-13442;Toko Seller Sukses 13441;Makassar;10/09/2021
SEL-13443;Toko Seller Sukses 13442;Cimahi;06/06/2023
SEL-13444;Toko Seller Sukses 13443;Makassar;25/03/2022
SEL-13445;Toko Seller Sukses 13444;Surabaya;18/10/2021
SEL-13446;Toko Seller Sukses 13445;Jakarta Selatan;04/09/2021
SEL-13447;Toko Seller Sukses 13446;Medan;01/02/2022
SEL-13448;Toko Seller Sukses 13447;Cimahi;12/06/2022
SEL-13449;Toko Seller Sukses 13448;Medan;09/07/2022
SEL-13450;Toko Seller Sukses 13449;Jakarta Pusat;29/10/2021
SEL-13451;Toko Seller Sukses 13450;Medan;14/12/2022
SEL-13452;Toko Seller Sukses 13451;Yogyakarta;05/07/2022
SEL-13453;Toko Seller Sukses 13452;Bandung;24/06/2021
SEL-13454;Toko Seller Sukses 13453;Jakarta Pusat;21/12/2021
SEL-13455;Toko Seller Sukses 13454;Jakarta Pusat;02/06/2021
SEL-13456;Toko Seller Sukses 13455;Makassar;27/05/2023
SEL-13457;Toko Seller Sukses 13456;Cimahi;07/12/2021
SEL-13458;Toko Seller Sukses 13457;Jakarta Selatan;11/03/2022
SEL-13459;Toko Seller Sukses 13458;Jakarta Selatan;01/01/2022
SEL-13460;Toko Seller Sukses 13459;Jakarta Pusat;31/12/2021
SEL-13461;Toko Seller Sukses 13460;Bandung;05/10/2021
SEL-13462;Toko Seller Sukses 13461;Medan;05/06/2022
SEL-13463;Toko Seller Sukses 13462;Cimahi;13/02/2022
SEL-13464;Toko Seller Sukses 13463;Jakarta Selatan;05/03/2023
SEL-13465;Toko Seller Sukses 13464;Surabaya;22/09/2021
SEL-13466;Toko Seller Sukses 13465;Cimahi;16/09/2021
SEL-13467;Toko Seller Sukses 13466;Bandung;25/09/2021
SEL-13468;Toko Seller Sukses 13467;Surabaya;25/07/2021
SEL-13469;Toko Seller Sukses 13468;Jakarta Selatan;25/06/2022
SEL-13470;Toko Seller Sukses 13469;Jakarta Pusat;07/02/2023
SEL-13471;Toko Seller Sukses 13470;Cimahi;21/07/2021
SEL-13472;Toko Seller Sukses 13471;Sidoarjo;24/08/2021
SEL-13473;Toko Seller Sukses 13472;Surabaya;06/06/2022
SEL-13474;Toko Seller Sukses 13473;Bandung;16/07/2021
SEL-13475;Toko Seller Sukses 13474;Cimahi;18/06/2021
SEL-13476;Toko Seller Sukses 13475;Jakarta Pusat;29/01/2023
SEL-13477;Toko Seller Sukses 13476;Yogyakarta;08/04/2022
SEL-13478;Toko Seller Sukses 13477;Yogyakarta;13/09/2021
SEL-13479;Toko Seller Sukses 13478;Surabaya;18/07/2022
SEL-13480;Toko Seller Sukses 13479;Cimahi;15/01/2023
SEL-13481;Toko Seller Sukses 13480;Medan;01/11/2021
SEL-13482;Toko Seller Sukses 13481;Jakarta Selatan;16/05/2023
SEL-13483;Toko Seller Sukses 13482;Surabaya;02/11/2021
SEL-13484;Toko Seller Sukses 13483;Jakarta Pusat;07/09/2022
SEL-13485;Toko Seller Sukses 13484;Sidoarjo;10/12/2022
SEL-13486;Toko Seller Sukses 13485;Jakarta Selatan;01/06/2021
SEL-13487;Toko Seller Sukses 13486;Sidoarjo;20/03/2022
SEL-13488;Toko Seller Sukses 13487;Makassar;15/01/2022
SEL-13489;Toko Seller Sukses 13488;Medan;29/09/2021
SEL-13490;Toko Seller Sukses 13489;Yogyakarta;19/02/2022
SEL-13491;Toko Seller Sukses 13490;Cimahi;15/07/2022
SEL-13492;Toko Seller Sukses 13491;Yogyakarta;20/04/2022
SEL-13493;Toko Seller Sukses 13492;Surabaya;26/07/2021
SEL-13494;Toko Seller Sukses 13493;Bandung;25/07/2021
SEL-13495;Toko Seller Sukses 13494;Surabaya;17/01/2022
SEL-13496;Toko Seller Sukses 13495;Jakarta Pusat;31/03/2022
SEL-13497;Toko Seller Sukses 13496;Jakarta Pusat;20/07/2021
SEL-13498;Toko Seller Sukses 13497;Medan;11/10/2022
SEL-13499;Toko Seller Sukses 13498;Cimahi;28/04/2022
SEL-13500;Toko Seller Sukses 13499;Makassar;03/09/2021
SEL-13501;Toko Seller Sukses 13500;Jakarta Pusat;16/08/2021
SEL-13502;Toko Seller Sukses 13501;Bandung;02/07/2023
SEL-13503;Toko Seller Sukses 13502;Cimahi;28/05/2021
SEL-13504;Toko Seller Sukses 13503;Surabaya;09/01/2023
SEL-13505;Toko Seller Sukses 13504;Sidoarjo;27/08/2022
SEL-13506;Toko Seller Sukses 13505;Medan;15/06/2023
SEL-13507;Toko Seller Sukses 13506;Jakarta Selatan;22/12/2022
SEL-13508;Toko Seller Sukses 13507;Surabaya;18/05/2023
SEL-13509;Toko Seller Sukses 13508;Medan;01/07/2022
SEL-13510;Toko Seller Sukses 13509;Surabaya;24/03/2022
SEL-13511;Toko Seller Sukses 13510;Cimahi;17/05/2021
SEL-13512;Toko Seller Sukses 13511;Sidoarjo;15/10/2022
SEL-13513;Toko Seller Sukses 13512;Medan;05/09/2022
SEL-13514;Toko Seller Sukses 13513;Bandung;07/06/2021
SEL-13515;Toko Seller Sukses 13514;Jakarta Selatan;17/03/2022
SEL-13516;Toko Seller Sukses 13515;Surabaya;07/01/2022
SEL-13517;Toko Seller Sukses 13516;Medan;18/02/2023
SEL-13518;Toko Seller Sukses 13517;Jakarta Pusat;12/07/2022
SEL-13519;Toko Seller Sukses 13518;Cimahi;23/10/2021
SEL-13520;Toko Seller Sukses 13519;Bandung;30/01/2023
SEL-13521;Toko Seller Sukses 13520;Makassar;13/04/2022
SEL-13522;Toko Seller Sukses 13521;Jakarta Pusat;27/02/2022
SEL-13523;Toko Seller Sukses 13522;Jakarta Selatan;17/12/2022
SEL-13524;Toko Seller Sukses 13523;Makassar;31/05/2021
SEL-13525;Toko Seller Sukses 13524;Bandung;29/04/2023
SEL-13526;Toko Seller Sukses 13525;Cimahi;18/11/2021
SEL-13527;Toko Seller Sukses 13526;Makassar;08/06/2021
SEL-13528;Toko Seller Sukses 13527;Sidoarjo;10/06/2023
SEL-13529;Toko Seller Sukses 13528;Jakarta Selatan;22/11/2022
SEL-13530;Toko Seller Sukses 13529;Jakarta Pusat;28/08/2022
SEL-13531;Toko Seller Sukses 13530;Surabaya;12/09/2022
SEL-13532;Toko Seller Sukses 13531;Sidoarjo;20/03/2023
SEL-13533;Toko Seller Sukses 13532;Bandung;27/09/2021
SEL-13534;Toko Seller Sukses 13533;Jakarta Selatan;24/05/2022
SEL-13535;Toko Seller Sukses 13534;Bandung;12/03/2023
SEL-13536;Toko Seller Sukses 13535;Surabaya;23/07/2022
SEL-13537;Toko Seller Sukses 13536;Jakarta Selatan;01/07/2023
SEL-13538;Toko Seller Sukses 13537;Cimahi;07/01/2023
SEL-13539;Toko Seller Sukses 13538;Bandung;25/06/2023
SEL-13540;Toko Seller Sukses 13539;Sidoarjo;18/12/2021
SEL-13541;Toko Seller Sukses 13540;Bandung;31/07/2021
SEL-13542;Toko Seller Sukses 13541;Medan;15/03/2023
SEL-13543;Toko Seller Sukses 13542;Makassar;16/03/2023
SEL-13544;Toko Seller Sukses 13543;Bandung;09/07/2022
SEL-13545;Toko Seller Sukses 13544;Jakarta Selatan;29/04/2023
SEL-13546;Toko Seller Sukses 13545;Yogyakarta;23/06/2021
SEL-13547;Toko Seller Sukses 13546;Surabaya;22/12/2021
SEL-13548;Toko Seller Sukses 13547;Yogyakarta;19/03/2022
SEL-13549;Toko Seller Sukses 13548;Makassar;20/08/2022
SEL-13550;Toko Seller Sukses 13549;Bandung;16/12/2021
SEL-13551;Toko Seller Sukses 13550;Jakarta Selatan;15/12/2022
SEL-13552;Toko Seller Sukses 13551;Jakarta Pusat;29/06/2022
SEL-13553;Toko Seller Sukses 13552;Cimahi;28/12/2021
SEL-13554;Toko Seller Sukses 13553;Yogyakarta;17/03/2022
SEL-13555;Toko Seller Sukses 13554;Surabaya;27/06/2021
SEL-13556;Toko Seller Sukses 13555;Medan;12/05/2022
SEL-13557;Toko Seller Sukses 13556;Jakarta Selatan;01/07/2022
SEL-13558;Toko Seller Sukses 13557;Makassar;10/08/2021
SEL-13559;Toko Seller Sukses 13558;Sidoarjo;10/05/2021
SEL-13560;Toko Seller Sukses 13559;Yogyakarta;24/10/2022
SEL-13561;Toko Seller Sukses 13560;Jakarta Pusat;29/10/2022
SEL-13562;Toko Seller Sukses 13561;Jakarta Selatan;13/05/2023
SEL-13563;Toko Seller Sukses 13562;Surabaya;21/03/2023
SEL-13564;Toko Seller Sukses 13563;Surabaya;19/08/2022
SEL-13565;Toko Seller Sukses 13564;Yogyakarta;22/03/2023
SEL-13566;Toko Seller Sukses 13565;Sidoarjo;12/12/2021
SEL-13567;Toko Seller Sukses 13566;Sidoarjo;07/06/2022
SEL-13568;Toko Seller Sukses 13567;Sidoarjo;28/03/2023
SEL-13569;Toko Seller Sukses 13568;Bandung;22/09/2021
SEL-13570;Toko Seller Sukses 13569;Jakarta Pusat;24/04/2022
SEL-13571;Toko Seller Sukses 13570;Jakarta Selatan;24/03/2022
SEL-13572;Toko Seller Sukses 13571;Bandung;28/12/2022
SEL-13573;Toko Seller Sukses 13572;Sidoarjo;16/12/2021
SEL-13574;Toko Seller Sukses 13573;Sidoarjo;29/09/2021
SEL-13575;Toko Seller Sukses 13574;Jakarta Pusat;15/12/2021
SEL-13576;Toko Seller Sukses 13575;Medan;30/11/2022
SEL-13577;Toko Seller Sukses 13576;Sidoarjo;20/08/2022
SEL-13578;Toko Seller Sukses 13577;Jakarta Pusat;26/02/2022
SEL-13579;Toko Seller Sukses 13578;Cimahi;23/05/2023
SEL-13580;Toko Seller Sukses 13579;Medan;08/09/2021
SEL-13581;Toko Seller Sukses 13580;Jakarta Selatan;08/02/2023
SEL-13582;Toko Seller Sukses 13581;Jakarta Pusat;15/10/2022
SEL-13583;Toko Seller Sukses 13582;Makassar;06/05/2023
SEL-13584;Toko Seller Sukses 13583;Jakarta Pusat;19/05/2023
SEL-13585;Toko Seller Sukses 13584;Jakarta Selatan;30/06/2022
SEL-13586;Toko Seller Sukses 13585;Medan;31/01/2022
SEL-13587;Toko Seller Sukses 13586;Cimahi;05/10/2022
SEL-13588;Toko Seller Sukses 13587;Jakarta Selatan;16/10/2022
SEL-13589;Toko Seller Sukses 13588;Sidoarjo;20/08/2022
SEL-13590;Toko Seller Sukses 13589;Jakarta Pusat;10/10/2021
SEL-13591;Toko Seller Sukses 13590;Jakarta Selatan;11/04/2023
SEL-13592;Toko Seller Sukses 13591;Jakarta Selatan;03/06/2022
SEL-13593;Toko Seller Sukses 13592;Jakarta Selatan;08/03/2022
SEL-13594;Toko Seller Sukses 13593;Jakarta Selatan;12/09/2022
SEL-13595;Toko Seller Sukses 13594;Yogyakarta;09/06/2023
SEL-13596;Toko Seller Sukses 13595;Sidoarjo;01/07/2022
SEL-13597;Toko Seller Sukses 13596;Bandung;26/08/2022
SEL-13598;Toko Seller Sukses 13597;Yogyakarta;16/01/2023
SEL-13599;Toko Seller Sukses 13598;Bandung;09/06/2022
SEL-13600;Toko Seller Sukses 13599;Sidoarjo;19/03/2023
SEL-13601;Toko Seller Sukses 13600;Surabaya;07/08/2021
SEL-13602;Toko Seller Sukses 13601;Bandung;15/05/2023
SEL-13603;Toko Seller Sukses 13602;Yogyakarta;30/08/2021
SEL-13604;Toko Seller Sukses 13603;Jakarta Selatan;15/07/2022
SEL-13605;Toko Seller Sukses 13604;Sidoarjo;10/06/2022
SEL-13606;Toko Seller Sukses 13605;Surabaya;19/03/2023
SEL-13607;Toko Seller Sukses 13606;Yogyakarta;08/04/2023
SEL-13608;Toko Seller Sukses 13607;Surabaya;28/01/2023
SEL-13609;Toko Seller Sukses 13608;Jakarta Selatan;11/02/2022
SEL-13610;Toko Seller Sukses 13609;Bandung;27/05/2022
SEL-13611;Toko Seller Sukses 13610;Cimahi;12/09/2021
SEL-13612;Toko Seller Sukses 13611;Sidoarjo;13/12/2021
SEL-13613;Toko Seller Sukses 13612;Medan;25/01/2022
SEL-13614;Toko Seller Sukses 13613;Jakarta Selatan;23/04/2022
SEL-13615;Toko Seller Sukses 13614;Makassar;20/07/2021
SEL-13616;Toko Seller Sukses 13615;Sidoarjo;25/10/2021
SEL-13617;Toko Seller Sukses 13616;Makassar;03/06/2023
SEL-13618;Toko Seller Sukses 13617;Sidoarjo;28/06/2021
SEL-13619;Toko Seller Sukses 13618;Jakarta Selatan;28/07/2021
SEL-13620;Toko Seller Sukses 13619;Sidoarjo;30/03/2022
SEL-13621;Toko Seller Sukses 13620;Yogyakarta;15/01/2023
SEL-13622;Toko Seller Sukses 13621;Medan;18/01/2023
SEL-13623;Toko Seller Sukses 13622;Jakarta Selatan;11/02/2022
SEL-13624;Toko Seller Sukses 13623;Sidoarjo;25/07/2021
SEL-13625;Toko Seller Sukses 13624;Sidoarjo;09/12/2021
SEL-13626;Toko Seller Sukses 13625;Makassar;08/10/2022
SEL-13627;Toko Seller Sukses 13626;Bandung;06/04/2023
SEL-13628;Toko Seller Sukses 13627;Yogyakarta;31/08/2022
SEL-13629;Toko Seller Sukses 13628;Yogyakarta;01/07/2022
SEL-13630;Toko Seller Sukses 13629;Medan;18/10/2022
SEL-13631;Toko Seller Sukses 13630;Jakarta Pusat;31/05/2022
SEL-13632;Toko Seller Sukses 13631;Cimahi;13/12/2021
SEL-13633;Toko Seller Sukses 13632;Sidoarjo;20/12/2021
SEL-13634;Toko Seller Sukses 13633;Jakarta Pusat;03/11/2022
SEL-13635;Toko Seller Sukses 13634;Yogyakarta;23/06/2023
SEL-13636;Toko Seller Sukses 13635;Sidoarjo;10/06/2023
SEL-13637;Toko Seller Sukses 13636;Medan;21/04/2022
SEL-13638;Toko Seller Sukses 13637;Sidoarjo;26/02/2023
SEL-13639;Toko Seller Sukses 13638;Jakarta Selatan;28/10/2021
SEL-13640;Toko Seller Sukses 13639;Jakarta Pusat;13/02/2023
SEL-13641;Toko Seller Sukses 13640;Bandung;04/10/2022
SEL-13642;Toko Seller Sukses 13641;Medan;11/02/2022
SEL-13643;Toko Seller Sukses 13642;Surabaya;22/01/2022
SEL-13644;Toko Seller Sukses 13643;Yogyakarta;03/07/2023
SEL-13645;Toko Seller Sukses 13644;Makassar;16/12/2021
SEL-13646;Toko Seller Sukses 13645;Cimahi;16/12/2022
SEL-13647;Toko Seller Sukses 13646;Medan;26/12/2021
SEL-13648;Toko Seller Sukses 13647;Sidoarjo;28/08/2022
SEL-13649;Toko Seller Sukses 13648;Surabaya;05/02/2023
SEL-13650;Toko Seller Sukses 13649;Jakarta Pusat;21/02/2023
SEL-13651;Toko Seller Sukses 13650;Bandung;17/08/2022
SEL-13652;Toko Seller Sukses 13651;Jakarta Selatan;06/07/2022
SEL-13653;Toko Seller Sukses 13652;Cimahi;08/01/2022
SEL-13654;Toko Seller Sukses 13653;Jakarta Pusat;08/05/2022
SEL-13655;Toko Seller Sukses 13654;Surabaya;13/12/2022
SEL-13656;Toko Seller Sukses 13655;Sidoarjo;07/06/2022
SEL-13657;Toko Seller Sukses 13656;Sidoarjo;05/02/2023
SEL-13658;Toko Seller Sukses 13657;Bandung;17/12/2021
SEL-13659;Toko Seller Sukses 13658;Surabaya;01/12/2021
SEL-13660;Toko Seller Sukses 13659;Yogyakarta;08/08/2021
SEL-13661;Toko Seller Sukses 13660;Bandung;15/03/2023
SEL-13662;Toko Seller Sukses 13661;Makassar;12/08/2021
SEL-13663;Toko Seller Sukses 13662;Jakarta Pusat;25/06/2022
SEL-13664;Toko Seller Sukses 13663;Bandung;25/02/2023
SEL-13665;Toko Seller Sukses 13664;Surabaya;24/03/2022
SEL-13666;Toko Seller Sukses 13665;Makassar;19/06/2022
SEL-13667;Toko Seller Sukses 13666;Yogyakarta;18/11/2021
SEL-13668;Toko Seller Sukses 13667;Cimahi;01/12/2021
SEL-13669;Toko Seller Sukses 13668;Bandung;07/03/2023
SEL-13670;Toko Seller Sukses 13669;Yogyakarta;30/07/2021
SEL-13671;Toko Seller Sukses 13670;Makassar;27/09/2022
SEL-13672;Toko Seller Sukses 13671;Cimahi;28/04/2022
SEL-13673;Toko Seller Sukses 13672;Makassar;16/02/2023
SEL-13674;Toko Seller Sukses 13673;Surabaya;02/09/2021
SEL-13675;Toko Seller Sukses 13674;Sidoarjo;30/12/2022
SEL-13676;Toko Seller Sukses 13675;Yogyakarta;24/05/2021
SEL-13677;Toko Seller Sukses 13676;Medan;14/01/2022
SEL-13678;Toko Seller Sukses 13677;Jakarta Selatan;28/11/2022
SEL-13679;Toko Seller Sukses 13678;Surabaya;22/07/2021
SEL-13680;Toko Seller Sukses 13679;Bandung;08/10/2022
SEL-13681;Toko Seller Sukses 13680;Medan;08/02/2022
SEL-13682;Toko Seller Sukses 13681;Makassar;27/02/2023
SEL-13683;Toko Seller Sukses 13682;Jakarta Selatan;01/05/2022
SEL-13684;Toko Seller Sukses 13683;Makassar;23/06/2021
SEL-13685;Toko Seller Sukses 13684;Jakarta Selatan;01/03/2023
SEL-13686;Toko Seller Sukses 13685;Jakarta Selatan;21/02/2022
SEL-13687;Toko Seller Sukses 13686;Makassar;04/11/2022
SEL-13688;Toko Seller Sukses 13687;Yogyakarta;19/11/2022
SEL-13689;Toko Seller Sukses 13688;Bandung;03/06/2022
SEL-13690;Toko Seller Sukses 13689;Surabaya;28/11/2022
SEL-13691;Toko Seller Sukses 13690;Bandung;11/11/2021
SEL-13692;Toko Seller Sukses 13691;Makassar;06/10/2021
SEL-13693;Toko Seller Sukses 13692;Surabaya;12/05/2021
SEL-13694;Toko Seller Sukses 13693;Medan;13/05/2021
SEL-13695;Toko Seller Sukses 13694;Yogyakarta;04/05/2021
SEL-13696;Toko Seller Sukses 13695;Cimahi;16/08/2022
SEL-13697;Toko Seller Sukses 13696;Sidoarjo;02/03/2023
SEL-13698;Toko Seller Sukses 13697;Surabaya;12/02/2022
SEL-13699;Toko Seller Sukses 13698;Surabaya;15/05/2022
SEL-13700;Toko Seller Sukses 13699;Sidoarjo;27/03/2022
SEL-13701;Toko Seller Sukses 13700;Sidoarjo;18/02/2022
SEL-13702;Toko Seller Sukses 13701;Jakarta Selatan;16/02/2022
SEL-13703;Toko Seller Sukses 13702;Cimahi;26/10/2021
SEL-13704;Toko Seller Sukses 13703;Cimahi;12/05/2022
SEL-13705;Toko Seller Sukses 13704;Jakarta Selatan;20/02/2022
SEL-13706;Toko Seller Sukses 13705;Cimahi;24/02/2023
SEL-13707;Toko Seller Sukses 13706;Bandung;13/08/2022
SEL-13708;Toko Seller Sukses 13707;Sidoarjo;13/09/2021
SEL-13709;Toko Seller Sukses 13708;Surabaya;03/07/2022
SEL-13710;Toko Seller Sukses 13709;Cimahi;07/07/2021
SEL-13711;Toko Seller Sukses 13710;Yogyakarta;01/09/2021
SEL-13712;Toko Seller Sukses 13711;Surabaya;15/11/2021
SEL-13713;Toko Seller Sukses 13712;Cimahi;11/07/2022
SEL-13714;Toko Seller Sukses 13713;Bandung;05/12/2021
SEL-13715;Toko Seller Sukses 13714;Jakarta Selatan;21/09/2021
SEL-13716;Toko Seller Sukses 13715;Jakarta Selatan;26/12/2022
SEL-13717;Toko Seller Sukses 13716;Jakarta Pusat;26/03/2023
SEL-13718;Toko Seller Sukses 13717;Medan;19/06/2023
SEL-13719;Toko Seller Sukses 13718;Surabaya;24/08/2022
SEL-13720;Toko Seller Sukses 13719;Yogyakarta;05/05/2021
SEL-13721;Toko Seller Sukses 13720;Medan;18/02/2023
SEL-13722;Toko Seller Sukses 13721;Surabaya;13/10/2022
SEL-13723;Toko Seller Sukses 13722;Sidoarjo;27/06/2023
SEL-13724;Toko Seller Sukses 13723;Bandung;04/05/2021
SEL-13725;Toko Seller Sukses 13724;Yogyakarta;19/02/2023
SEL-13726;Toko Seller Sukses 13725;Surabaya;05/02/2023
SEL-13727;Toko Seller Sukses 13726;Bandung;28/04/2022
SEL-13728;Toko Seller Sukses 13727;Makassar;09/06/2023
SEL-13729;Toko Seller Sukses 13728;Jakarta Pusat;18/03/2023
SEL-13730;Toko Seller Sukses 13729;Cimahi;23/05/2021
SEL-13731;Toko Seller Sukses 13730;Makassar;31/07/2021
SEL-13732;Toko Seller Sukses 13731;Medan;03/11/2022
SEL-13733;Toko Seller Sukses 13732;Cimahi;25/10/2022
SEL-13734;Toko Seller Sukses 13733;Cimahi;15/10/2022
SEL-13735;Toko Seller Sukses 13734;Sidoarjo;23/03/2022
SEL-13736;Toko Seller Sukses 13735;Jakarta Pusat;07/12/2021
SEL-13737;Toko Seller Sukses 13736;Jakarta Selatan;26/06/2021
SEL-13738;Toko Seller Sukses 13737;Makassar;04/10/2022
SEL-13739;Toko Seller Sukses 13738;Jakarta Pusat;11/06/2023
SEL-13740;Toko Seller Sukses 13739;Jakarta Pusat;15/06/2022
SEL-13741;Toko Seller Sukses 13740;Surabaya;07/05/2022
SEL-13742;Toko Seller Sukses 13741;Medan;25/11/2021
SEL-13743;Toko Seller Sukses 13742;Sidoarjo;13/10/2022
SEL-13744;Toko Seller Sukses 13743;Yogyakarta;01/12/2021
SEL-13745;Toko Seller Sukses 13744;Makassar;17/01/2022
SEL-13746;Toko Seller Sukses 13745;Medan;07/07/2021
SEL-13747;Toko Seller Sukses 13746;Yogyakarta;12/05/2023
SEL-13748;Toko Seller Sukses 13747;Makassar;06/04/2022
SEL-13749;Toko Seller Sukses 13748;Sidoarjo;22/12/2021
SEL-13750;Toko Seller Sukses 13749;Sidoarjo;22/03/2022
SEL-13751;Toko Seller Sukses 13750;Bandung;25/04/2023
SEL-13752;Toko Seller Sukses 13751;Surabaya;12/11/2021
SEL-13753;Toko Seller Sukses 13752;Surabaya;05/06/2021
SEL-13754;Toko Seller Sukses 13753;Surabaya;03/11/2022
SEL-13755;Toko Seller Sukses 13754;Sidoarjo;09/07/2022
SEL-13756;Toko Seller Sukses 13755;Yogyakarta;12/12/2021
SEL-13757;Toko Seller Sukses 13756;Jakarta Selatan;10/03/2023
SEL-13758;Toko Seller Sukses 13757;Jakarta Pusat;15/11/2022
SEL-13759;Toko Seller Sukses 13758;Jakarta Selatan;31/10/2022
SEL-13760;Toko Seller Sukses 13759;Cimahi;18/07/2021
SEL-13761;Toko Seller Sukses 13760;Yogyakarta;19/09/2021
SEL-13762;Toko Seller Sukses 13761;Yogyakarta;11/03/2023
SEL-13763;Toko Seller Sukses 13762;Surabaya;19/08/2022
SEL-13764;Toko Seller Sukses 13763;Sidoarjo;16/08/2022
SEL-13765;Toko Seller Sukses 13764;Surabaya;17/03/2023
SEL-13766;Toko Seller Sukses 13765;Cimahi;22/05/2023
SEL-13767;Toko Seller Sukses 13766;Cimahi;04/02/2022
SEL-13768;Toko Seller Sukses 13767;Cimahi;14/06/2021
SEL-13769;Toko Seller Sukses 13768;Surabaya;11/11/2021
SEL-13770;Toko Seller Sukses 13769;Jakarta Selatan;30/09/2021
SEL-13771;Toko Seller Sukses 13770;Bandung;20/04/2022
SEL-13772;Toko Seller Sukses 13771;Yogyakarta;20/08/2021
SEL-13773;Toko Seller Sukses 13772;Yogyakarta;24/02/2023
SEL-13774;Toko Seller Sukses 13773;Makassar;29/06/2021
SEL-13775;Toko Seller Sukses 13774;Yogyakarta;03/08/2022
SEL-13776;Toko Seller Sukses 13775;Yogyakarta;24/05/2022
SEL-13777;Toko Seller Sukses 13776;Cimahi;10/03/2023
SEL-13778;Toko Seller Sukses 13777;Surabaya;13/04/2023
SEL-13779;Toko Seller Sukses 13778;Yogyakarta;08/12/2021
SEL-13780;Toko Seller Sukses 13779;Jakarta Pusat;11/10/2022
SEL-13781;Toko Seller Sukses 13780;Yogyakarta;09/03/2023
SEL-13782;Toko Seller Sukses 13781;Jakarta Selatan;16/06/2021
SEL-13783;Toko Seller Sukses 13782;Sidoarjo;27/06/2022
SEL-13784;Toko Seller Sukses 13783;Bandung;07/09/2022
SEL-13785;Toko Seller Sukses 13784;Yogyakarta;06/05/2023
SEL-13786;Toko Seller Sukses 13785;Jakarta Pusat;27/01/2022
SEL-13787;Toko Seller Sukses 13786;Cimahi;26/03/2022
SEL-13788;Toko Seller Sukses 13787;Cimahi;03/08/2022
SEL-13789;Toko Seller Sukses 13788;Medan;13/11/2022
SEL-13790;Toko Seller Sukses 13789;Yogyakarta;17/05/2021
SEL-13791;Toko Seller Sukses 13790;Jakarta Pusat;02/12/2022
SEL-13792;Toko Seller Sukses 13791;Cimahi;20/08/2021
SEL-13793;Toko Seller Sukses 13792;Yogyakarta;15/07/2022
SEL-13794;Toko Seller Sukses 13793;Makassar;24/01/2023
SEL-13795;Toko Seller Sukses 13794;Jakarta Selatan;03/06/2021
SEL-13796;Toko Seller Sukses 13795;Makassar;18/09/2022
SEL-13797;Toko Seller Sukses 13796;Medan;13/09/2022
SEL-13798;Toko Seller Sukses 13797;Makassar;04/02/2023
SEL-13799;Toko Seller Sukses 13798;Makassar;14/12/2022
SEL-13800;Toko Seller Sukses 13799;Makassar;30/06/2022
SEL-13801;Toko Seller Sukses 13800;Makassar;26/09/2022
SEL-13802;Toko Seller Sukses 13801;Jakarta Selatan;15/07/2021
SEL-13803;Toko Seller Sukses 13802;Jakarta Pusat;21/05/2021
SEL-13804;Toko Seller Sukses 13803;Bandung;21/05/2023
SEL-13805;Toko Seller Sukses 13804;Jakarta Pusat;09/09/2021
SEL-13806;Toko Seller Sukses 13805;Jakarta Selatan;28/01/2022
SEL-13807;Toko Seller Sukses 13806;Jakarta Selatan;28/06/2023
SEL-13808;Toko Seller Sukses 13807;Cimahi;06/12/2021
SEL-13809;Toko Seller Sukses 13808;Jakarta Selatan;28/09/2021
SEL-13810;Toko Seller Sukses 13809;Makassar;23/06/2022
SEL-13811;Toko Seller Sukses 13810;Yogyakarta;29/11/2022
SEL-13812;Toko Seller Sukses 13811;Jakarta Selatan;15/02/2023
SEL-13813;Toko Seller Sukses 13812;Jakarta Selatan;16/12/2022
SEL-13814;Toko Seller Sukses 13813;Medan;16/07/2022
SEL-13815;Toko Seller Sukses 13814;Sidoarjo;27/07/2022
SEL-13816;Toko Seller Sukses 13815;Jakarta Pusat;22/04/2023
SEL-13817;Toko Seller Sukses 13816;Sidoarjo;28/10/2022
SEL-13818;Toko Seller Sukses 13817;Bandung;21/06/2021
SEL-13819;Toko Seller Sukses 13818;Sidoarjo;10/01/2022
SEL-13820;Toko Seller Sukses 13819;Yogyakarta;23/04/2023
SEL-13821;Toko Seller Sukses 13820;Bandung;17/01/2023
SEL-13822;Toko Seller Sukses 13821;Sidoarjo;23/04/2023
SEL-13823;Toko Seller Sukses 13822;Yogyakarta;19/02/2023
SEL-13824;Toko Seller Sukses 13823;Makassar;23/12/2022
SEL-13825;Toko Seller Sukses 13824;Sidoarjo;13/05/2021
SEL-13826;Toko Seller Sukses 13825;Jakarta Pusat;05/06/2023
SEL-13827;Toko Seller Sukses 13826;Medan;27/10/2022
SEL-13828;Toko Seller Sukses 13827;Jakarta Pusat;28/03/2022
SEL-13829;Toko Seller Sukses 13828;Yogyakarta;27/05/2022
SEL-13830;Toko Seller Sukses 13829;Sidoarjo;08/01/2022
SEL-13831;Toko Seller Sukses 13830;Bandung;03/02/2022
SEL-13832;Toko Seller Sukses 13831;Makassar;26/04/2023
SEL-13833;Toko Seller Sukses 13832;Jakarta Selatan;13/05/2023
SEL-13834;Toko Seller Sukses 13833;Jakarta Selatan;15/06/2022
SEL-13835;Toko Seller Sukses 13834;Yogyakarta;10/02/2022
SEL-13836;Toko Seller Sukses 13835;Makassar;08/09/2022
SEL-13837;Toko Seller Sukses 13836;Bandung;19/05/2023
SEL-13838;Toko Seller Sukses 13837;Surabaya;13/11/2022
SEL-13839;Toko Seller Sukses 13838;Medan;10/03/2023
SEL-13840;Toko Seller Sukses 13839;Makassar;04/09/2022
SEL-13841;Toko Seller Sukses 13840;Bandung;05/06/2023
SEL-13842;Toko Seller Sukses 13841;Surabaya;13/02/2022
SEL-13843;Toko Seller Sukses 13842;Yogyakarta;27/01/2022
SEL-13844;Toko Seller Sukses 13843;Makassar;13/01/2022
SEL-13845;Toko Seller Sukses 13844;Cimahi;01/05/2021
SEL-13846;Toko Seller Sukses 13845;Yogyakarta;22/11/2022
SEL-13847;Toko Seller Sukses 13846;Makassar;23/05/2022
SEL-13848;Toko Seller Sukses 13847;Bandung;07/12/2022
SEL-13849;Toko Seller Sukses 13848;Bandung;23/08/2021
SEL-13850;Toko Seller Sukses 13849;Sidoarjo;10/01/2022
SEL-13851;Toko Seller Sukses 13850;Cimahi;05/07/2022
SEL-13852;Toko Seller Sukses 13851;Sidoarjo;18/02/2022
SEL-13853;Toko Seller Sukses 13852;Surabaya;17/09/2021
SEL-13854;Toko Seller Sukses 13853;Jakarta Selatan;04/05/2021
SEL-13855;Toko Seller Sukses 13854;Surabaya;11/08/2021
SEL-13856;Toko Seller Sukses 13855;Yogyakarta;21/01/2022
SEL-13857;Toko Seller Sukses 13856;Medan;23/08/2021
SEL-13858;Toko Seller Sukses 13857;Yogyakarta;25/07/2021
SEL-13859;Toko Seller Sukses 13858;Medan;21/07/2022
SEL-13860;Toko Seller Sukses 13859;Cimahi;14/04/2022
SEL-13861;Toko Seller Sukses 13860;Bandung;25/02/2023
SEL-13862;Toko Seller Sukses 13861;Surabaya;08/09/2022
SEL-13863;Toko Seller Sukses 13862;Jakarta Selatan;19/08/2021
SEL-13864;Toko Seller Sukses 13863;Sidoarjo;07/01/2023
SEL-13865;Toko Seller Sukses 13864;Jakarta Pusat;02/03/2023
SEL-13866;Toko Seller Sukses 13865;Jakarta Pusat;31/07/2021
SEL-13867;Toko Seller Sukses 13866;Sidoarjo;09/05/2023
SEL-13868;Toko Seller Sukses 13867;Makassar;22/04/2023
SEL-13869;Toko Seller Sukses 13868;Jakarta Pusat;17/08/2021
SEL-13870;Toko Seller Sukses 13869;Jakarta Selatan;12/04/2023
SEL-13871;Toko Seller Sukses 13870;Jakarta Pusat;05/09/2021
SEL-13872;Toko Seller Sukses 13871;Bandung;01/01/2022
SEL-13873;Toko Seller Sukses 13872;Jakarta Selatan;16/01/2022
SEL-13874;Toko Seller Sukses 13873;Jakarta Pusat;13/11/2022
SEL-13875;Toko Seller Sukses 13874;Medan;25/04/2022
SEL-13876;Toko Seller Sukses 13875;Medan;28/05/2023
SEL-13877;Toko Seller Sukses 13876;Bandung;09/10/2022
SEL-13878;Toko Seller Sukses 13877;Surabaya;13/06/2022
SEL-13879;Toko Seller Sukses 13878;Jakarta Selatan;01/03/2022
SEL-13880;Toko Seller Sukses 13879;Surabaya;02/08/2021
SEL-13881;Toko Seller Sukses 13880;Makassar;07/06/2023
SEL-13882;Toko Seller Sukses 13881;Yogyakarta;24/11/2022
SEL-13883;Toko Seller Sukses 13882;Yogyakarta;30/08/2021
SEL-13884;Toko Seller Sukses 13883;Sidoarjo;29/12/2022
SEL-13885;Toko Seller Sukses 13884;Yogyakarta;10/09/2022
SEL-13886;Toko Seller Sukses 13885;Yogyakarta;11/08/2022
SEL-13887;Toko Seller Sukses 13886;Jakarta Pusat;11/10/2022
SEL-13888;Toko Seller Sukses 13887;Sidoarjo;30/09/2022
SEL-13889;Toko Seller Sukses 13888;Sidoarjo;16/10/2021
SEL-13890;Toko Seller Sukses 13889;Surabaya;11/06/2022
SEL-13891;Toko Seller Sukses 13890;Yogyakarta;02/09/2021
SEL-13892;Toko Seller Sukses 13891;Medan;27/11/2021
SEL-13893;Toko Seller Sukses 13892;Cimahi;21/05/2022
SEL-13894;Toko Seller Sukses 13893;Makassar;11/11/2022
SEL-13895;Toko Seller Sukses 13894;Sidoarjo;07/01/2023
SEL-13896;Toko Seller Sukses 13895;Medan;11/06/2022
SEL-13897;Toko Seller Sukses 13896;Surabaya;12/05/2023
SEL-13898;Toko Seller Sukses 13897;Jakarta Selatan;25/05/2021
SEL-13899;Toko Seller Sukses 13898;Cimahi;23/01/2023
SEL-13900;Toko Seller Sukses 13899;Jakarta Selatan;05/08/2021
SEL-13901;Toko Seller Sukses 13900;Bandung;21/03/2022
SEL-13902;Toko Seller Sukses 13901;Sidoarjo;18/02/2022
SEL-13903;Toko Seller Sukses 13902;Yogyakarta;05/03/2023
SEL-13904;Toko Seller Sukses 13903;Yogyakarta;26/01/2023
SEL-13905;Toko Seller Sukses 13904;Yogyakarta;14/06/2021
SEL-13906;Toko Seller Sukses 13905;Makassar;02/09/2021
SEL-13907;Toko Seller Sukses 13906;Bandung;04/07/2023
SEL-13908;Toko Seller Sukses 13907;Jakarta Selatan;07/09/2021
SEL-13909;Toko Seller Sukses 13908;Yogyakarta;30/10/2021
SEL-13910;Toko Seller Sukses 13909;Sidoarjo;11/12/2021
SEL-13911;Toko Seller Sukses 13910;Makassar;10/07/2021
SEL-13912;Toko Seller Sukses 13911;Jakarta Selatan;03/05/2021
SEL-13913;Toko Seller Sukses 13912;Surabaya;27/06/2023
SEL-13914;Toko Seller Sukses 13913;Medan;22/04/2022
SEL-13915;Toko Seller Sukses 13914;Medan;15/06/2021
SEL-13916;Toko Seller Sukses 13915;Medan;26/01/2023
SEL-13917;Toko Seller Sukses 13916;Yogyakarta;07/08/2021
SEL-13918;Toko Seller Sukses 13917;Surabaya;01/07/2021
SEL-13919;Toko Seller Sukses 13918;Jakarta Selatan;03/08/2022
SEL-13920;Toko Seller Sukses 13919;Yogyakarta;03/12/2022
SEL-13921;Toko Seller Sukses 13920;Jakarta Selatan;24/05/2023
SEL-13922;Toko Seller Sukses 13921;Makassar;18/03/2023
SEL-13923;Toko Seller Sukses 13922;Bandung;07/05/2023
SEL-13924;Toko Seller Sukses 13923;Jakarta Selatan;30/07/2022
SEL-13925;Toko Seller Sukses 13924;Jakarta Pusat;20/09/2021
SEL-13926;Toko Seller Sukses 13925;Yogyakarta;10/08/2021
SEL-13927;Toko Seller Sukses 13926;Yogyakarta;29/06/2022
SEL-13928;Toko Seller Sukses 13927;Sidoarjo;08/03/2022
SEL-13929;Toko Seller Sukses 13928;Bandung;24/11/2022
SEL-13930;Toko Seller Sukses 13929;Makassar;15/10/2021
SEL-13931;Toko Seller Sukses 13930;Surabaya;17/12/2021
SEL-13932;Toko Seller Sukses 13931;Bandung;25/11/2021
SEL-13933;Toko Seller Sukses 13932;Cimahi;07/04/2022
SEL-13934;Toko Seller Sukses 13933;Bandung;04/05/2023
SEL-13935;Toko Seller Sukses 13934;Jakarta Selatan;28/06/2022
SEL-13936;Toko Seller Sukses 13935;Jakarta Selatan;11/02/2022
SEL-13937;Toko Seller Sukses 13936;Jakarta Pusat;03/10/2022
SEL-13938;Toko Seller Sukses 13937;Surabaya;22/03/2023
SEL-13939;Toko Seller Sukses 13938;Makassar;06/06/2021
SEL-13940;Toko Seller Sukses 13939;Yogyakarta;23/04/2023
SEL-13941;Toko Seller Sukses 13940;Sidoarjo;24/03/2023
SEL-13942;Toko Seller Sukses 13941;Bandung;05/12/2021
SEL-13943;Toko Seller Sukses 13942;Surabaya;23/10/2022
SEL-13944;Toko Seller Sukses 13943;Cimahi;18/06/2021
SEL-13945;Toko Seller Sukses 13944;Medan;03/03/2023
SEL-13946;Toko Seller Sukses 13945;Cimahi;22/12/2022
SEL-13947;Toko Seller Sukses 13946;Bandung;11/12/2022
SEL-13948;Toko Seller Sukses 13947;Jakarta Pusat;02/12/2021
SEL-13949;Toko Seller Sukses 13948;Makassar;11/11/2021
SEL-13950;Toko Seller Sukses 13949;Yogyakarta;08/03/2023
SEL-13951;Toko Seller Sukses 13950;Yogyakarta;04/06/2021
SEL-13952;Toko Seller Sukses 13951;Makassar;17/10/2021
SEL-13953;Toko Seller Sukses 13952;Yogyakarta;29/06/2022
SEL-13954;Toko Seller Sukses 13953;Bandung;29/04/2023
SEL-13955;Toko Seller Sukses 13954;Jakarta Pusat;02/09/2022
SEL-13956;Toko Seller Sukses 13955;Bandung;16/07/2021
SEL-13957;Toko Seller Sukses 13956;Sidoarjo;23/11/2021
SEL-13958;Toko Seller Sukses 13957;Sidoarjo;26/07/2022
SEL-13959;Toko Seller Sukses 13958;Medan;11/10/2021
SEL-13960;Toko Seller Sukses 13959;Jakarta Selatan;23/01/2022
SEL-13961;Toko Seller Sukses 13960;Jakarta Pusat;12/02/2023
SEL-13962;Toko Seller Sukses 13961;Yogyakarta;07/07/2023
SEL-13963;Toko Seller Sukses 13962;Cimahi;02/06/2023
SEL-13964;Toko Seller Sukses 13963;Sidoarjo;16/06/2021
SEL-13965;Toko Seller Sukses 13964;Jakarta Selatan;26/01/2022
SEL-13966;Toko Seller Sukses 13965;Makassar;04/07/2023
SEL-13967;Toko Seller Sukses 13966;Jakarta Pusat;16/01/2023
SEL-13968;Toko Seller Sukses 13967;Jakarta Pusat;17/07/2021
SEL-13969;Toko Seller Sukses 13968;Yogyakarta;24/01/2023
SEL-13970;Toko Seller Sukses 13969;Jakarta Pusat;12/02/2022
SEL-13971;Toko Seller Sukses 13970;Jakarta Pusat;14/04/2023
SEL-13972;Toko Seller Sukses 13971;Makassar;02/12/2022
SEL-13973;Toko Seller Sukses 13972;Makassar;18/08/2021
SEL-13974;Toko Seller Sukses 13973;Medan;17/06/2021
SEL-13975;Toko Seller Sukses 13974;Yogyakarta;30/04/2022
SEL-13976;Toko Seller Sukses 13975;Yogyakarta;13/11/2021
SEL-13977;Toko Seller Sukses 13976;Cimahi;16/03/2023
SEL-13978;Toko Seller Sukses 13977;Bandung;21/12/2022
SEL-13979;Toko Seller Sukses 13978;Medan;01/12/2022
SEL-13980;Toko Seller Sukses 13979;Medan;22/05/2021
SEL-13981;Toko Seller Sukses 13980;Jakarta Pusat;11/10/2022
SEL-13982;Toko Seller Sukses 13981;Makassar;09/07/2021
SEL-13983;Toko Seller Sukses 13982;Makassar;15/03/2023
SEL-13984;Toko Seller Sukses 13983;Makassar;03/04/2022
SEL-13985;Toko Seller Sukses 13984;Surabaya;27/02/2022
SEL-13986;Toko Seller Sukses 13985;Bandung;17/03/2023
SEL-13987;Toko Seller Sukses 13986;Makassar;05/08/2021
SEL-13988;Toko Seller Sukses 13987;Sidoarjo;06/04/2022
SEL-13989;Toko Seller Sukses 13988;Surabaya;01/05/2021
SEL-13990;Toko Seller Sukses 13989;Jakarta Selatan;16/01/2022
SEL-13991;Toko Seller Sukses 13990;Bandung;12/01/2023
SEL-13992;Toko Seller Sukses 13991;Jakarta Selatan;27/06/2022
SEL-13993;Toko Seller Sukses 13992;Bandung;31/12/2022
SEL-13994;Toko Seller Sukses 13993;Jakarta Pusat;08/06/2021
SEL-13995;Toko Seller Sukses 13994;Sidoarjo;21/06/2022
SEL-13996;Toko Seller Sukses 13995;Jakarta Selatan;27/12/2021
SEL-13997;Toko Seller Sukses 13996;Jakarta Pusat;13/05/2023
SEL-13998;Toko Seller Sukses 13997;Surabaya;18/01/2022
SEL-13999;Toko Seller Sukses 13998;Jakarta Pusat;04/05/2022
SEL-14000;Toko Seller Sukses 13999;Medan;09/11/2021
SEL-14001;Toko Seller Sukses 14000;Cimahi;04/03/2023
SEL-14002;Toko Seller Sukses 14001;Cimahi;09/12/2022
SEL-14003;Toko Seller Sukses 14002;Medan;11/11/2022
SEL-14004;Toko Seller Sukses 14003;Cimahi;09/10/2021
SEL-14005;Toko Seller Sukses 14004;Yogyakarta;30/06/2022
SEL-14006;Toko Seller Sukses 14005;Makassar;02/01/2022
SEL-14007;Toko Seller Sukses 14006;Bandung;25/09/2021
SEL-14008;Toko Seller Sukses 14007;Jakarta Pusat;01/07/2021
SEL-14009;Toko Seller Sukses 14008;Surabaya;19/08/2021
SEL-14010;Toko Seller Sukses 14009;Yogyakarta;14/01/2023
SEL-14011;Toko Seller Sukses 14010;Sidoarjo;25/03/2023
SEL-14012;Toko Seller Sukses 14011;Yogyakarta;31/12/2021
SEL-14013;Toko Seller Sukses 14012;Bandung;24/07/2022
SEL-14014;Toko Seller Sukses 14013;Yogyakarta;10/10/2022
SEL-14015;Toko Seller Sukses 14014;Makassar;26/04/2022
SEL-14016;Toko Seller Sukses 14015;Bandung;30/05/2021
SEL-14017;Toko Seller Sukses 14016;Yogyakarta;03/10/2022
SEL-14018;Toko Seller Sukses 14017;Surabaya;02/06/2021
SEL-14019;Toko Seller Sukses 14018;Yogyakarta;14/12/2021
SEL-14020;Toko Seller Sukses 14019;Medan;22/04/2022
SEL-14021;Toko Seller Sukses 14020;Yogyakarta;06/03/2022
SEL-14022;Toko Seller Sukses 14021;Sidoarjo;11/04/2023
SEL-14023;Toko Seller Sukses 14022;Bandung;04/03/2022
SEL-14024;Toko Seller Sukses 14023;Makassar;22/12/2022
SEL-14025;Toko Seller Sukses 14024;Medan;30/09/2022
SEL-14026;Toko Seller Sukses 14025;Makassar;16/12/2021
SEL-14027;Toko Seller Sukses 14026;Cimahi;17/01/2022
SEL-14028;Toko Seller Sukses 14027;Makassar;17/02/2022
SEL-14029;Toko Seller Sukses 14028;Makassar;14/10/2022
SEL-14030;Toko Seller Sukses 14029;Jakarta Selatan;03/03/2022
SEL-14031;Toko Seller Sukses 14030;Medan;20/10/2021
SEL-14032;Toko Seller Sukses 14031;Medan;25/01/2022
SEL-14033;Toko Seller Sukses 14032;Yogyakarta;18/03/2023
SEL-14034;Toko Seller Sukses 14033;Jakarta Selatan;16/09/2021
SEL-14035;Toko Seller Sukses 14034;Makassar;12/07/2021
SEL-14036;Toko Seller Sukses 14035;Makassar;14/11/2021
SEL-14037;Toko Seller Sukses 14036;Medan;18/05/2021
SEL-14038;Toko Seller Sukses 14037;Yogyakarta;23/06/2022
SEL-14039;Toko Seller Sukses 14038;Yogyakarta;06/06/2023
SEL-14040;Toko Seller Sukses 14039;Cimahi;13/12/2021
SEL-14041;Toko Seller Sukses 14040;Bandung;16/07/2022
SEL-14042;Toko Seller Sukses 14041;Jakarta Pusat;18/05/2023
SEL-14043;Toko Seller Sukses 14042;Sidoarjo;05/10/2022
SEL-14044;Toko Seller Sukses 14043;Yogyakarta;27/08/2022
SEL-14045;Toko Seller Sukses 14044;Jakarta Selatan;24/06/2023
SEL-14046;Toko Seller Sukses 14045;Yogyakarta;13/01/2022
SEL-14047;Toko Seller Sukses 14046;Yogyakarta;19/10/2022
SEL-14048;Toko Seller Sukses 14047;Sidoarjo;20/07/2021
SEL-14049;Toko Seller Sukses 14048;Jakarta Selatan;21/09/2022
SEL-14050;Toko Seller Sukses 14049;Surabaya;14/05/2022
SEL-14051;Toko Seller Sukses 14050;Jakarta Pusat;06/01/2022
SEL-14052;Toko Seller Sukses 14051;Surabaya;13/05/2023
SEL-14053;Toko Seller Sukses 14052;Medan;20/06/2021
SEL-14054;Toko Seller Sukses 14053;Makassar;10/01/2023
SEL-14055;Toko Seller Sukses 14054;Jakarta Selatan;09/07/2021
SEL-14056;Toko Seller Sukses 14055;Jakarta Selatan;18/08/2021
SEL-14057;Toko Seller Sukses 14056;Jakarta Pusat;01/07/2021
SEL-14058;Toko Seller Sukses 14057;Yogyakarta;21/07/2022
SEL-14059;Toko Seller Sukses 14058;Cimahi;23/06/2023
SEL-14060;Toko Seller Sukses 14059;Makassar;10/01/2023
SEL-14061;Toko Seller Sukses 14060;Yogyakarta;22/09/2022
SEL-14062;Toko Seller Sukses 14061;Sidoarjo;10/12/2022
SEL-14063;Toko Seller Sukses 14062;Medan;09/03/2022
SEL-14064;Toko Seller Sukses 14063;Jakarta Selatan;07/12/2021
SEL-14065;Toko Seller Sukses 14064;Bandung;28/06/2021
SEL-14066;Toko Seller Sukses 14065;Yogyakarta;19/03/2022
SEL-14067;Toko Seller Sukses 14066;Medan;29/12/2022
SEL-14068;Toko Seller Sukses 14067;Surabaya;23/01/2023
SEL-14069;Toko Seller Sukses 14068;Medan;22/05/2021
SEL-14070;Toko Seller Sukses 14069;Medan;24/01/2023
SEL-14071;Toko Seller Sukses 14070;Bandung;21/04/2022
SEL-14072;Toko Seller Sukses 14071;Jakarta Pusat;18/07/2022
SEL-14073;Toko Seller Sukses 14072;Jakarta Pusat;30/06/2023
SEL-14074;Toko Seller Sukses 14073;Jakarta Selatan;31/08/2022
SEL-14075;Toko Seller Sukses 14074;Surabaya;01/08/2021
SEL-14076;Toko Seller Sukses 14075;Makassar;12/05/2023
SEL-14077;Toko Seller Sukses 14076;Medan;26/03/2022
SEL-14078;Toko Seller Sukses 14077;Yogyakarta;19/05/2022
SEL-14079;Toko Seller Sukses 14078;Cimahi;09/01/2023
SEL-14080;Toko Seller Sukses 14079;Bandung;25/06/2022
SEL-14081;Toko Seller Sukses 14080;Bandung;16/08/2021
SEL-14082;Toko Seller Sukses 14081;Jakarta Selatan;25/12/2021
SEL-14083;Toko Seller Sukses 14082;Jakarta Selatan;08/08/2021
SEL-14084;Toko Seller Sukses 14083;Sidoarjo;07/05/2021
SEL-14085;Toko Seller Sukses 14084;Jakarta Selatan;26/04/2022
SEL-14086;Toko Seller Sukses 14085;Makassar;30/01/2022
SEL-14087;Toko Seller Sukses 14086;Surabaya;20/06/2021
SEL-14088;Toko Seller Sukses 14087;Makassar;17/07/2021
SEL-14089;Toko Seller Sukses 14088;Surabaya;26/04/2022
SEL-14090;Toko Seller Sukses 14089;Sidoarjo;21/06/2021
SEL-14091;Toko Seller Sukses 14090;Makassar;08/02/2023
SEL-14092;Toko Seller Sukses 14091;Medan;05/11/2022
SEL-14093;Toko Seller Sukses 14092;Bandung;08/08/2021
SEL-14094;Toko Seller Sukses 14093;Medan;18/12/2022
SEL-14095;Toko Seller Sukses 14094;Medan;08/11/2021
SEL-14096;Toko Seller Sukses 14095;Medan;14/02/2022
SEL-14097;Toko Seller Sukses 14096;Jakarta Pusat;05/01/2022
SEL-14098;Toko Seller Sukses 14097;Surabaya;17/06/2022
SEL-14099;Toko Seller Sukses 14098;Surabaya;08/10/2021
SEL-14100;Toko Seller Sukses 14099;Surabaya;03/06/2023
SEL-14101;Toko Seller Sukses 14100;Jakarta Pusat;26/06/2022
SEL-14102;Toko Seller Sukses 14101;Sidoarjo;24/05/2022
SEL-14103;Toko Seller Sukses 14102;Jakarta Pusat;31/03/2022
SEL-14104;Toko Seller Sukses 14103;Bandung;18/09/2022
SEL-14105;Toko Seller Sukses 14104;Cimahi;16/02/2023
SEL-14106;Toko Seller Sukses 14105;Sidoarjo;19/03/2022
SEL-14107;Toko Seller Sukses 14106;Cimahi;15/04/2023
SEL-14108;Toko Seller Sukses 14107;Yogyakarta;01/10/2022
SEL-14109;Toko Seller Sukses 14108;Sidoarjo;28/05/2023
SEL-14110;Toko Seller Sukses 14109;Yogyakarta;02/09/2022
SEL-14111;Toko Seller Sukses 14110;Yogyakarta;03/07/2021
SEL-14112;Toko Seller Sukses 14111;Surabaya;01/09/2022
SEL-14113;Toko Seller Sukses 14112;Sidoarjo;19/07/2022
SEL-14114;Toko Seller Sukses 14113;Jakarta Selatan;22/09/2022
SEL-14115;Toko Seller Sukses 14114;Surabaya;11/10/2022
SEL-14116;Toko Seller Sukses 14115;Jakarta Pusat;10/01/2022
SEL-14117;Toko Seller Sukses 14116;Jakarta Selatan;13/01/2023
SEL-14118;Toko Seller Sukses 14117;Cimahi;14/02/2022
SEL-14119;Toko Seller Sukses 14118;Medan;10/09/2022
SEL-14120;Toko Seller Sukses 14119;Bandung;18/03/2022
SEL-14121;Toko Seller Sukses 14120;Sidoarjo;25/04/2022
SEL-14122;Toko Seller Sukses 14121;Sidoarjo;05/06/2023
SEL-14123;Toko Seller Sukses 14122;Medan;02/07/2021
SEL-14124;Toko Seller Sukses 14123;Medan;24/03/2022
SEL-14125;Toko Seller Sukses 14124;Jakarta Pusat;09/09/2021
SEL-14126;Toko Seller Sukses 14125;Makassar;28/10/2021
SEL-14127;Toko Seller Sukses 14126;Bandung;01/05/2023
SEL-14128;Toko Seller Sukses 14127;Jakarta Pusat;23/10/2022
SEL-14129;Toko Seller Sukses 14128;Cimahi;19/11/2021
SEL-14130;Toko Seller Sukses 14129;Makassar;29/10/2022
SEL-14131;Toko Seller Sukses 14130;Medan;04/05/2022
SEL-14132;Toko Seller Sukses 14131;Makassar;09/08/2021
SEL-14133;Toko Seller Sukses 14132;Sidoarjo;07/09/2021
SEL-14134;Toko Seller Sukses 14133;Makassar;22/01/2022
SEL-14135;Toko Seller Sukses 14134;Jakarta Pusat;27/06/2022
SEL-14136;Toko Seller Sukses 14135;Jakarta Pusat;06/07/2021
SEL-14137;Toko Seller Sukses 14136;Bandung;26/05/2022
SEL-14138;Toko Seller Sukses 14137;Cimahi;15/02/2023
SEL-14139;Toko Seller Sukses 14138;Jakarta Selatan;28/03/2023
SEL-14140;Toko Seller Sukses 14139;Makassar;02/12/2021
SEL-14141;Toko Seller Sukses 14140;Bandung;30/03/2022
SEL-14142;Toko Seller Sukses 14141;Jakarta Pusat;20/07/2022
SEL-14143;Toko Seller Sukses 14142;Jakarta Selatan;03/05/2023
SEL-14144;Toko Seller Sukses 14143;Medan;18/03/2023
SEL-14145;Toko Seller Sukses 14144;Jakarta Pusat;12/11/2022
SEL-14146;Toko Seller Sukses 14145;Cimahi;11/02/2022
SEL-14147;Toko Seller Sukses 14146;Makassar;01/03/2022
SEL-14148;Toko Seller Sukses 14147;Cimahi;03/06/2022
SEL-14149;Toko Seller Sukses 14148;Sidoarjo;26/11/2022
SEL-14150;Toko Seller Sukses 14149;Bandung;13/11/2022
SEL-14151;Toko Seller Sukses 14150;Sidoarjo;28/03/2023
SEL-14152;Toko Seller Sukses 14151;Makassar;04/06/2021
SEL-14153;Toko Seller Sukses 14152;Yogyakarta;05/05/2022
SEL-14154;Toko Seller Sukses 14153;Bandung;30/12/2021
SEL-14155;Toko Seller Sukses 14154;Bandung;07/03/2023
SEL-14156;Toko Seller Sukses 14155;Sidoarjo;10/05/2023
SEL-14157;Toko Seller Sukses 14156;Yogyakarta;04/03/2022
SEL-14158;Toko Seller Sukses 14157;Cimahi;16/01/2023
SEL-14159;Toko Seller Sukses 14158;Bandung;11/10/2022
SEL-14160;Toko Seller Sukses 14159;Bandung;11/09/2022
SEL-14161;Toko Seller Sukses 14160;Makassar;12/07/2021
SEL-14162;Toko Seller Sukses 14161;Jakarta Pusat;06/07/2023
SEL-14163;Toko Seller Sukses 14162;Makassar;27/06/2021
SEL-14164;Toko Seller Sukses 14163;Sidoarjo;08/12/2022
SEL-14165;Toko Seller Sukses 14164;Bandung;31/10/2022
SEL-14166;Toko Seller Sukses 14165;Yogyakarta;15/07/2021
SEL-14167;Toko Seller Sukses 14166;Surabaya;06/06/2023
SEL-14168;Toko Seller Sukses 14167;Yogyakarta;01/06/2022
SEL-14169;Toko Seller Sukses 14168;Surabaya;17/03/2022
SEL-14170;Toko Seller Sukses 14169;Jakarta Selatan;29/12/2022
SEL-14171;Toko Seller Sukses 14170;Cimahi;11/05/2022
SEL-14172;Toko Seller Sukses 14171;Yogyakarta;15/02/2023
SEL-14173;Toko Seller Sukses 14172;Surabaya;10/12/2022
SEL-14174;Toko Seller Sukses 14173;Medan;29/07/2021
SEL-14175;Toko Seller Sukses 14174;Cimahi;13/06/2021
SEL-14176;Toko Seller Sukses 14175;Jakarta Selatan;20/09/2022
SEL-14177;Toko Seller Sukses 14176;Makassar;27/01/2023
SEL-14178;Toko Seller Sukses 14177;Cimahi;05/11/2021
SEL-14179;Toko Seller Sukses 14178;Jakarta Selatan;25/03/2022
SEL-14180;Toko Seller Sukses 14179;Cimahi;12/12/2021
SEL-14181;Toko Seller Sukses 14180;Jakarta Pusat;04/06/2022
SEL-14182;Toko Seller Sukses 14181;Bandung;20/12/2022
SEL-14183;Toko Seller Sukses 14182;Sidoarjo;04/01/2023
SEL-14184;Toko Seller Sukses 14183;Surabaya;30/05/2022
SEL-14185;Toko Seller Sukses 14184;Yogyakarta;19/11/2021
SEL-14186;Toko Seller Sukses 14185;Cimahi;23/11/2022
SEL-14187;Toko Seller Sukses 14186;Cimahi;14/02/2023
SEL-14188;Toko Seller Sukses 14187;Sidoarjo;21/02/2022
SEL-14189;Toko Seller Sukses 14188;Bandung;05/09/2022
SEL-14190;Toko Seller Sukses 14189;Surabaya;20/12/2022
SEL-14191;Toko Seller Sukses 14190;Jakarta Selatan;13/06/2023
SEL-14192;Toko Seller Sukses 14191;Yogyakarta;26/01/2022
SEL-14193;Toko Seller Sukses 14192;Sidoarjo;02/06/2022
SEL-14194;Toko Seller Sukses 14193;Surabaya;30/10/2022
SEL-14195;Toko Seller Sukses 14194;Sidoarjo;26/04/2023
SEL-14196;Toko Seller Sukses 14195;Yogyakarta;21/08/2021
SEL-14197;Toko Seller Sukses 14196;Makassar;19/12/2022
SEL-14198;Toko Seller Sukses 14197;Jakarta Selatan;11/04/2023
SEL-14199;Toko Seller Sukses 14198;Medan;15/05/2023
SEL-14200;Toko Seller Sukses 14199;Bandung;17/12/2022
SEL-14201;Toko Seller Sukses 14200;Jakarta Selatan;01/03/2022
SEL-14202;Toko Seller Sukses 14201;Jakarta Selatan;05/04/2022
SEL-14203;Toko Seller Sukses 14202;Makassar;28/05/2023
SEL-14204;Toko Seller Sukses 14203;Cimahi;04/07/2021
SEL-14205;Toko Seller Sukses 14204;Surabaya;03/01/2023
SEL-14206;Toko Seller Sukses 14205;Makassar;25/06/2023
SEL-14207;Toko Seller Sukses 14206;Sidoarjo;09/02/2022
SEL-14208;Toko Seller Sukses 14207;Jakarta Selatan;10/10/2022
SEL-14209;Toko Seller Sukses 14208;Surabaya;11/10/2021
SEL-14210;Toko Seller Sukses 14209;Jakarta Pusat;12/07/2022
SEL-14211;Toko Seller Sukses 14210;Medan;13/10/2022
SEL-14212;Toko Seller Sukses 14211;Cimahi;09/08/2021
SEL-14213;Toko Seller Sukses 14212;Jakarta Pusat;27/12/2022
SEL-14214;Toko Seller Sukses 14213;Sidoarjo;07/06/2023
SEL-14215;Toko Seller Sukses 14214;Medan;23/03/2023
SEL-14216;Toko Seller Sukses 14215;Yogyakarta;22/06/2022
SEL-14217;Toko Seller Sukses 14216;Jakarta Selatan;31/08/2021
SEL-14218;Toko Seller Sukses 14217;Jakarta Pusat;14/04/2022
SEL-14219;Toko Seller Sukses 14218;Makassar;31/01/2023
SEL-14220;Toko Seller Sukses 14219;Sidoarjo;13/03/2022
SEL-14221;Toko Seller Sukses 14220;Makassar;04/09/2021
SEL-14222;Toko Seller Sukses 14221;Jakarta Pusat;25/01/2023
SEL-14223;Toko Seller Sukses 14222;Jakarta Selatan;14/04/2022
SEL-14224;Toko Seller Sukses 14223;Medan;13/05/2023
SEL-14225;Toko Seller Sukses 14224;Bandung;27/02/2023
SEL-14226;Toko Seller Sukses 14225;Yogyakarta;02/12/2022
SEL-14227;Toko Seller Sukses 14226;Jakarta Pusat;11/10/2021
SEL-14228;Toko Seller Sukses 14227;Cimahi;05/05/2021
SEL-14229;Toko Seller Sukses 14228;Jakarta Pusat;05/05/2022
SEL-14230;Toko Seller Sukses 14229;Cimahi;26/04/2023
SEL-14231;Toko Seller Sukses 14230;Bandung;04/10/2021
SEL-14232;Toko Seller Sukses 14231;Bandung;31/10/2022
SEL-14233;Toko Seller Sukses 14232;Medan;01/03/2023
SEL-14234;Toko Seller Sukses 14233;Cimahi;06/04/2023
SEL-14235;Toko Seller Sukses 14234;Jakarta Selatan;19/05/2022
SEL-14236;Toko Seller Sukses 14235;Yogyakarta;16/06/2021
SEL-14237;Toko Seller Sukses 14236;Jakarta Pusat;30/11/2022
SEL-14238;Toko Seller Sukses 14237;Medan;26/04/2023
SEL-14239;Toko Seller Sukses 14238;Medan;22/10/2021
SEL-14240;Toko Seller Sukses 14239;Medan;27/05/2021
SEL-14241;Toko Seller Sukses 14240;Jakarta Pusat;10/12/2022
SEL-14242;Toko Seller Sukses 14241;Cimahi;31/10/2021
SEL-14243;Toko Seller Sukses 14242;Yogyakarta;20/05/2023
SEL-14244;Toko Seller Sukses 14243;Makassar;04/02/2023
SEL-14245;Toko Seller Sukses 14244;Medan;02/04/2023
SEL-14246;Toko Seller Sukses 14245;Bandung;11/06/2021
SEL-14247;Toko Seller Sukses 14246;Cimahi;23/04/2022
SEL-14248;Toko Seller Sukses 14247;Yogyakarta;12/09/2021
SEL-14249;Toko Seller Sukses 14248;Medan;21/04/2023
SEL-14250;Toko Seller Sukses 14249;Medan;17/11/2022
SEL-14251;Toko Seller Sukses 14250;Jakarta Selatan;06/12/2022
SEL-14252;Toko Seller Sukses 14251;Jakarta Pusat;28/03/2023
SEL-14253;Toko Seller Sukses 14252;Surabaya;07/05/2021
SEL-14254;Toko Seller Sukses 14253;Jakarta Pusat;13/04/2022
SEL-14255;Toko Seller Sukses 14254;Jakarta Pusat;13/03/2023
SEL-14256;Toko Seller Sukses 14255;Jakarta Pusat;28/05/2021
SEL-14257;Toko Seller Sukses 14256;Makassar;08/03/2023
SEL-14258;Toko Seller Sukses 14257;Surabaya;22/03/2022
SEL-14259;Toko Seller Sukses 14258;Jakarta Pusat;23/08/2022
SEL-14260;Toko Seller Sukses 14259;Cimahi;07/04/2022
SEL-14261;Toko Seller Sukses 14260;Bandung;29/06/2023
SEL-14262;Toko Seller Sukses 14261;Makassar;15/07/2021
SEL-14263;Toko Seller Sukses 14262;Jakarta Selatan;23/07/2021
SEL-14264;Toko Seller Sukses 14263;Medan;26/09/2021
SEL-14265;Toko Seller Sukses 14264;Jakarta Pusat;30/05/2022
SEL-14266;Toko Seller Sukses 14265;Jakarta Pusat;09/06/2023
SEL-14267;Toko Seller Sukses 14266;Medan;03/02/2023
SEL-14268;Toko Seller Sukses 14267;Makassar;22/10/2022
SEL-14269;Toko Seller Sukses 14268;Sidoarjo;30/03/2022
SEL-14270;Toko Seller Sukses 14269;Makassar;08/01/2022
SEL-14271;Toko Seller Sukses 14270;Jakarta Pusat;17/07/2022
SEL-14272;Toko Seller Sukses 14271;Surabaya;24/01/2023
SEL-14273;Toko Seller Sukses 14272;Sidoarjo;27/04/2022
SEL-14274;Toko Seller Sukses 14273;Yogyakarta;09/03/2023
SEL-14275;Toko Seller Sukses 14274;Jakarta Selatan;20/10/2021
SEL-14276;Toko Seller Sukses 14275;Bandung;15/06/2023
SEL-14277;Toko Seller Sukses 14276;Jakarta Selatan;01/06/2023
SEL-14278;Toko Seller Sukses 14277;Sidoarjo;24/05/2021
SEL-14279;Toko Seller Sukses 14278;Makassar;19/01/2022
SEL-14280;Toko Seller Sukses 14279;Jakarta Pusat;14/10/2021
SEL-14281;Toko Seller Sukses 14280;Jakarta Selatan;27/03/2023
SEL-14282;Toko Seller Sukses 14281;Jakarta Selatan;22/01/2023
SEL-14283;Toko Seller Sukses 14282;Yogyakarta;08/04/2022
SEL-14284;Toko Seller Sukses 14283;Makassar;16/04/2022
SEL-14285;Toko Seller Sukses 14284;Surabaya;10/08/2021
SEL-14286;Toko Seller Sukses 14285;Sidoarjo;23/08/2022
SEL-14287;Toko Seller Sukses 14286;Surabaya;26/07/2022
SEL-14288;Toko Seller Sukses 14287;Surabaya;21/02/2022
SEL-14289;Toko Seller Sukses 14288;Makassar;26/04/2023
SEL-14290;Toko Seller Sukses 14289;Sidoarjo;02/04/2023
SEL-14291;Toko Seller Sukses 14290;Sidoarjo;29/07/2021
SEL-14292;Toko Seller Sukses 14291;Jakarta Pusat;16/03/2023
SEL-14293;Toko Seller Sukses 14292;Bandung;29/10/2022
SEL-14294;Toko Seller Sukses 14293;Sidoarjo;31/10/2021
SEL-14295;Toko Seller Sukses 14294;Jakarta Selatan;29/12/2022
SEL-14296;Toko Seller Sukses 14295;Medan;24/10/2022
SEL-14297;Toko Seller Sukses 14296;Bandung;01/06/2022
SEL-14298;Toko Seller Sukses 14297;Bandung;19/10/2021
SEL-14299;Toko Seller Sukses 14298;Sidoarjo;08/12/2021
SEL-14300;Toko Seller Sukses 14299;Yogyakarta;08/07/2022
SEL-14301;Toko Seller Sukses 14300;Jakarta Selatan;13/04/2022
SEL-14302;Toko Seller Sukses 14301;Cimahi;02/12/2022
SEL-14303;Toko Seller Sukses 14302;Surabaya;08/08/2021
SEL-14304;Toko Seller Sukses 14303;Jakarta Selatan;19/12/2022
SEL-14305;Toko Seller Sukses 14304;Jakarta Selatan;06/04/2023
SEL-14306;Toko Seller Sukses 14305;Surabaya;13/12/2021
SEL-14307;Toko Seller Sukses 14306;Bandung;03/07/2023
SEL-14308;Toko Seller Sukses 14307;Medan;13/10/2021
SEL-14309;Toko Seller Sukses 14308;Bandung;06/03/2023
SEL-14310;Toko Seller Sukses 14309;Bandung;19/06/2021
SEL-14311;Toko Seller Sukses 14310;Makassar;02/02/2023
SEL-14312;Toko Seller Sukses 14311;Makassar;29/10/2021
SEL-14313;Toko Seller Sukses 14312;Surabaya;24/06/2022
SEL-14314;Toko Seller Sukses 14313;Makassar;12/05/2023
SEL-14315;Toko Seller Sukses 14314;Bandung;05/08/2022
SEL-14316;Toko Seller Sukses 14315;Sidoarjo;10/04/2023
SEL-14317;Toko Seller Sukses 14316;Surabaya;15/06/2023
SEL-14318;Toko Seller Sukses 14317;Jakarta Selatan;08/06/2022
SEL-14319;Toko Seller Sukses 14318;Cimahi;13/05/2023
SEL-14320;Toko Seller Sukses 14319;Makassar;04/02/2022
SEL-14321;Toko Seller Sukses 14320;Jakarta Pusat;08/06/2022
SEL-14322;Toko Seller Sukses 14321;Surabaya;12/03/2023
SEL-14323;Toko Seller Sukses 14322;Surabaya;08/12/2022
SEL-14324;Toko Seller Sukses 14323;Surabaya;25/01/2022
SEL-14325;Toko Seller Sukses 14324;Jakarta Pusat;14/07/2021
SEL-14326;Toko Seller Sukses 14325;Surabaya;01/07/2021
SEL-14327;Toko Seller Sukses 14326;Surabaya;09/03/2023
SEL-14328;Toko Seller Sukses 14327;Makassar;31/01/2023
SEL-14329;Toko Seller Sukses 14328;Surabaya;11/03/2022
SEL-14330;Toko Seller Sukses 14329;Cimahi;24/07/2022
SEL-14331;Toko Seller Sukses 14330;Medan;30/05/2022
SEL-14332;Toko Seller Sukses 14331;Jakarta Selatan;25/04/2023
SEL-14333;Toko Seller Sukses 14332;Yogyakarta;08/09/2021
SEL-14334;Toko Seller Sukses 14333;Bandung;23/03/2023
SEL-14335;Toko Seller Sukses 14334;Makassar;08/06/2023
SEL-14336;Toko Seller Sukses 14335;Yogyakarta;29/08/2022
SEL-14337;Toko Seller Sukses 14336;Yogyakarta;06/06/2023
SEL-14338;Toko Seller Sukses 14337;Jakarta Selatan;30/12/2021
SEL-14339;Toko Seller Sukses 14338;Surabaya;07/08/2022
SEL-14340;Toko Seller Sukses 14339;Surabaya;22/05/2021
SEL-14341;Toko Seller Sukses 14340;Sidoarjo;05/01/2022
SEL-14342;Toko Seller Sukses 14341;Medan;29/01/2023
SEL-14343;Toko Seller Sukses 14342;Sidoarjo;09/09/2022
SEL-14344;Toko Seller Sukses 14343;Medan;19/10/2021
SEL-14345;Toko Seller Sukses 14344;Jakarta Selatan;17/03/2022
SEL-14346;Toko Seller Sukses 14345;Surabaya;08/02/2023
SEL-14347;Toko Seller Sukses 14346;Jakarta Pusat;26/03/2023
SEL-14348;Toko Seller Sukses 14347;Jakarta Pusat;12/10/2021
SEL-14349;Toko Seller Sukses 14348;Yogyakarta;13/04/2022
SEL-14350;Toko Seller Sukses 14349;Makassar;20/05/2022
SEL-14351;Toko Seller Sukses 14350;Jakarta Pusat;04/01/2022
SEL-14352;Toko Seller Sukses 14351;Bandung;28/05/2021
SEL-14353;Toko Seller Sukses 14352;Cimahi;13/07/2021
SEL-14354;Toko Seller Sukses 14353;Bandung;17/10/2021
SEL-14355;Toko Seller Sukses 14354;Surabaya;14/12/2021
SEL-14356;Toko Seller Sukses 14355;Makassar;18/06/2022
SEL-14357;Toko Seller Sukses 14356;Yogyakarta;05/05/2021
SEL-14358;Toko Seller Sukses 14357;Medan;19/07/2022
SEL-14359;Toko Seller Sukses 14358;Jakarta Pusat;04/10/2021
SEL-14360;Toko Seller Sukses 14359;Sidoarjo;04/01/2023
SEL-14361;Toko Seller Sukses 14360;Sidoarjo;21/03/2023
SEL-14362;Toko Seller Sukses 14361;Yogyakarta;10/05/2023
SEL-14363;Toko Seller Sukses 14362;Medan;18/08/2021
SEL-14364;Toko Seller Sukses 14363;Makassar;01/01/2022
SEL-14365;Toko Seller Sukses 14364;Surabaya;26/11/2021
SEL-14366;Toko Seller Sukses 14365;Medan;02/02/2023
SEL-14367;Toko Seller Sukses 14366;Medan;03/03/2022
SEL-14368;Toko Seller Sukses 14367;Surabaya;18/03/2022
SEL-14369;Toko Seller Sukses 14368;Jakarta Pusat;09/12/2022
SEL-14370;Toko Seller Sukses 14369;Cimahi;23/09/2021
SEL-14371;Toko Seller Sukses 14370;Jakarta Selatan;11/01/2023
SEL-14372;Toko Seller Sukses 14371;Sidoarjo;03/07/2023
SEL-14373;Toko Seller Sukses 14372;Surabaya;26/11/2021
SEL-14374;Toko Seller Sukses 14373;Cimahi;03/12/2022
SEL-14375;Toko Seller Sukses 14374;Medan;25/02/2022
SEL-14376;Toko Seller Sukses 14375;Sidoarjo;23/09/2021
SEL-14377;Toko Seller Sukses 14376;Yogyakarta;08/07/2022
SEL-14378;Toko Seller Sukses 14377;Jakarta Pusat;14/01/2022
SEL-14379;Toko Seller Sukses 14378;Cimahi;11/02/2022
SEL-14380;Toko Seller Sukses 14379;Cimahi;07/07/2023
SEL-14381;Toko Seller Sukses 14380;Sidoarjo;20/02/2023
SEL-14382;Toko Seller Sukses 14381;Sidoarjo;15/10/2021
SEL-14383;Toko Seller Sukses 14382;Jakarta Pusat;21/06/2023
SEL-14384;Toko Seller Sukses 14383;Surabaya;27/05/2021
SEL-14385;Toko Seller Sukses 14384;Bandung;27/01/2022
SEL-14386;Toko Seller Sukses 14385;Bandung;11/08/2022
SEL-14387;Toko Seller Sukses 14386;Surabaya;12/11/2022
SEL-14388;Toko Seller Sukses 14387;Cimahi;04/09/2022
SEL-14389;Toko Seller Sukses 14388;Makassar;04/04/2023
SEL-14390;Toko Seller Sukses 14389;Jakarta Selatan;01/04/2022
SEL-14391;Toko Seller Sukses 14390;Yogyakarta;30/05/2022
SEL-14392;Toko Seller Sukses 14391;Bandung;08/06/2022
SEL-14393;Toko Seller Sukses 14392;Yogyakarta;23/05/2023
SEL-14394;Toko Seller Sukses 14393;Bandung;19/04/2022
SEL-14395;Toko Seller Sukses 14394;Jakarta Pusat;15/09/2022
SEL-14396;Toko Seller Sukses 14395;Medan;07/06/2021
SEL-14397;Toko Seller Sukses 14396;Yogyakarta;04/09/2021
SEL-14398;Toko Seller Sukses 14397;Jakarta Selatan;05/07/2021
SEL-14399;Toko Seller Sukses 14398;Makassar;20/05/2023
SEL-14400;Toko Seller Sukses 14399;Jakarta Pusat;28/04/2022
SEL-14401;Toko Seller Sukses 14400;Yogyakarta;06/06/2023
SEL-14402;Toko Seller Sukses 14401;Medan;12/05/2021
SEL-14403;Toko Seller Sukses 14402;Surabaya;02/12/2022
SEL-14404;Toko Seller Sukses 14403;Jakarta Selatan;02/05/2022
SEL-14405;Toko Seller Sukses 14404;Jakarta Pusat;08/03/2023
SEL-14406;Toko Seller Sukses 14405;Jakarta Pusat;04/05/2022
SEL-14407;Toko Seller Sukses 14406;Surabaya;07/10/2022
SEL-14408;Toko Seller Sukses 14407;Surabaya;08/03/2023
SEL-14409;Toko Seller Sukses 14408;Cimahi;27/12/2021
SEL-14410;Toko Seller Sukses 14409;Medan;15/02/2023
SEL-14411;Toko Seller Sukses 14410;Yogyakarta;23/10/2021
SEL-14412;Toko Seller Sukses 14411;Cimahi;18/11/2022
SEL-14413;Toko Seller Sukses 14412;Bandung;15/07/2021
SEL-14414;Toko Seller Sukses 14413;Cimahi;29/11/2022
SEL-14415;Toko Seller Sukses 14414;Bandung;16/07/2021
SEL-14416;Toko Seller Sukses 14415;Yogyakarta;12/06/2023
SEL-14417;Toko Seller Sukses 14416;Makassar;13/04/2023
SEL-14418;Toko Seller Sukses 14417;Yogyakarta;11/01/2023
SEL-14419;Toko Seller Sukses 14418;Surabaya;03/06/2023
SEL-14420;Toko Seller Sukses 14419;Cimahi;21/05/2021
SEL-14421;Toko Seller Sukses 14420;Surabaya;23/10/2021
SEL-14422;Toko Seller Sukses 14421;Medan;20/12/2022
SEL-14423;Toko Seller Sukses 14422;Sidoarjo;05/06/2022
SEL-14424;Toko Seller Sukses 14423;Jakarta Selatan;22/10/2021
SEL-14425;Toko Seller Sukses 14424;Cimahi;19/02/2022
SEL-14426;Toko Seller Sukses 14425;Bandung;19/07/2022
SEL-14427;Toko Seller Sukses 14426;Makassar;09/10/2022
SEL-14428;Toko Seller Sukses 14427;Surabaya;11/05/2022
SEL-14429;Toko Seller Sukses 14428;Medan;14/06/2021
SEL-14430;Toko Seller Sukses 14429;Makassar;23/01/2022
SEL-14431;Toko Seller Sukses 14430;Bandung;11/03/2023
SEL-14432;Toko Seller Sukses 14431;Yogyakarta;30/07/2022
SEL-14433;Toko Seller Sukses 14432;Makassar;28/05/2022
SEL-14434;Toko Seller Sukses 14433;Surabaya;16/11/2022
SEL-14435;Toko Seller Sukses 14434;Makassar;09/05/2023
SEL-14436;Toko Seller Sukses 14435;Surabaya;14/09/2021
SEL-14437;Toko Seller Sukses 14436;Bandung;12/04/2022
SEL-14438;Toko Seller Sukses 14437;Surabaya;15/12/2021
SEL-14439;Toko Seller Sukses 14438;Jakarta Selatan;09/01/2022
SEL-14440;Toko Seller Sukses 14439;Makassar;31/05/2021
SEL-14441;Toko Seller Sukses 14440;Cimahi;31/01/2023
SEL-14442;Toko Seller Sukses 14441;Sidoarjo;14/01/2023
SEL-14443;Toko Seller Sukses 14442;Jakarta Selatan;17/08/2022
SEL-14444;Toko Seller Sukses 14443;Bandung;26/11/2021
SEL-14445;Toko Seller Sukses 14444;Cimahi;22/03/2022
SEL-14446;Toko Seller Sukses 14445;Surabaya;03/03/2023
SEL-14447;Toko Seller Sukses 14446;Bandung;30/03/2023
SEL-14448;Toko Seller Sukses 14447;Yogyakarta;27/08/2021
SEL-14449;Toko Seller Sukses 14448;Jakarta Pusat;04/06/2022
SEL-14450;Toko Seller Sukses 14449;Jakarta Selatan;03/05/2022
SEL-14451;Toko Seller Sukses 14450;Surabaya;17/04/2022
SEL-14452;Toko Seller Sukses 14451;Cimahi;04/04/2023
SEL-14453;Toko Seller Sukses 14452;Makassar;03/09/2022
SEL-14454;Toko Seller Sukses 14453;Surabaya;05/01/2023
SEL-14455;Toko Seller Sukses 14454;Jakarta Selatan;25/12/2021
SEL-14456;Toko Seller Sukses 14455;Cimahi;08/01/2022
SEL-14457;Toko Seller Sukses 14456;Yogyakarta;22/10/2021
SEL-14458;Toko Seller Sukses 14457;Yogyakarta;13/08/2022
SEL-14459;Toko Seller Sukses 14458;Bandung;07/04/2022
SEL-14460;Toko Seller Sukses 14459;Makassar;25/11/2021
SEL-14461;Toko Seller Sukses 14460;Jakarta Selatan;19/01/2023
SEL-14462;Toko Seller Sukses 14461;Bandung;28/04/2022
SEL-14463;Toko Seller Sukses 14462;Bandung;05/10/2022
SEL-14464;Toko Seller Sukses 14463;Jakarta Pusat;29/06/2022
SEL-14465;Toko Seller Sukses 14464;Yogyakarta;10/05/2021
SEL-14466;Toko Seller Sukses 14465;Yogyakarta;24/01/2022
SEL-14467;Toko Seller Sukses 14466;Jakarta Pusat;02/12/2022
SEL-14468;Toko Seller Sukses 14467;Medan;14/06/2023
SEL-14469;Toko Seller Sukses 14468;Sidoarjo;18/10/2022
SEL-14470;Toko Seller Sukses 14469;Jakarta Selatan;30/09/2022
SEL-14471;Toko Seller Sukses 14470;Bandung;15/12/2021
SEL-14472;Toko Seller Sukses 14471;Makassar;05/10/2022
SEL-14473;Toko Seller Sukses 14472;Medan;29/01/2022
SEL-14474;Toko Seller Sukses 14473;Jakarta Selatan;17/12/2021
SEL-14475;Toko Seller Sukses 14474;Jakarta Selatan;02/07/2023
SEL-14476;Toko Seller Sukses 14475;Yogyakarta;19/11/2021
SEL-14477;Toko Seller Sukses 14476;Cimahi;09/04/2023
SEL-14478;Toko Seller Sukses 14477;Sidoarjo;20/12/2022
SEL-14479;Toko Seller Sukses 14478;Jakarta Pusat;28/01/2023
SEL-14480;Toko Seller Sukses 14479;Jakarta Pusat;02/08/2022
SEL-14481;Toko Seller Sukses 14480;Cimahi;30/08/2022
SEL-14482;Toko Seller Sukses 14481;Surabaya;04/05/2021
SEL-14483;Toko Seller Sukses 14482;Medan;08/10/2021
SEL-14484;Toko Seller Sukses 14483;Yogyakarta;08/07/2021
SEL-14485;Toko Seller Sukses 14484;Jakarta Selatan;17/06/2023
SEL-14486;Toko Seller Sukses 14485;Surabaya;11/06/2021
SEL-14487;Toko Seller Sukses 14486;Makassar;18/02/2023
SEL-14488;Toko Seller Sukses 14487;Bandung;27/09/2021
SEL-14489;Toko Seller Sukses 14488;Yogyakarta;22/03/2022
SEL-14490;Toko Seller Sukses 14489;Bandung;03/09/2022
SEL-14491;Toko Seller Sukses 14490;Sidoarjo;20/06/2021
SEL-14492;Toko Seller Sukses 14491;Jakarta Pusat;03/07/2021
SEL-14493;Toko Seller Sukses 14492;Yogyakarta;29/01/2023
SEL-14494;Toko Seller Sukses 14493;Surabaya;15/09/2022
SEL-14495;Toko Seller Sukses 14494;Jakarta Pusat;08/11/2022
SEL-14496;Toko Seller Sukses 14495;Jakarta Pusat;05/07/2022
SEL-14497;Toko Seller Sukses 14496;Jakarta Pusat;23/07/2022
SEL-14498;Toko Seller Sukses 14497;Makassar;15/12/2021
SEL-14499;Toko Seller Sukses 14498;Surabaya;16/11/2021
SEL-14500;Toko Seller Sukses 14499;Jakarta Selatan;25/09/2022
SEL-14501;Toko Seller Sukses 14500;Medan;31/12/2022
SEL-14502;Toko Seller Sukses 14501;Medan;12/06/2021
SEL-14503;Toko Seller Sukses 14502;Medan;19/02/2023
SEL-14504;Toko Seller Sukses 14503;Yogyakarta;04/02/2022
SEL-14505;Toko Seller Sukses 14504;Yogyakarta;16/08/2021
SEL-14506;Toko Seller Sukses 14505;Yogyakarta;27/07/2022
SEL-14507;Toko Seller Sukses 14506;Makassar;28/09/2021
SEL-14508;Toko Seller Sukses 14507;Jakarta Selatan;19/04/2022
SEL-14509;Toko Seller Sukses 14508;Sidoarjo;02/04/2023
SEL-14510;Toko Seller Sukses 14509;Cimahi;26/08/2021
SEL-14511;Toko Seller Sukses 14510;Cimahi;12/09/2022
SEL-14512;Toko Seller Sukses 14511;Bandung;21/07/2022
SEL-14513;Toko Seller Sukses 14512;Surabaya;10/07/2021
SEL-14514;Toko Seller Sukses 14513;Jakarta Pusat;21/11/2021
SEL-14515;Toko Seller Sukses 14514;Jakarta Pusat;10/07/2022
SEL-14516;Toko Seller Sukses 14515;Makassar;04/01/2022
SEL-14517;Toko Seller Sukses 14516;Makassar;14/02/2022
SEL-14518;Toko Seller Sukses 14517;Bandung;10/02/2022
SEL-14519;Toko Seller Sukses 14518;Medan;19/06/2023
SEL-14520;Toko Seller Sukses 14519;Surabaya;29/07/2021
SEL-14521;Toko Seller Sukses 14520;Jakarta Pusat;17/12/2021
SEL-14522;Toko Seller Sukses 14521;Jakarta Pusat;23/06/2022
SEL-14523;Toko Seller Sukses 14522;Bandung;05/05/2022
SEL-14524;Toko Seller Sukses 14523;Medan;11/03/2023
SEL-14525;Toko Seller Sukses 14524;Medan;27/02/2023
SEL-14526;Toko Seller Sukses 14525;Surabaya;08/05/2022
SEL-14527;Toko Seller Sukses 14526;Yogyakarta;05/08/2022
SEL-14528;Toko Seller Sukses 14527;Cimahi;15/04/2022
SEL-14529;Toko Seller Sukses 14528;Cimahi;12/07/2021
SEL-14530;Toko Seller Sukses 14529;Bandung;11/03/2023
SEL-14531;Toko Seller Sukses 14530;Bandung;17/05/2021
SEL-14532;Toko Seller Sukses 14531;Jakarta Pusat;22/03/2023
SEL-14533;Toko Seller Sukses 14532;Makassar;03/05/2021
SEL-14534;Toko Seller Sukses 14533;Jakarta Selatan;26/04/2022
SEL-14535;Toko Seller Sukses 14534;Yogyakarta;27/03/2022
SEL-14536;Toko Seller Sukses 14535;Makassar;10/06/2023
SEL-14537;Toko Seller Sukses 14536;Medan;06/12/2022
SEL-14538;Toko Seller Sukses 14537;Bandung;23/04/2022
SEL-14539;Toko Seller Sukses 14538;Sidoarjo;06/07/2022
SEL-14540;Toko Seller Sukses 14539;Yogyakarta;05/04/2022
SEL-14541;Toko Seller Sukses 14540;Yogyakarta;25/11/2021
SEL-14542;Toko Seller Sukses 14541;Surabaya;28/03/2023
SEL-14543;Toko Seller Sukses 14542;Cimahi;23/05/2023
SEL-14544;Toko Seller Sukses 14543;Cimahi;18/06/2021
SEL-14545;Toko Seller Sukses 14544;Jakarta Pusat;11/05/2023
SEL-14546;Toko Seller Sukses 14545;Bandung;09/07/2022
SEL-14547;Toko Seller Sukses 14546;Jakarta Pusat;22/10/2022
SEL-14548;Toko Seller Sukses 14547;Sidoarjo;28/08/2021
SEL-14549;Toko Seller Sukses 14548;Medan;15/09/2022
SEL-14550;Toko Seller Sukses 14549;Sidoarjo;08/07/2021
SEL-14551;Toko Seller Sukses 14550;Jakarta Pusat;25/09/2021
SEL-14552;Toko Seller Sukses 14551;Makassar;21/05/2023
SEL-14553;Toko Seller Sukses 14552;Jakarta Pusat;06/04/2023
SEL-14554;Toko Seller Sukses 14553;Sidoarjo;18/05/2023
SEL-14555;Toko Seller Sukses 14554;Makassar;07/07/2021
SEL-14556;Toko Seller Sukses 14555;Jakarta Pusat;16/05/2021
SEL-14557;Toko Seller Sukses 14556;Surabaya;06/02/2023
SEL-14558;Toko Seller Sukses 14557;Jakarta Selatan;07/07/2021
SEL-14559;Toko Seller Sukses 14558;Yogyakarta;28/12/2021
SEL-14560;Toko Seller Sukses 14559;Yogyakarta;31/01/2022
SEL-14561;Toko Seller Sukses 14560;Medan;28/05/2023
SEL-14562;Toko Seller Sukses 14561;Medan;19/08/2022
SEL-14563;Toko Seller Sukses 14562;Jakarta Selatan;23/08/2022
SEL-14564;Toko Seller Sukses 14563;Makassar;15/01/2022
SEL-14565;Toko Seller Sukses 14564;Jakarta Pusat;11/01/2022
SEL-14566;Toko Seller Sukses 14565;Yogyakarta;05/12/2021
SEL-14567;Toko Seller Sukses 14566;Cimahi;06/06/2021
SEL-14568;Toko Seller Sukses 14567;Jakarta Pusat;08/05/2021
SEL-14569;Toko Seller Sukses 14568;Yogyakarta;21/11/2021
SEL-14570;Toko Seller Sukses 14569;Jakarta Selatan;17/05/2021
SEL-14571;Toko Seller Sukses 14570;Bandung;09/09/2022
SEL-14572;Toko Seller Sukses 14571;Jakarta Selatan;12/05/2021
SEL-14573;Toko Seller Sukses 14572;Makassar;24/09/2021
SEL-14574;Toko Seller Sukses 14573;Bandung;08/05/2023
SEL-14575;Toko Seller Sukses 14574;Bandung;10/09/2022
SEL-14576;Toko Seller Sukses 14575;Surabaya;04/06/2022
SEL-14577;Toko Seller Sukses 14576;Cimahi;25/06/2023
SEL-14578;Toko Seller Sukses 14577;Sidoarjo;06/12/2022
SEL-14579;Toko Seller Sukses 14578;Medan;10/01/2023
SEL-14580;Toko Seller Sukses 14579;Cimahi;17/08/2021
SEL-14581;Toko Seller Sukses 14580;Jakarta Pusat;09/02/2022
SEL-14582;Toko Seller Sukses 14581;Surabaya;30/06/2022
SEL-14583;Toko Seller Sukses 14582;Makassar;28/05/2023
SEL-14584;Toko Seller Sukses 14583;Surabaya;16/03/2023
SEL-14585;Toko Seller Sukses 14584;Medan;13/03/2022
SEL-14586;Toko Seller Sukses 14585;Sidoarjo;08/07/2022
SEL-14587;Toko Seller Sukses 14586;Jakarta Pusat;18/11/2022
SEL-14588;Toko Seller Sukses 14587;Jakarta Selatan;25/06/2021
SEL-14589;Toko Seller Sukses 14588;Jakarta Pusat;10/09/2022
SEL-14590;Toko Seller Sukses 14589;Yogyakarta;16/06/2022
SEL-14591;Toko Seller Sukses 14590;Bandung;11/01/2023
SEL-14592;Toko Seller Sukses 14591;Sidoarjo;10/07/2021
SEL-14593;Toko Seller Sukses 14592;Bandung;21/08/2021
SEL-14594;Toko Seller Sukses 14593;Cimahi;25/05/2022
SEL-14595;Toko Seller Sukses 14594;Sidoarjo;07/09/2021
SEL-14596;Toko Seller Sukses 14595;Jakarta Selatan;11/02/2022
SEL-14597;Toko Seller Sukses 14596;Jakarta Selatan;21/10/2022
SEL-14598;Toko Seller Sukses 14597;Cimahi;10/12/2021
SEL-14599;Toko Seller Sukses 14598;Cimahi;23/05/2022
SEL-14600;Toko Seller Sukses 14599;Makassar;15/04/2023
SEL-14601;Toko Seller Sukses 14600;Yogyakarta;01/07/2021
SEL-14602;Toko Seller Sukses 14601;Yogyakarta;28/04/2022
SEL-14603;Toko Seller Sukses 14602;Bandung;11/10/2022
SEL-14604;Toko Seller Sukses 14603;Jakarta Selatan;24/09/2022
SEL-14605;Toko Seller Sukses 14604;Jakarta Pusat;29/12/2021
SEL-14606;Toko Seller Sukses 14605;Yogyakarta;04/12/2022
SEL-14607;Toko Seller Sukses 14606;Sidoarjo;02/03/2022
SEL-14608;Toko Seller Sukses 14607;Sidoarjo;13/05/2022
SEL-14609;Toko Seller Sukses 14608;Medan;07/07/2023
SEL-14610;Toko Seller Sukses 14609;Bandung;04/04/2022
SEL-14611;Toko Seller Sukses 14610;Jakarta Pusat;19/11/2022
SEL-14612;Toko Seller Sukses 14611;Medan;10/04/2023
SEL-14613;Toko Seller Sukses 14612;Surabaya;04/09/2022
SEL-14614;Toko Seller Sukses 14613;Surabaya;21/08/2022
SEL-14615;Toko Seller Sukses 14614;Sidoarjo;02/04/2022
SEL-14616;Toko Seller Sukses 14615;Bandung;12/03/2023
SEL-14617;Toko Seller Sukses 14616;Jakarta Selatan;07/05/2022
SEL-14618;Toko Seller Sukses 14617;Medan;14/02/2023
SEL-14619;Toko Seller Sukses 14618;Medan;17/07/2021
SEL-14620;Toko Seller Sukses 14619;Cimahi;02/11/2021
SEL-14621;Toko Seller Sukses 14620;Surabaya;07/08/2022
SEL-14622;Toko Seller Sukses 14621;Makassar;04/06/2023
SEL-14623;Toko Seller Sukses 14622;Surabaya;11/09/2022
SEL-14624;Toko Seller Sukses 14623;Surabaya;18/04/2023
SEL-14625;Toko Seller Sukses 14624;Cimahi;22/01/2022
SEL-14626;Toko Seller Sukses 14625;Medan;23/04/2022
SEL-14627;Toko Seller Sukses 14626;Surabaya;19/10/2021
SEL-14628;Toko Seller Sukses 14627;Surabaya;30/08/2022
SEL-14629;Toko Seller Sukses 14628;Yogyakarta;05/12/2021
SEL-14630;Toko Seller Sukses 14629;Surabaya;11/12/2021
SEL-14631;Toko Seller Sukses 14630;Medan;25/08/2022
SEL-14632;Toko Seller Sukses 14631;Jakarta Pusat;21/05/2023
SEL-14633;Toko Seller Sukses 14632;Makassar;11/03/2023
SEL-14634;Toko Seller Sukses 14633;Yogyakarta;24/06/2023
SEL-14635;Toko Seller Sukses 14634;Medan;01/07/2023
SEL-14636;Toko Seller Sukses 14635;Jakarta Selatan;16/05/2021
SEL-14637;Toko Seller Sukses 14636;Makassar;14/01/2022
SEL-14638;Toko Seller Sukses 14637;Sidoarjo;27/06/2021
SEL-14639;Toko Seller Sukses 14638;Surabaya;31/01/2022
SEL-14640;Toko Seller Sukses 14639;Makassar;18/05/2023
SEL-14641;Toko Seller Sukses 14640;Cimahi;01/01/2022
SEL-14642;Toko Seller Sukses 14641;Jakarta Pusat;05/05/2023
SEL-14643;Toko Seller Sukses 14642;Bandung;05/06/2023
SEL-14644;Toko Seller Sukses 14643;Surabaya;03/04/2022
SEL-14645;Toko Seller Sukses 14644;Surabaya;13/06/2022
SEL-14646;Toko Seller Sukses 14645;Bandung;30/05/2021
SEL-14647;Toko Seller Sukses 14646;Makassar;16/05/2021
SEL-14648;Toko Seller Sukses 14647;Bandung;23/06/2021
SEL-14649;Toko Seller Sukses 14648;Medan;11/08/2021
SEL-14650;Toko Seller Sukses 14649;Cimahi;15/12/2021
SEL-14651;Toko Seller Sukses 14650;Cimahi;24/02/2022
SEL-14652;Toko Seller Sukses 14651;Yogyakarta;08/05/2021
SEL-14653;Toko Seller Sukses 14652;Sidoarjo;27/10/2022
SEL-14654;Toko Seller Sukses 14653;Bandung;06/07/2022
SEL-14655;Toko Seller Sukses 14654;Makassar;06/03/2023
SEL-14656;Toko Seller Sukses 14655;Bandung;03/09/2022
SEL-14657;Toko Seller Sukses 14656;Yogyakarta;09/02/2023
SEL-14658;Toko Seller Sukses 14657;Yogyakarta;18/01/2023
SEL-14659;Toko Seller Sukses 14658;Surabaya;05/09/2022
SEL-14660;Toko Seller Sukses 14659;Bandung;03/01/2022
SEL-14661;Toko Seller Sukses 14660;Makassar;15/07/2021
SEL-14662;Toko Seller Sukses 14661;Jakarta Pusat;23/09/2021
SEL-14663;Toko Seller Sukses 14662;Jakarta Selatan;09/04/2023
SEL-14664;Toko Seller Sukses 14663;Jakarta Pusat;03/04/2023
SEL-14665;Toko Seller Sukses 14664;Jakarta Pusat;16/04/2023
SEL-14666;Toko Seller Sukses 14665;Jakarta Pusat;02/03/2022
SEL-14667;Toko Seller Sukses 14666;Jakarta Pusat;06/07/2022
SEL-14668;Toko Seller Sukses 14667;Cimahi;07/12/2022
SEL-14669;Toko Seller Sukses 14668;Makassar;08/01/2022
SEL-14670;Toko Seller Sukses 14669;Medan;10/06/2021
SEL-14671;Toko Seller Sukses 14670;Medan;24/12/2022
SEL-14672;Toko Seller Sukses 14671;Makassar;02/09/2022
SEL-14673;Toko Seller Sukses 14672;Medan;23/11/2021
SEL-14674;Toko Seller Sukses 14673;Makassar;17/06/2022
SEL-14675;Toko Seller Sukses 14674;Makassar;13/12/2021
SEL-14676;Toko Seller Sukses 14675;Medan;15/01/2022
SEL-14677;Toko Seller Sukses 14676;Medan;08/02/2022
SEL-14678;Toko Seller Sukses 14677;Sidoarjo;12/07/2021
SEL-14679;Toko Seller Sukses 14678;Jakarta Pusat;01/12/2022
SEL-14680;Toko Seller Sukses 14679;Jakarta Pusat;01/11/2022
SEL-14681;Toko Seller Sukses 14680;Bandung;13/03/2023
SEL-14682;Toko Seller Sukses 14681;Makassar;05/04/2023
SEL-14683;Toko Seller Sukses 14682;Medan;18/08/2021
SEL-14684;Toko Seller Sukses 14683;Jakarta Pusat;09/02/2023
SEL-14685;Toko Seller Sukses 14684;Jakarta Selatan;13/10/2022
SEL-14686;Toko Seller Sukses 14685;Jakarta Selatan;21/02/2023
SEL-14687;Toko Seller Sukses 14686;Cimahi;07/11/2022
SEL-14688;Toko Seller Sukses 14687;Surabaya;25/10/2022
SEL-14689;Toko Seller Sukses 14688;Makassar;21/06/2021
SEL-14690;Toko Seller Sukses 14689;Surabaya;16/09/2022
SEL-14691;Toko Seller Sukses 14690;Yogyakarta;18/03/2022
SEL-14692;Toko Seller Sukses 14691;Jakarta Selatan;30/12/2021
SEL-14693;Toko Seller Sukses 14692;Surabaya;10/06/2023
SEL-14694;Toko Seller Sukses 14693;Bandung;23/01/2023
SEL-14695;Toko Seller Sukses 14694;Surabaya;19/01/2023
SEL-14696;Toko Seller Sukses 14695;Surabaya;25/10/2022
SEL-14697;Toko Seller Sukses 14696;Bandung;20/07/2021
SEL-14698;Toko Seller Sukses 14697;Bandung;28/02/2023
SEL-14699;Toko Seller Sukses 14698;Jakarta Selatan;28/03/2022
SEL-14700;Toko Seller Sukses 14699;Surabaya;17/05/2022
SEL-14701;Toko Seller Sukses 14700;Surabaya;30/08/2021
SEL-14702;Toko Seller Sukses 14701;Medan;06/08/2022
SEL-14703;Toko Seller Sukses 14702;Medan;06/03/2023
SEL-14704;Toko Seller Sukses 14703;Surabaya;16/09/2021
SEL-14705;Toko Seller Sukses 14704;Cimahi;23/06/2021
SEL-14706;Toko Seller Sukses 14705;Cimahi;21/11/2022
SEL-14707;Toko Seller Sukses 14706;Yogyakarta;28/03/2023
SEL-14708;Toko Seller Sukses 14707;Jakarta Pusat;18/06/2022
SEL-14709;Toko Seller Sukses 14708;Jakarta Selatan;15/07/2022
SEL-14710;Toko Seller Sukses 14709;Sidoarjo;19/09/2022
SEL-14711;Toko Seller Sukses 14710;Sidoarjo;25/09/2021
SEL-14712;Toko Seller Sukses 14711;Bandung;13/10/2021
SEL-14713;Toko Seller Sukses 14712;Cimahi;20/08/2021
SEL-14714;Toko Seller Sukses 14713;Cimahi;21/06/2021
SEL-14715;Toko Seller Sukses 14714;Surabaya;14/01/2022
SEL-14716;Toko Seller Sukses 14715;Cimahi;06/08/2021
SEL-14717;Toko Seller Sukses 14716;Makassar;31/05/2022
SEL-14718;Toko Seller Sukses 14717;Sidoarjo;07/11/2021
SEL-14719;Toko Seller Sukses 14718;Makassar;10/02/2022
SEL-14720;Toko Seller Sukses 14719;Medan;09/05/2023
SEL-14721;Toko Seller Sukses 14720;Medan;16/12/2021
SEL-14722;Toko Seller Sukses 14721;Yogyakarta;31/01/2023
SEL-14723;Toko Seller Sukses 14722;Bandung;01/06/2022
SEL-14724;Toko Seller Sukses 14723;Cimahi;05/08/2021
SEL-14725;Toko Seller Sukses 14724;Cimahi;18/11/2022
SEL-14726;Toko Seller Sukses 14725;Jakarta Selatan;11/04/2022
SEL-14727;Toko Seller Sukses 14726;Sidoarjo;04/04/2022
SEL-14728;Toko Seller Sukses 14727;Medan;30/12/2021
SEL-14729;Toko Seller Sukses 14728;Cimahi;25/08/2021
SEL-14730;Toko Seller Sukses 14729;Medan;23/06/2023
SEL-14731;Toko Seller Sukses 14730;Yogyakarta;05/09/2022
SEL-14732;Toko Seller Sukses 14731;Makassar;03/11/2022
SEL-14733;Toko Seller Sukses 14732;Yogyakarta;06/05/2022
SEL-14734;Toko Seller Sukses 14733;Jakarta Pusat;16/02/2023
SEL-14735;Toko Seller Sukses 14734;Jakarta Pusat;02/07/2022
SEL-14736;Toko Seller Sukses 14735;Makassar;25/05/2022
SEL-14737;Toko Seller Sukses 14736;Sidoarjo;03/02/2022
SEL-14738;Toko Seller Sukses 14737;Cimahi;24/08/2022
SEL-14739;Toko Seller Sukses 14738;Medan;04/11/2021
SEL-14740;Toko Seller Sukses 14739;Makassar;11/11/2021
SEL-14741;Toko Seller Sukses 14740;Cimahi;29/09/2021
SEL-14742;Toko Seller Sukses 14741;Sidoarjo;01/03/2023
SEL-14743;Toko Seller Sukses 14742;Jakarta Selatan;06/07/2022
SEL-14744;Toko Seller Sukses 14743;Makassar;12/11/2021
SEL-14745;Toko Seller Sukses 14744;Yogyakarta;07/06/2022
SEL-14746;Toko Seller Sukses 14745;Yogyakarta;04/04/2023
SEL-14747;Toko Seller Sukses 14746;Makassar;12/01/2023
SEL-14748;Toko Seller Sukses 14747;Jakarta Selatan;22/03/2022
SEL-14749;Toko Seller Sukses 14748;Medan;20/02/2022
SEL-14750;Toko Seller Sukses 14749;Jakarta Pusat;14/12/2021
SEL-14751;Toko Seller Sukses 14750;Medan;19/01/2023
SEL-14752;Toko Seller Sukses 14751;Cimahi;08/09/2022
SEL-14753;Toko Seller Sukses 14752;Makassar;17/01/2022
SEL-14754;Toko Seller Sukses 14753;Sidoarjo;31/12/2021
SEL-14755;Toko Seller Sukses 14754;Bandung;10/02/2022
SEL-14756;Toko Seller Sukses 14755;Surabaya;22/07/2021
SEL-14757;Toko Seller Sukses 14756;Yogyakarta;26/02/2022
SEL-14758;Toko Seller Sukses 14757;Bandung;30/08/2021
SEL-14759;Toko Seller Sukses 14758;Yogyakarta;28/04/2022
SEL-14760;Toko Seller Sukses 14759;Makassar;18/02/2022
SEL-14761;Toko Seller Sukses 14760;Sidoarjo;03/09/2021
SEL-14762;Toko Seller Sukses 14761;Cimahi;02/08/2021
SEL-14763;Toko Seller Sukses 14762;Sidoarjo;20/08/2021
SEL-14764;Toko Seller Sukses 14763;Medan;01/12/2021
SEL-14765;Toko Seller Sukses 14764;Surabaya;04/07/2021
SEL-14766;Toko Seller Sukses 14765;Makassar;08/07/2023
SEL-14767;Toko Seller Sukses 14766;Cimahi;04/05/2021
SEL-14768;Toko Seller Sukses 14767;Jakarta Pusat;24/10/2021
SEL-14769;Toko Seller Sukses 14768;Cimahi;16/07/2021
SEL-14770;Toko Seller Sukses 14769;Medan;21/05/2023
SEL-14771;Toko Seller Sukses 14770;Medan;30/09/2022
SEL-14772;Toko Seller Sukses 14771;Surabaya;19/06/2021
SEL-14773;Toko Seller Sukses 14772;Jakarta Selatan;07/05/2021
SEL-14774;Toko Seller Sukses 14773;Jakarta Selatan;01/04/2023
SEL-14775;Toko Seller Sukses 14774;Jakarta Selatan;18/11/2022
SEL-14776;Toko Seller Sukses 14775;Surabaya;06/02/2023
SEL-14777;Toko Seller Sukses 14776;Jakarta Pusat;13/09/2021
SEL-14778;Toko Seller Sukses 14777;Medan;30/08/2021
SEL-14779;Toko Seller Sukses 14778;Cimahi;21/06/2021
SEL-14780;Toko Seller Sukses 14779;Surabaya;19/09/2022
SEL-14781;Toko Seller Sukses 14780;Medan;10/11/2021
SEL-14782;Toko Seller Sukses 14781;Sidoarjo;12/06/2022
SEL-14783;Toko Seller Sukses 14782;Bandung;01/03/2022
SEL-14784;Toko Seller Sukses 14783;Jakarta Pusat;07/10/2021
SEL-14785;Toko Seller Sukses 14784;Yogyakarta;07/05/2021
SEL-14786;Toko Seller Sukses 14785;Surabaya;22/06/2021
SEL-14787;Toko Seller Sukses 14786;Jakarta Selatan;03/01/2023
SEL-14788;Toko Seller Sukses 14787;Surabaya;29/06/2023
SEL-14789;Toko Seller Sukses 14788;Yogyakarta;16/08/2021
SEL-14790;Toko Seller Sukses 14789;Jakarta Selatan;11/06/2022
SEL-14791;Toko Seller Sukses 14790;Sidoarjo;17/10/2021
SEL-14792;Toko Seller Sukses 14791;Cimahi;12/03/2023
SEL-14793;Toko Seller Sukses 14792;Jakarta Pusat;03/06/2023
SEL-14794;Toko Seller Sukses 14793;Makassar;26/12/2022
SEL-14795;Toko Seller Sukses 14794;Sidoarjo;08/12/2022
SEL-14796;Toko Seller Sukses 14795;Makassar;22/01/2023
SEL-14797;Toko Seller Sukses 14796;Jakarta Selatan;20/11/2021
SEL-14798;Toko Seller Sukses 14797;Jakarta Pusat;19/11/2022
SEL-14799;Toko Seller Sukses 14798;Jakarta Selatan;13/07/2021
SEL-14800;Toko Seller Sukses 14799;Surabaya;24/10/2022
SEL-14801;Toko Seller Sukses 14800;Yogyakarta;20/02/2022
SEL-14802;Toko Seller Sukses 14801;Sidoarjo;30/01/2022
SEL-14803;Toko Seller Sukses 14802;Yogyakarta;01/06/2021
SEL-14804;Toko Seller Sukses 14803;Bandung;23/06/2023
SEL-14805;Toko Seller Sukses 14804;Yogyakarta;11/09/2021
SEL-14806;Toko Seller Sukses 14805;Medan;22/07/2022
SEL-14807;Toko Seller Sukses 14806;Cimahi;29/01/2022
SEL-14808;Toko Seller Sukses 14807;Makassar;18/06/2022
SEL-14809;Toko Seller Sukses 14808;Jakarta Pusat;14/10/2021
SEL-14810;Toko Seller Sukses 14809;Surabaya;06/07/2023
SEL-14811;Toko Seller Sukses 14810;Sidoarjo;22/05/2022
SEL-14812;Toko Seller Sukses 14811;Sidoarjo;11/07/2022
SEL-14813;Toko Seller Sukses 14812;Jakarta Selatan;01/04/2023
SEL-14814;Toko Seller Sukses 14813;Cimahi;09/05/2022
SEL-14815;Toko Seller Sukses 14814;Jakarta Pusat;02/08/2022
SEL-14816;Toko Seller Sukses 14815;Medan;14/01/2022
SEL-14817;Toko Seller Sukses 14816;Cimahi;10/03/2022
SEL-14818;Toko Seller Sukses 14817;Jakarta Selatan;04/12/2022
SEL-14819;Toko Seller Sukses 14818;Makassar;01/04/2022
SEL-14820;Toko Seller Sukses 14819;Sidoarjo;23/08/2022
SEL-14821;Toko Seller Sukses 14820;Surabaya;02/08/2022
SEL-14822;Toko Seller Sukses 14821;Jakarta Pusat;27/05/2022
SEL-14823;Toko Seller Sukses 14822;Cimahi;28/02/2023
SEL-14824;Toko Seller Sukses 14823;Surabaya;08/06/2023
SEL-14825;Toko Seller Sukses 14824;Makassar;21/06/2021
SEL-14826;Toko Seller Sukses 14825;Jakarta Selatan;27/11/2022
SEL-14827;Toko Seller Sukses 14826;Medan;12/04/2023
SEL-14828;Toko Seller Sukses 14827;Yogyakarta;04/04/2023
SEL-14829;Toko Seller Sukses 14828;Sidoarjo;20/04/2022
SEL-14830;Toko Seller Sukses 14829;Medan;04/06/2022
SEL-14831;Toko Seller Sukses 14830;Makassar;21/12/2022
SEL-14832;Toko Seller Sukses 14831;Sidoarjo;22/03/2022
SEL-14833;Toko Seller Sukses 14832;Makassar;22/03/2022
SEL-14834;Toko Seller Sukses 14833;Sidoarjo;07/09/2022
SEL-14835;Toko Seller Sukses 14834;Surabaya;25/11/2022
SEL-14836;Toko Seller Sukses 14835;Cimahi;26/02/2022
SEL-14837;Toko Seller Sukses 14836;Cimahi;21/05/2022
SEL-14838;Toko Seller Sukses 14837;Medan;21/04/2022
SEL-14839;Toko Seller Sukses 14838;Jakarta Selatan;20/09/2021
SEL-14840;Toko Seller Sukses 14839;Jakarta Pusat;12/07/2021
SEL-14841;Toko Seller Sukses 14840;Jakarta Selatan;18/09/2021
SEL-14842;Toko Seller Sukses 14841;Bandung;05/01/2022
SEL-14843;Toko Seller Sukses 14842;Cimahi;22/12/2022
SEL-14844;Toko Seller Sukses 14843;Medan;26/02/2023
SEL-14845;Toko Seller Sukses 14844;Makassar;08/04/2023
SEL-14846;Toko Seller Sukses 14845;Yogyakarta;14/12/2021
SEL-14847;Toko Seller Sukses 14846;Jakarta Selatan;08/09/2021
SEL-14848;Toko Seller Sukses 14847;Cimahi;17/06/2021
SEL-14849;Toko Seller Sukses 14848;Medan;28/06/2023
SEL-14850;Toko Seller Sukses 14849;Jakarta Pusat;02/03/2022
SEL-14851;Toko Seller Sukses 14850;Surabaya;24/11/2022
SEL-14852;Toko Seller Sukses 14851;Medan;20/11/2022
SEL-14853;Toko Seller Sukses 14852;Bandung;04/11/2022
SEL-14854;Toko Seller Sukses 14853;Makassar;16/07/2021
SEL-14855;Toko Seller Sukses 14854;Bandung;31/01/2023
SEL-14856;Toko Seller Sukses 14855;Makassar;24/09/2021
SEL-14857;Toko Seller Sukses 14856;Bandung;06/04/2022
SEL-14858;Toko Seller Sukses 14857;Jakarta Pusat;10/12/2022
SEL-14859;Toko Seller Sukses 14858;Jakarta Selatan;12/05/2021
SEL-14860;Toko Seller Sukses 14859;Surabaya;18/05/2022
SEL-14861;Toko Seller Sukses 14860;Surabaya;29/12/2022
SEL-14862;Toko Seller Sukses 14861;Bandung;06/02/2022
SEL-14863;Toko Seller Sukses 14862;Medan;25/01/2022
SEL-14864;Toko Seller Sukses 14863;Makassar;15/06/2021
SEL-14865;Toko Seller Sukses 14864;Jakarta Pusat;06/05/2023
SEL-14866;Toko Seller Sukses 14865;Cimahi;16/05/2023
SEL-14867;Toko Seller Sukses 14866;Jakarta Selatan;10/09/2021
SEL-14868;Toko Seller Sukses 14867;Surabaya;01/01/2022
SEL-14869;Toko Seller Sukses 14868;Bandung;02/09/2022
SEL-14870;Toko Seller Sukses 14869;Cimahi;30/07/2021
SEL-14871;Toko Seller Sukses 14870;Surabaya;13/04/2023
SEL-14872;Toko Seller Sukses 14871;Cimahi;15/06/2021
SEL-14873;Toko Seller Sukses 14872;Sidoarjo;17/11/2022
SEL-14874;Toko Seller Sukses 14873;Yogyakarta;23/02/2022
SEL-14875;Toko Seller Sukses 14874;Makassar;01/06/2022
SEL-14876;Toko Seller Sukses 14875;Makassar;14/12/2021
SEL-14877;Toko Seller Sukses 14876;Yogyakarta;04/03/2023
SEL-14878;Toko Seller Sukses 14877;Medan;11/11/2021
SEL-14879;Toko Seller Sukses 14878;Jakarta Pusat;29/07/2022
SEL-14880;Toko Seller Sukses 14879;Surabaya;30/06/2022
SEL-14881;Toko Seller Sukses 14880;Jakarta Pusat;23/05/2023
SEL-14882;Toko Seller Sukses 14881;Jakarta Selatan;30/11/2021
SEL-14883;Toko Seller Sukses 14882;Medan;05/04/2023
SEL-14884;Toko Seller Sukses 14883;Jakarta Selatan;22/06/2022
SEL-14885;Toko Seller Sukses 14884;Surabaya;20/06/2021
SEL-14886;Toko Seller Sukses 14885;Jakarta Pusat;16/10/2022
SEL-14887;Toko Seller Sukses 14886;Sidoarjo;21/09/2021
SEL-14888;Toko Seller Sukses 14887;Jakarta Pusat;13/04/2022
SEL-14889;Toko Seller Sukses 14888;Bandung;07/10/2021
SEL-14890;Toko Seller Sukses 14889;Makassar;13/05/2023
SEL-14891;Toko Seller Sukses 14890;Medan;12/03/2022
SEL-14892;Toko Seller Sukses 14891;Surabaya;16/05/2021
SEL-14893;Toko Seller Sukses 14892;Cimahi;16/02/2022
SEL-14894;Toko Seller Sukses 14893;Bandung;29/03/2022
SEL-14895;Toko Seller Sukses 14894;Sidoarjo;16/09/2022
SEL-14896;Toko Seller Sukses 14895;Medan;10/11/2021
SEL-14897;Toko Seller Sukses 14896;Surabaya;25/08/2021
SEL-14898;Toko Seller Sukses 14897;Jakarta Selatan;21/01/2022
SEL-14899;Toko Seller Sukses 14898;Makassar;05/11/2021
SEL-14900;Toko Seller Sukses 14899;Sidoarjo;23/08/2021
SEL-14901;Toko Seller Sukses 14900;Surabaya;20/04/2023
SEL-14902;Toko Seller Sukses 14901;Sidoarjo;12/05/2022
SEL-14903;Toko Seller Sukses 14902;Jakarta Selatan;12/03/2023
SEL-14904;Toko Seller Sukses 14903;Surabaya;14/09/2021
SEL-14905;Toko Seller Sukses 14904;Bandung;14/05/2023
SEL-14906;Toko Seller Sukses 14905;Surabaya;04/07/2022
SEL-14907;Toko Seller Sukses 14906;Yogyakarta;06/09/2022
SEL-14908;Toko Seller Sukses 14907;Medan;15/04/2023
SEL-14909;Toko Seller Sukses 14908;Jakarta Selatan;19/07/2022
SEL-14910;Toko Seller Sukses 14909;Cimahi;22/04/2023
SEL-14911;Toko Seller Sukses 14910;Jakarta Pusat;25/12/2021
SEL-14912;Toko Seller Sukses 14911;Surabaya;18/10/2022
SEL-14913;Toko Seller Sukses 14912;Sidoarjo;01/01/2022
SEL-14914;Toko Seller Sukses 14913;Surabaya;24/01/2023
SEL-14915;Toko Seller Sukses 14914;Surabaya;23/02/2023
SEL-14916;Toko Seller Sukses 14915;Bandung;30/03/2023
SEL-14917;Toko Seller Sukses 14916;Makassar;12/02/2022
SEL-14918;Toko Seller Sukses 14917;Makassar;28/03/2023
SEL-14919;Toko Seller Sukses 14918;Medan;17/01/2023
SEL-14920;Toko Seller Sukses 14919;Makassar;20/05/2021
SEL-14921;Toko Seller Sukses 14920;Medan;30/06/2022
SEL-14922;Toko Seller Sukses 14921;Jakarta Selatan;14/12/2021
SEL-14923;Toko Seller Sukses 14922;Jakarta Pusat;10/01/2022
SEL-14924;Toko Seller Sukses 14923;Sidoarjo;27/12/2022
SEL-14925;Toko Seller Sukses 14924;Bandung;17/05/2021
SEL-14926;Toko Seller Sukses 14925;Medan;11/06/2022
SEL-14927;Toko Seller Sukses 14926;Makassar;07/11/2022
SEL-14928;Toko Seller Sukses 14927;Sidoarjo;19/05/2023
SEL-14929;Toko Seller Sukses 14928;Jakarta Selatan;10/09/2022
SEL-14930;Toko Seller Sukses 14929;Sidoarjo;24/05/2023
SEL-14931;Toko Seller Sukses 14930;Bandung;04/07/2023
SEL-14932;Toko Seller Sukses 14931;Yogyakarta;02/11/2022
SEL-14933;Toko Seller Sukses 14932;Medan;02/07/2021
SEL-14934;Toko Seller Sukses 14933;Jakarta Pusat;18/04/2023
SEL-14935;Toko Seller Sukses 14934;Makassar;11/04/2022
SEL-14936;Toko Seller Sukses 14935;Cimahi;10/06/2021
SEL-14937;Toko Seller Sukses 14936;Jakarta Selatan;13/12/2022
SEL-14938;Toko Seller Sukses 14937;Jakarta Pusat;28/02/2023
SEL-14939;Toko Seller Sukses 14938;Surabaya;03/09/2021
SEL-14940;Toko Seller Sukses 14939;Jakarta Selatan;12/10/2022
SEL-14941;Toko Seller Sukses 14940;Medan;06/02/2023
SEL-14942;Toko Seller Sukses 14941;Surabaya;06/06/2023
SEL-14943;Toko Seller Sukses 14942;Cimahi;13/02/2023
SEL-14944;Toko Seller Sukses 14943;Makassar;14/12/2021
SEL-14945;Toko Seller Sukses 14944;Cimahi;21/07/2022
SEL-14946;Toko Seller Sukses 14945;Makassar;16/03/2022
SEL-14947;Toko Seller Sukses 14946;Medan;12/04/2023
SEL-14948;Toko Seller Sukses 14947;Surabaya;20/06/2021
SEL-14949;Toko Seller Sukses 14948;Makassar;11/12/2022
SEL-14950;Toko Seller Sukses 14949;Bandung;13/03/2022
SEL-14951;Toko Seller Sukses 14950;Cimahi;12/08/2021
SEL-14952;Toko Seller Sukses 14951;Cimahi;09/01/2023
SEL-14953;Toko Seller Sukses 14952;Cimahi;09/05/2021
SEL-14954;Toko Seller Sukses 14953;Jakarta Selatan;19/04/2022
SEL-14955;Toko Seller Sukses 14954;Medan;16/10/2022
SEL-14956;Toko Seller Sukses 14955;Jakarta Pusat;08/01/2022
SEL-14957;Toko Seller Sukses 14956;Bandung;26/07/2022
SEL-14958;Toko Seller Sukses 14957;Jakarta Selatan;10/10/2021
SEL-14959;Toko Seller Sukses 14958;Medan;20/04/2022
SEL-14960;Toko Seller Sukses 14959;Yogyakarta;10/04/2022
SEL-14961;Toko Seller Sukses 14960;Bandung;18/06/2021
SEL-14962;Toko Seller Sukses 14961;Cimahi;18/08/2021
SEL-14963;Toko Seller Sukses 14962;Bandung;02/02/2023
SEL-14964;Toko Seller Sukses 14963;Cimahi;03/08/2022
SEL-14965;Toko Seller Sukses 14964;Jakarta Selatan;24/06/2022
SEL-14966;Toko Seller Sukses 14965;Yogyakarta;08/06/2022
SEL-14967;Toko Seller Sukses 14966;Makassar;13/11/2022
SEL-14968;Toko Seller Sukses 14967;Bandung;20/11/2021
SEL-14969;Toko Seller Sukses 14968;Sidoarjo;29/12/2021
SEL-14970;Toko Seller Sukses 14969;Sidoarjo;14/02/2022
SEL-14971;Toko Seller Sukses 14970;Bandung;21/01/2023
SEL-14972;Toko Seller Sukses 14971;Cimahi;03/08/2022
SEL-14973;Toko Seller Sukses 14972;Medan;25/01/2022
SEL-14974;Toko Seller Sukses 14973;Bandung;30/04/2022
SEL-14975;Toko Seller Sukses 14974;Jakarta Pusat;10/05/2021
SEL-14976;Toko Seller Sukses 14975;Medan;24/12/2022
SEL-14977;Toko Seller Sukses 14976;Jakarta Pusat;18/06/2023
SEL-14978;Toko Seller Sukses 14977;Jakarta Selatan;24/10/2022
SEL-14979;Toko Seller Sukses 14978;Cimahi;21/05/2023
SEL-14980;Toko Seller Sukses 14979;Cimahi;05/10/2021
SEL-14981;Toko Seller Sukses 14980;Makassar;09/10/2021
SEL-14982;Toko Seller Sukses 14981;Sidoarjo;25/03/2022
SEL-14983;Toko Seller Sukses 14982;Bandung;08/05/2021
SEL-14984;Toko Seller Sukses 14983;Sidoarjo;17/09/2022
SEL-14985;Toko Seller Sukses 14984;Bandung;04/10/2022
SEL-14986;Toko Seller Sukses 14985;Surabaya;24/05/2021
SEL-14987;Toko Seller Sukses 14986;Yogyakarta;24/11/2021
SEL-14988;Toko Seller Sukses 14987;Surabaya;08/11/2022
SEL-14989;Toko Seller Sukses 14988;Jakarta Selatan;29/07/2021
SEL-14990;Toko Seller Sukses 14989;Cimahi;26/11/2021
SEL-14991;Toko Seller Sukses 14990;Cimahi;14/12/2022
SEL-14992;Toko Seller Sukses 14991;Makassar;03/04/2023
SEL-14993;Toko Seller Sukses 14992;Jakarta Pusat;27/05/2023
SEL-14994;Toko Seller Sukses 14993;Yogyakarta;20/05/2023
SEL-14995;Toko Seller Sukses 14994;Jakarta Selatan;11/09/2022
SEL-14996;Toko Seller Sukses 14995;Sidoarjo;03/02/2023
SEL-14997;Toko Seller Sukses 14996;Jakarta Selatan;18/11/2021
SEL-14998;Toko Seller Sukses 14997;Cimahi;07/06/2023
SEL-14999;Toko Seller Sukses 14998;Sidoarjo;26/08/2022
SEL-15000;Toko Seller Sukses 14999;Sidoarjo;11/05/2023
